time,h4_rsi,h4_macd_diff_pct,h4_ema9_ratio,h4_ema21_ratio,h4_ema50_ratio,h4_atr_norm,h4_bb_pct,h4_bb_width,h4_obv_zscore,h4_vol_ratio,h4_body_ratio,h4_adx,d1_rsi,d1_macd_diff_pct,d1_ema9_ratio,d1_ema21_ratio,d1_ema50_ratio,d1_atr_norm,d1_bb_pct,d1_bb_width,d1_obv_zscore,d1_vol_ratio,d1_body_ratio,d1_adx,close
2022-02-21 00:00:00+00:00,0.4852641784059554,-0.0036416578648384,0.0158194581732553,0.0420552713807269,0.0720300239147708,0.0177657339454873,0.0994700842926459,0.0950921584155205,-0.9121945086296548,0.8089104377998766,0.0354413813484206,0.3580629427984479,0.4968313463144373,-0.0093699071160181,0.0736472771583223,0.0755522751111152,0.0914478526530657,0.0535833774830776,0.1664297214728646,0.2419013418220189,0.0160095541556754,0.7642882890728695,-0.774802313065277,0.2190821751582026,38426.4
2022-02-21 04:00:00+00:00,0.4901204804483203,-0.001733646900864,0.0015307771126518,0.0252764657458772,0.0551396466791676,0.0183187801093857,0.2639625722540435,0.0870570849868279,-0.8982377160691933,1.662403208025511,0.4403460310634026,0.3557822818143972,0.4974470579009789,-0.0098304964366276,0.0568418453333738,0.0599179107067493,0.0760518755939547,0.0528323405188099,0.2225160140752449,0.2380822936187286,0.0248374354522275,0.9484552220967528,-0.4630684861078407,0.218774909168835,38957.64
2022-02-21 08:00:00+00:00,0.4930695642471046,0.0002186514194207,-0.0066180208024466,0.0142436804100722,0.0436398292672022,0.0182838609541302,0.3888290185314497,0.0839112882314196,-0.8178203610775409,0.6623456157675149,0.6451141914667282,0.3500985567136018,0.4978535326443769,-0.0101688008819707,0.0454029092212333,0.0494334506697367,0.0657972538344697,0.0522128504164638,0.2597125224699615,0.2351934572280327,0.0236499869749134,0.8616846653093015,0.3432388132005242,0.2184712795103262,39315.55
2022-02-21 12:00:00+00:00,0.4820262573571134,0.000687618895982,0.0359625280959834,0.0568696143346236,0.0879874460544993,0.0193231856712696,-0.0926562530023241,0.0876863819606623,-1.7439402663955663,1.3358143769213422,-0.8390291484395587,0.3481355664522036,0.4960580482008175,-0.0112121028272964,0.0899383310677552,0.0953901737518012,0.1129881297325743,0.054391804732404,0.0766446214782245,0.2454518806342631,-0.09374973310089,0.8936783523669346,-0.3443793362085111,0.2182038655369423,37629.57
2022-02-21 16:00:00+00:00,0.4924333682824662,0.0002470764010689,-0.0015367981238739,0.0192197214877014,0.0503698340065599,0.0207448482779054,0.3296118030093026,0.088222572729486,-1.716958717562551,2.6213056243602133,0.5792561779663807,0.3537831467392838,0.4974776864773125,-0.0115911101349398,0.0523981955892549,0.0591407978225022,0.0767964026464527,0.0527155147179545,0.2124163629416827,0.2383332079038655,-0.0989956751421057,1.1555134783710104,0.2273857834795151,0.2183713549708689,38870.91
2022-02-21 20:00:00+00:00,0.4889016817382234,0.0005035454249254,0.0162471004514515,0.0368726131220029,0.0691237604444774,0.0231292761117692,0.1325177362938836,0.0885127876194909,-2.212703323585848,1.8920792076387687,-0.4776319463836906,0.3529297980285197,0.4967222556458538,-0.0124055673839855,0.0713028052775595,0.079450937685128,0.0980147043578882,0.053859416826224,0.1301489053155843,0.2436466402869878,-0.1181209386671294,1.3211167410385405,-0.1283632238076527,0.2185634744471983,38098.65
2022-02-22 00:00:00+00:00,0.484652793641799,-0.0004061918999203,0.0386270422639725,0.0610162977564907,0.0954072604772924,0.0249765803045808,-0.0988716738748727,0.0960303993328566,-2.528406591635724,1.7685647568249387,-0.6212368346056574,0.355626516034994,0.4957350824553949,-0.0135429926190751,0.0977997425899961,0.1077823669329871,0.1275761914178168,0.055488500215955,0.0234260366389392,0.2517310476999922,-0.1530161988445842,1.478513012105107,-0.500684370027187,0.2188730718621875,37075.4
2022-02-22 04:00:00+00:00,0.4832979331177134,-0.0020433768223562,0.0441178063787794,0.0693121628136899,0.1061263495564663,0.0259115699107343,-0.1232801176901997,0.1080553616870825,-3.3031043946824954,2.0314939717943887,-0.4281843535973962,0.361109994636333,0.4952992209419176,-0.0147226057984413,0.1087456108085629,0.1207974062198364,0.1417390010228001,0.056468742705971,-0.0225570382087142,0.2574534247072606,-0.2204386034238308,1.5453398656206148,-0.7508037923159033,0.2193508095062127,36587.44
2022-02-22 08:00:00+00:00,0.485448524533871,-0.0030422858527325,0.0312107542907993,0.0582147409955344,0.0967138656646628,0.0258496199135887,0.0087743432788024,0.1173562785673325,-3.3254407367361263,1.7257677066902406,0.2462757313109401,0.3684936234353334,0.4955511342604361,-0.0156285835242777,0.0995123052064423,0.113443675956468,0.1351924008427498,0.0565156087217806,0.0029367624942023,0.2586332939464143,-0.2524536716412679,1.7215484129871372,-0.8395228612499489,0.2200211515064989,36769.15
2022-02-22 12:00:00+00:00,0.4902904846483998,-0.0021329266850197,0.0082884282272985,0.0340974778983502,0.0725895991855258,0.0253354188296231,0.2114885636074222,0.1164457837069296,-2.207837788867012,1.0465604992278743,0.639894975362369,0.3715065082101252,0.496350807192399,-0.015989669648973,0.0754647457319872,0.0906350174343306,0.112711094472909,0.055731383972003,0.0819813191647773,0.2553096307038184,-0.1486543472426126,1.7072232534862206,-0.0466065990352902,0.2206835603629101,37485.5
2022-02-22 16:00:00+00:00,0.4929496441839217,-0.0004232410336837,-0.0012153762243437,0.0222013020108713,0.0602594420266004,0.0250523996721486,0.3132607537005979,0.1114762038759246,-1.993999536969296,1.8441084882142804,0.320141749230026,0.3661467263317917,0.4967678600731544,-0.0162614285868443,0.0631917513809303,0.0793979219569627,0.1018880080648776,0.0555020256610033,0.1192994421038923,0.2536010018360642,-0.1092022061235333,1.645069709557495,-0.3687630029893558,0.2213381299600185,37829.65
2022-02-22 20:00:00+00:00,0.4952657930002642,0.0009321586778356,-0.0098155165832016,0.0114020470713211,0.0489185276788703,0.0248372917718411,0.4132974590408941,0.1070385851255512,-1.6446395012704529,1.6246065849049245,0.394718873756994,0.3567391597997552,0.4971494230939462,-0.0164764808241656,0.0518976610027004,0.0690558794869273,0.091947777228653,0.0551130863718821,0.1518160323193679,0.2510333150586078,-0.0808526124152778,1.6428132264522002,0.0237180185858293,0.221984953071321,38150.0
2022-02-23 00:00:00+00:00,0.4962001465986787,0.0024692848967959,-0.0114945429281803,0.0070810793506985,0.0438024162891366,0.0244344425587644,0.4620880556893205,0.1017919504498036,-1.3426221503042082,1.0454400273699862,0.1554037570139083,0.3452909996162702,0.4972983968717649,-0.0166249046704116,0.0468146658315768,0.0647978040170838,0.0881325304276996,0.0549324161074955,0.1610905377038165,0.249095700612028,-0.0399361722982349,1.5558358657172346,0.561036497314849,0.2226166252921921,38261.46
2022-02-23 04:00:00+00:00,0.4937605695884461,0.0035027153171331,0.002373064136391,0.0190833868512469,0.0555988217181218,0.0244577950222828,0.3489533156967386,0.0949985398628608,-1.5147718541598103,0.8423216334129805,-0.6087082553294341,0.3332300818630081,0.4968149483394682,-0.0170127610653067,0.05868816990238,0.0777559798657745,0.1019088255649929,0.0556599205184435,0.1051598131990612,0.2508007096926728,-0.0691044441688162,1.406594340458188,0.6003078842927855,0.2231363370774463,37761.07
2022-02-23 08:00:00+00:00,0.4964043858017586,0.0042931970696882,-0.0080628797146244,0.0064502023455548,0.0417528393078912,0.0236426093172338,0.4971249906358308,0.0845071933282504,-0.6282155956148353,0.5121003451327863,0.8595149661350169,0.3232146397386255,0.4972890011476666,-0.0169261436903143,0.044833181933606,0.0644421304297879,0.0887999249394559,0.0549698729026085,0.1477133304863488,0.2464000538000452,0.103791708876959,1.2377140318451276,0.8347451897923068,0.2236498983479423,38193.82
2022-02-23 12:00:00+00:00,0.5000403248959295,0.0061478946408293,-0.019906557858471,-0.0094585124404277,0.0234404310437201,0.0233868776018571,0.7413780750848663,0.0739676683907934,-0.5655778690802654,0.7361148759003431,0.6282346539175359,0.3038580239467597,0.4979772847506072,-0.0164330536326247,0.0264334563136212,0.0460108994244556,0.0702449938098339,0.0539683013910629,0.2110974056082949,0.2395146955400962,0.1266098454134595,1.215445809041167,0.728111119476021,0.2237034560271922,38838.56
2022-02-23 16:00:00+00:00,0.4981623012070653,0.0074024262965732,-0.0075201431146497,-0.0001466051948119,0.0312136725674436,0.0230979887895974,0.6406509219035919,0.0714051968085565,-0.3837645210547317,0.998872743175146,-0.3948466198324076,0.2841122856208833,0.4976624959470437,-0.0163168198770068,0.0341882166016846,0.054158801724802,0.0788530734214827,0.0543557451251491,0.1697841135925536,0.2384434832308151,0.1798857854872962,1.1070565875435836,0.3593185229026184,0.2234628211227926,38512.01
2022-02-23 20:00:00+00:00,0.4932433321209072,0.0068112349085509,0.0158694628598086,0.0229600980150765,0.0542825228747818,0.0238882695306966,0.3167980782384785,0.073502076047531,-1.6134928095267067,1.1715011985152055,-0.7170113195472188,0.2712601078812668,0.4967650019093803,-0.0166999051451414,0.0573345872532489,0.0783689143669994,0.1040724333577445,0.0555601506987182,0.0666077896851968,0.2419553914738822,0.0783984884937687,1.0518631945769947,-0.3125974791178077,0.2231872679565652,37612.02
2022-02-24 00:00:00+00:00,0.4915904851223356,0.0050543592096423,0.0227612033953312,0.0312807614218728,0.0630052839939188,0.0243725048637914,0.1952617982240531,0.0754706305843617,-1.5505957934026646,0.897528387917003,-0.5106592067506152,0.2663700437193655,0.4964135491492361,-0.0170853098604622,0.0661397916456345,0.0882985475616899,0.1148378238335381,0.0561107857113701,0.0210411470564117,0.2432490333097167,0.0838462430859288,1.0416273172324075,-0.4681009069019077,0.2230902418937801,37225.0
2022-02-24 04:00:00+00:00,0.4798765509998938,0.0019451902252529,0.0832868394183616,0.096465450690627,0.1317719876272971,0.0269665558793368,-0.4912356289111401,0.0906426173143033,-3.738036317395343,2.680029090035213,-0.8688859191750998,0.2688237606263627,0.4940820807753507,-0.0188305466706364,0.135245541312396,0.1603950826514768,0.1895829046161505,0.0602132594250458,-0.2353791917708085,0.2612755465003246,-0.0714010195121307,1.4615785989610877,-0.6342091176245673,0.2235277600428556,34858.4
2022-02-24 08:00:00+00:00,0.4841570653622185,-0.003390000091816,0.0547916638626007,0.0755806226716528,0.1140559089630612,0.0293015304993221,-0.1174444642866607,0.1177502891009741,-4.577657367291596,2.380689264026367,0.3349915824915834,0.2820301358410119,0.4946103455172547,-0.0198107672666977,0.1177376951518094,0.1449743485311239,0.175090182196125,0.0604710291432602,-0.1737359790842576,0.2644847096183563,-0.1469044398987247,1.9411018095279893,-0.5935840640988129,0.2249194238896481,35250.93
2022-02-24 12:00:00+00:00,0.4862495281447585,-0.0053761869734961,0.0407464748069275,0.0652379486487315,0.1058276467092016,0.0301088283144598,0.0009646043481497,0.1280519595588607,-3.681576124178749,1.1520860771535333,0.12073771430753,0.289224436827538,0.4948371367656831,-0.0206033356034939,0.1096794768884199,0.138755384377808,0.1698566299376744,0.061204907856458,-0.1457254266522363,0.2686518418706789,-0.1252522239043676,2.071991168681262,-0.6991977557342804,0.2263349087158968,35374.14
2022-02-24 16:00:00+00:00,0.4905031605510321,-0.0056510381498313,0.0162054409798459,0.0420101935515788,0.0834800260913071,0.0294658401248691,0.1828614378787711,0.1294149932459874,-3.3870239127216464,1.7669983746231963,0.5585054532747261,0.2935241061382792,0.4955374455622625,-0.0209451764912061,0.0874164085454753,0.1177074452842574,0.149297780964108,0.0610261228364035,-0.0701617166438184,0.2689140828782416,-0.1994008123674915,2.315719205784012,-0.566729104824576,0.2277336420260917,35972.91
2022-02-24 20:00:00+00:00,0.4981456808480625,-0.0037086007006565,-0.0243852443629465,-0.0010152460785048,0.0389862333618939,0.0286774607723069,0.5184402803202296,0.1231062046220341,-2.206810074245292,1.508533786961496,0.8448521290231134,0.2891548740379877,0.497039539264805,-0.0204240169516355,0.0428410167265782,0.0730870882371779,0.104224116776723,0.0592454886241807,0.0895657858166649,0.2633472228162718,-0.0202315204101223,2.483680675657228,-0.0583721136437097,0.2291158220655861,37410.65
2022-02-25 00:00:00+00:00,0.5024248806552598,0.0015733936186313,-0.0392926595761187,-0.0236943236404947,0.0125102889157755,0.0325321852559114,0.7233801911077324,0.1201969572043373,-2.483424545435273,1.4700988491913003,0.4091411470643256,0.2779408322538794,0.498030061756503,-0.019360964031095,0.0161732003760524,0.0455734279505239,0.0761650561811164,0.058739769327595,0.1906290260133132,0.2583891167905597,-0.0803166499324192,2.7008408099131627,0.2092515746572806,0.2289049367835731,38367.61
2022-02-25 04:00:00+00:00,0.5047478358388595,0.0054435649837943,-0.0440458825777979,-0.0349296564920075,-0.0021530214878999,0.031773701263116,0.8391144638000705,0.1191600614529092,-2.055556972682444,0.7311126044189479,0.6403889062301317,0.2686703557117516,0.4985920986060839,-0.0184422680805813,0.0013448144318162,0.0300776995995446,0.0603892875180633,0.0588598556767841,0.2502722611063072,0.2560916543977902,0.0460098790242909,2.3280324063183,0.7537180437198963,0.2286712590391983,38921.53
2022-02-25 08:00:00+00:00,0.5023632215552,0.0079160672664875,-0.0247879767841447,-0.0203957607544132,0.0100550058247459,0.0312986982488728,0.7206076982428962,0.1234772438839497,-2.014714709262864,0.4261826526795723,-0.7454236707224036,0.2608835136038624,0.4981447870544065,-0.0180225223659337,0.0134830359108153,0.0422996700118565,0.0731306603365211,0.0605284122826858,0.2062035762205815,0.2606064430317302,0.0027533776153194,1.8758050841922844,0.656500908097268,0.2284403467476308,38443.06
2022-02-25 12:00:00+00:00,0.5040960082617678,0.0088297272556496,-0.0298118507325351,-0.0285989807769126,-0.0007146265560689,0.0301921221041193,0.785200751816652,0.1239664407996871,-1.7451316149545848,0.5528872734819371,0.4593874221640143,0.2516548429040318,0.4985577367043436,-0.0172709343518723,0.0025816772220392,0.0309175528476848,0.061605321411934,0.0606686361302884,0.2500572827661191,0.2593754735345857,0.0805236985730701,1.7386401827187892,0.7457611488326804,0.2282121671811951,38842.93
2022-02-25 16:00:00+00:00,0.5065704206305922,0.0103441275821136,-0.0378435808979803,-0.0409727425036751,-0.0165573284627529,0.0299273560071633,0.8784283399161862,0.1266731824135273,-1.4131316443551545,1.5603138777915808,0.6566616977559339,0.2473046925705953,0.4991997287454952,-0.0161691306000839,-0.0134613326727947,0.0138337227753673,0.0440136802183532,0.0603029366069888,0.3162253830054674,0.2559247135880207,0.1575428712312547,1.7027828953256865,0.8851536017216717,0.2279866879995318,39484.56
2022-02-25 20:00:00+00:00,0.5024847647104166,0.0107619571938324,-0.0122423091532254,-0.0179534113543632,0.0044825475016989,0.0302899649204002,0.6918836515907647,0.1330118391143581,-2.140247649104232,0.9454809685895018,-0.7532771535580488,0.2434368649017777,0.4984289290777586,-0.0157812434675145,0.0075161058656412,0.034920294331004,0.0657751364438155,0.0619713464734534,0.2380923562194667,0.2622651154812248,0.009419870094465,1.5457380349662404,0.5353802860009195,0.2277638772450123,38664.58
2022-02-26 00:00:00+00:00,0.5047448250274208,0.0105477815115791,-0.0213630892941478,-0.0290480226158376,-0.0092934927187899,0.0293082899728758,0.7770781907794634,0.1349311015035533,-1.7990436942078083,0.62059201090283,0.5353624017437096,0.239626460960889,0.4989704448904768,-0.0148280792178965,-0.0064306674094615,0.0200856976970804,0.0505183731603,0.0609520253850085,0.2948628888442235,0.2594035196716656,0.0863923598963946,1.2953327698841983,0.4973051848713817,0.2275437033382092,39212.8
2022-02-26 04:00:00+00:00,0.5054754321683799,0.0107886430991799,-0.0212775310948629,-0.0315219292120391,-0.0146261780097896,0.0293223230727835,0.7922230569976368,0.1400915324427721,-1.524070464383632,0.5861389815920494,0.2001277446434307,0.2412869323624987,0.4992107350072087,-0.0138634066521248,-0.0119370421411793,0.0136795052353606,0.0438224745137503,0.0605189133888115,0.3205240339092851,0.2582985691729156,0.1589366976358336,1.2428481934689828,0.2331462395909027,0.2269357058179187,39454.06
2022-02-26 08:00:00+00:00,0.5041520511440161,0.0098878448476553,-0.0120957641065283,-0.0231397839944543,-0.0081415797262562,0.0287172267917328,0.7315066828996876,0.1443048622021614,-1.3421423920833766,0.2838504699098695,-0.4659147773201449,0.2417874637785866,0.49898469296812,-0.0132375085338537,-0.005559524164733,0.0196820627555629,0.0499888078000994,0.0608643388067484,0.2989874817003591,0.2605938472405927,0.2274160260742519,1.1935564548223938,0.3357705139094415,0.2262589330689159,39209.99
2022-02-26 12:00:00+00:00,0.5028739260196664,0.0084098978969618,-0.0050873021171102,-0.0158536959392854,-0.0022538112319706,0.0284830942803556,0.6799452522981927,0.1471178938926092,-1.288808878499876,0.3176200241778853,-0.2305280194214058,0.2385572271296456,0.4987795430578984,-0.0127172031032149,0.0002424691815987,0.0252386017725909,0.0557540026933005,0.0611190722323773,0.2795394359716145,0.2629636704028601,0.2229563611371613,1.1227415834826744,0.0853989454381334,0.2255901695683061,38982.09
2022-02-26 16:00:00+00:00,0.5038518195775059,0.0072762027291489,-0.0092089555165311,-0.0198972786618885,-0.0079072364770397,0.0274277334675883,0.7074064928931145,0.1485624960590787,-1.1755429281738683,0.2265669971048901,0.3933137011251591,0.235438089837965,0.4990124465862681,-0.0120149498112674,-0.0055323860065852,0.0188575363910672,0.0491881710960053,0.0605681944278852,0.3046229698965053,0.2621327187119779,0.2943070147059968,0.7735831405580303,-0.1554022016692464,0.2249293205308604,39213.14
2022-02-26 20:00:00+00:00,0.5041760944785526,0.0063053233439149,-0.0098903288193896,-0.020519373915126,-0.0100228497718339,0.0263679846523041,0.7182338428370606,0.1495397597761102,-1.1032305701868816,0.2981613479923743,0.1383809523809528,0.2326932766005085,0.4991135238111155,-0.0113569976967601,-0.0077607505513709,0.0160849824914399,0.0463175852260415,0.0602308317144873,0.316315363932055,0.2621430719587407,0.3105842005354434,0.5938108772284039,0.3736405886002592,0.2242762922930836,39308.33
2022-02-27 00:00:00+00:00,0.5030687717634494,0.0055229565760815,-0.0037751745993853,-0.0144565198810052,-0.0053520709896202,0.0259520006659943,0.6838832485043381,0.1516850783307584,-1.044341335212358,0.3851899539175661,-0.2196441483317837,0.2306035002120003,0.4989579653164054,-0.0107656485236867,-0.0031893918366294,0.0202366079834122,0.0505520694485273,0.0602933335424184,0.3022489344867,0.2638117016355253,0.3254307293477753,0.5208579986545981,-0.0436592018543037,0.2236309922999379,39138.21
2022-02-27 04:00:00+00:00,0.5003877011571265,0.0035964190809797,0.0074780052165548,-0.0013731854502256,0.007392090108985,0.0263982777970254,0.5944210459549959,0.1540720613049377,-0.8575150090089607,0.5619877114997419,-0.4702367677668692,0.2221280000987019,0.4984842944183167,-0.0105192136643568,0.0095242443403167,0.0330785399173372,0.0638890409241454,0.0608217870742077,0.2569226436737983,0.2681099815062474,0.353906224418052,0.5011216710021983,-0.5466066666666641,0.2231393489294216,38632.16
2022-02-27 08:00:00+00:00,0.5015167318277662,0.0022687394539552,0.0008943788709325,-0.0065453224895125,0.0016501887983704,0.0254023466702337,0.6203095086772193,0.1532800409407079,-0.7448877160041246,0.3347353750180584,0.5117628720113078,0.2127839349390418,0.4987009054050263,-0.0100583586699106,0.0037085664061331,0.0269173102642377,0.057635834756891,0.0602288017124435,0.2812335931132862,0.2671522068959198,0.3711991065769497,0.5073072312789284,-0.2429533333333335,0.222733418305758,38845.56
2022-02-27 12:00:00+00:00,0.5052744813761213,0.00202224689898,-0.0158244271621202,-0.0231543678855742,-0.0161081448839349,0.0242930648421864,0.7238814262074156,0.1465426819734378,-0.5975038251385034,0.4576269666098261,0.7838635509473193,0.2076958346652015,0.4994044447770798,-0.0093450763932066,-0.0141748390744583,0.0081954123848917,0.0383427235617568,0.0588978210384224,0.3525318897230539,0.2626525474775555,0.4076536516327116,0.5307760285265827,0.3817400000000004,0.2223322916568409,39554.69
2022-02-27 16:00:00+00:00,0.5038419914465537,0.0019161565605574,-0.0092039659613357,-0.0167569305113024,-0.0107544471210339,0.0247928760553353,0.6774603691403508,0.1255606942552401,-0.3488401493389445,0.7259294737952239,-0.1527208849785376,0.2052348513533049,0.4992217204658351,-0.0088254107181673,-0.00890627807649,0.0130872734611149,0.0433308621747143,0.058990738630803,0.3361784478757492,0.263906955352333,0.4557183074128746,0.6170701446290874,0.0792977305142282,0.2218176393538823,39354.03
2022-02-27 20:00:00+00:00,0.4941965586663565,0.0010953276384361,0.03618374073426,0.0293001679857498,0.0350490585799589,0.0261017215560646,0.2415321788319182,0.1073439266768529,-0.4961341953075093,0.8248483068321819,-0.9009006214391292,0.2002820960691618,0.4975395206815101,-0.0087971891738624,0.0369143247374474,0.0596160877955636,0.0912821812305846,0.0615282534876614,0.1716290754406808,0.2753775360471259,0.40742821304261,0.6974887240364146,-0.7232735504388851,0.2212938363666248,37611.73
2022-02-28 00:00:00+00:00,0.4952555546719733,-0.0019260040557995,0.0266910686628498,0.0242931589060375,0.0312799424354333,0.0276651474905028,0.145378724592442,0.0794430927556556,-0.5284508110319237,1.537657111888565,0.0686869158151771,0.1915759792849327,0.4976727614426181,-0.0088385758386517,0.0331710324508087,0.0562087385308645,0.088126294287586,0.0615150224071443,0.1856638836754131,0.2750251534274332,0.4076404565216428,0.8872392715918421,-0.5036260684733392,0.2213531658269495,37700.0
2022-02-28 04:00:00+00:00,0.4963724728218642,-0.0033487606632417,0.0178094760241498,0.0180932334077057,0.0258257322340298,0.0275883943965759,0.0318697771135461,0.0553458104958167,-0.4190113098793633,0.987344367628757,0.1667602113757437,0.1815355648718221,0.4978558895534163,-0.0087583372031177,0.0277180760632027,0.050897732870264,0.0829428212262319,0.0614212277642127,0.2061693585235644,0.2739031125697747,0.4267474781665056,0.9236658655393484,-0.2700554327995506,0.2214784248767984,37860.96
2022-02-28 08:00:00+00:00,0.4989085397119036,-0.0038469299334189,0.0031719041519593,0.0050483847488524,0.0131877245296421,0.0268175304663585,0.2602079682242159,0.0571122041587968,0.007886719113481,0.9512121443082588,0.4283227554103856,0.1707028739898259,0.4983052187834916,-0.0085590702499543,0.0150562393097739,0.0381248600117618,0.070029217216688,0.0608826559953052,0.252915969698178,0.2698309619146399,0.5521953375992336,0.9914451567019994,-0.1914094918601681,0.2216022015518837,38298.95
2022-02-28 12:00:00+00:00,0.499338735677487,-0.0033213354377975,0.000891019775786,0.0028249883128612,0.0108346967511145,0.0267235773705688,0.301070324332072,0.0577322117728689,0.1540823818661534,0.5433717417587183,0.1204274277520704,0.1617324161359413,0.4983923958686116,-0.0082871182332772,0.0126663114634346,0.0356163676484344,0.0675861310273731,0.0609312568862284,0.2637936080799506,0.268686251547477,0.5998864166682729,0.971308903432177,-0.4151541998312172,0.2217245133953289,38370.17
2022-02-28 16:00:00+00:00,0.5121170848716319,-0.0013612515756379,-0.0577472490906527,-0.0578150561487087,-0.0512619116164828,0.0255409056620728,1.3715935853393468,0.0578495630890418,0.7694396150761259,3.116182444415217,0.8218778641391028,0.1573983156951752,0.5008281792439873,-0.0073064334447621,-0.0496201784139653,-0.0284902078693788,0.0014783433882907,0.0573323954462196,0.5118757365847041,0.2516153231532348,0.7279397632543022,1.2971405776655938,0.3878190152672729,0.2216073838121494,40889.82
2022-02-28 20:00:00+00:00,0.5135270616233599,0.0033142493252105,-0.0559598835049081,-0.0628277261400178,-0.0598421620983138,0.0278918083501775,1.2828685906706423,0.0740900099512663,1.4553626756843074,2.0523890124959503,0.5971828131333671,0.1665093177904466,0.5012621428336034,-0.0060373155470269,-0.0584383794488188,-0.0390025235530879,-0.0098779778752048,0.0572688070554828,0.5594154577026282,0.2478814224236432,0.838383625753249,1.4895757234547435,0.8366670461318002,0.220185342621537,41359.93
2022-03-01 00:00:00+00:00,0.5206993968305571,0.0078101716397476,-0.0812404293890349,-0.0954609925109802,-0.0969362441696168,0.0278061524806968,1.4596832273992189,0.098696485335231,1.4634229394005007,2.1994844257999446,0.6194059352867474,0.1808755428141073,0.5029669004276781,-0.0043270492107144,-0.095865480967989,-0.0791438614144125,-0.0519809564604952,0.0556798052429976,0.7421759880728267,0.2360705760947583,0.8524512458158146,1.5868832477312482,0.8109773531847914,0.2183242259546332,43206.02
2022-03-01 04:00:00+00:00,0.5191597151528483,0.0117225396089575,-0.0642884927707588,-0.0861202901546324,-0.092518806973704,0.0291675563579727,1.1906909771431466,0.1291972103640478,1.6403810396508969,1.2478678175616016,-0.0307102805838681,0.2000528772151192,0.5029005831160315,-0.0026512605607832,-0.0917656818840649,-0.0772950229097956,-0.0510258597039008,0.0569108449014992,0.7403733478601229,0.2357659672792753,0.8842578934669615,1.6264998301315343,0.7862428714849057,0.2162979171391575,43178.58
2022-03-01 08:00:00+00:00,0.5198342228403774,0.0135487715072079,-0.0577799236439562,-0.084765425447697,-0.0954498108185353,0.0280137520186851,1.1035009054840808,0.1509087587111285,1.358255384244685,0.6201638872171675,0.621950058094127,0.2180434462144762,0.5031749802006801,-0.0010581883221885,-0.0950004057934152,-0.0828057676320165,-0.0576300867982794,0.0576202622890584,0.7721842587759472,0.2338211635302853,0.7682475193486766,1.58064280453955,0.8215370026472796,0.2142955886193547,43497.69
2022-03-01 12:00:00+00:00,0.5192263232838189,0.014047230251919,-0.0500386919291994,-0.0805363278613943,-0.0950335504877299,0.0272250386321528,1.0315477837190394,0.1691911501031091,1.4556930197297813,0.7623040445325511,0.1507418111753383,0.2348241766829915,0.5032794572132812,0.000435562908065,-0.0948680599776214,-0.0848224295114373,-0.0606383073642605,0.0584495649956971,0.7878337710882084,0.2328644458934742,0.8307191981747181,1.61802870724903,0.8351432296811416,0.2123169566010777,43654.16
2022-03-01 16:00:00+00:00,0.5171755030800811,0.0148057524610065,-0.0379467370153683,-0.0724994641994459,-0.0912664057384189,0.028160354214183,0.9427644198700708,0.191251399683524,1.284036953727443,2.824788892099405,0.019814987796429,0.2533006360607377,0.5032276288395386,0.0020872430959836,-0.0914161230244761,-0.0837660129131727,-0.0606502337202584,0.059375858939671,0.7897433250003096,0.2329418094752726,0.8765034460187575,1.6375644096989554,0.6512748186252658,0.2106994679793802,43677.62
2022-03-01 20:00:00+00:00,0.5165283075646968,0.0134298048025841,-0.033136618133258,-0.0685470372895766,-0.0902446489917299,0.0282261227043759,0.9036654058816912,0.2028595973164991,1.3692178413054632,1.4125454313778594,0.142768249083589,0.2697341807222498,0.5032948097516164,0.0034158027312704,-0.0906469800181288,-0.0850096061760879,-0.0628681975545097,0.0596077913047945,0.802822748758045,0.2317891129608847,0.8794592685118138,1.5535020032471896,0.6535543895044704,0.2091716688137305,43799.65
2022-03-02 00:00:00+00:00,0.5182731699921789,0.0121606600745467,-0.0388139038547117,-0.0747397003127345,-0.0990828786891221,0.0272968448124622,0.919496234784481,0.2121625133519614,1.757001327823886,0.943351310210608,0.5617365122838176,0.2854978961740142,0.5038179375926649,0.0047099454193314,-0.0997350361460791,-0.0962213205315393,-0.07534445508146,0.0588823106753855,0.8644379994717732,0.2280529991539636,1.013725912569663,1.355831505549113,0.5628662884019523,0.2076619503450804,44412.2
2022-03-02 04:00:00+00:00,0.5163367960889531,0.0108575796379117,-0.0292712441765138,-0.0657007413322268,-0.0927670294130348,0.0271083680388353,0.8617013181521418,0.223143252414348,1.446924336694556,1.0299925532199612,-0.1331547248620938,0.3019481649362918,0.503642212630464,0.0060089296887171,-0.0936662296245994,-0.0921555916258095,-0.0721897993396769,0.0589272273333133,0.8515593277369568,0.2287907696654722,0.9270195039844906,1.348248970024898,0.5190563290902949,0.2061700985979214,44283.56
2022-03-02 08:00:00+00:00,0.514094038727623,0.0092023581457847,-0.017571535986696,-0.053794437983222,-0.0832500074779304,0.0265764999359987,0.7971924520804724,0.2325671158679438,1.0262240811299033,0.5541449998459023,-0.330296767236532,0.31639812507534,0.503336248865275,0.0072330037064687,-0.0843811914671909,-0.0847763110657731,-0.0656350259982131,0.059188445343004,0.8224466660472358,0.2305714649304622,0.7494103056104168,1.3529901756882254,0.2319888760312067,0.2046959021290315,43994.87
2022-03-02 12:00:00+00:00,0.513699090718823,0.0072494457051343,-0.0160380600941444,-0.0510136895262722,-0.0821195560482022,0.0257966232381327,0.7778943305827435,0.2346079147148879,1.0134246292551785,0.4604420355104838,0.1777356528157504,0.3270302939245658,0.5033925746311447,0.0082704150026858,-0.0834493632256685,-0.0856126839033362,-0.0674318441489494,0.0588805228008939,0.8339320265474244,0.2295459598255599,0.7524331004913557,1.3180490899093986,0.2578179762577737,0.2032391519975077,44100.82
2022-03-02 16:00:00+00:00,0.5121385662825495,0.0053048163079366,-0.0123819272799319,-0.0457785480879961,-0.0782360788487487,0.025903814124446,0.748648679773826,0.2349787023289538,0.5853733412090242,1.7191358936252092,-0.0163940718422127,0.3349830115935466,0.5032903939637867,0.0092235748089237,-0.0797478269734571,-0.0835633237160869,-0.0662523396271584,0.0587095532364553,0.831596733801295,0.2292052592605993,0.672962756423325,1.190649372553031,0.1781022825825371,0.2018959739526047,44065.7
2022-03-02 20:00:00+00:00,0.5097167162203423,0.0033927170058509,-0.0020914329874316,-0.033801734778088,-0.0675240610781725,0.0270987910662629,0.6903112034770055,0.2363875410284212,0.3722936856237664,0.847784794404641,-0.3250307446632817,0.3429128046417739,0.5029165622949294,0.0101566736726209,-0.0692123485652801,-0.0746172327376655,-0.0580279233450096,0.0590720179422003,0.7981772544050132,0.2297705471681387,0.6344046737972826,1.1142481521893042,-0.0440437750984763,0.2008313151469716,43700.99
2022-03-03 00:00:00+00:00,0.5099658676858868,0.0016813786364989,-0.0042344694233508,-0.0338021311533358,-0.0681092271585526,0.0265890413563622,0.6850101859862108,0.2333432613920413,0.6864134014614793,0.4263921341198573,0.2285941516481327,0.3487085765166808,0.5030364730883538,0.0108817213461799,-0.0699376969762978,-0.0767728080582506,-0.0610812365507553,0.0587200159662213,0.8143310996367515,0.2289010500639213,0.744250119993786,1.0276971509286958,-0.2624634767714687,0.199779256016548,43862.75
2022-03-03 04:00:00+00:00,0.506939822878531,-7.113503403567752e-05,0.0078906392188866,-0.0195656185809993,-0.0545887084301844,0.0261071251686268,0.6149545839012521,0.2293884739429048,0.6411036216761747,0.5379900642764502,-0.5929875700591307,0.3541860656936906,0.5025366639007999,0.0116551849912685,-0.0565629106729035,-0.0647929341134304,-0.0497156336922361,0.0592737702365113,0.7628229715271594,0.2320824570578031,0.7298258473261934,0.9432992555860528,-0.4230261516478042,0.1987344857075637,43356.38
2022-03-03 08:00:00+00:00,0.5074056094363566,-0.0021107163764116,0.0027226359956902,-0.0213857777154222,-0.0559588443195401,0.0255318170454354,0.6124967001889469,0.2079779340788906,0.738639796503946,0.4480397658851722,0.2172408784185333,0.3531364779914523,0.502663387425566,0.0120584636983742,-0.0580115366421147,-0.0672599878130083,-0.0529338728207317,0.0589881156350254,0.7785863924589345,0.2313934841050685,0.7705029630547693,0.9279834846236308,-0.1911785978334252,0.1975375312909617,43519.08
2022-03-03 12:00:00+00:00,0.5063651126055315,-0.0036429745310096,0.0045658658607385,-0.0167424113494821,-0.0509884905996145,0.024930821003903,0.576101600924817,0.184313431270384,0.7984482217111124,0.4090442221972661,-0.2311662409461596,0.3503025194091674,0.5025133180658512,0.0124834627741697,-0.0531226703822126,-0.0633806620423917,-0.0496881927271488,0.0591483658835393,0.7654252065529626,0.2320575558466843,0.8093090279161684,0.9219259055678266,-0.2870471567713549,0.1962506886963622,43385.49
2022-03-03 16:00:00+00:00,0.5013987033785607,-0.0046541228654255,0.0248732217272682,0.0053902793000017,-0.0291945817869641,0.0252067552702041,0.4178076206358104,0.1571076367042413,0.6936345876217009,1.2475894124106053,-0.5041426894557535,0.348008224680468,0.5016624372819734,0.0131289120452355,-0.0314488995090079,-0.0429217351513293,-0.0296497462319708,0.0603106935128663,0.6782147536174202,0.2367320181876414,0.8263964878862202,0.8258748729692879,-0.7167754077211564,0.1949427718212297,42505.03
2022-03-03 20:00:00+00:00,0.4996018544320777,-0.0071664792147399,0.0276750113997263,0.0128616037301445,-0.0202090850244482,0.0263265699557358,0.2872638533056788,0.1222006260669471,-0.1600168439729302,1.779150556326777,-0.4839759779985381,0.3356141920074234,0.5013232238559983,0.0132004361019063,-0.0224749773555806,-0.0344544464875987,-0.0215309832277112,0.0607301415568569,0.6450098711121144,0.2380727343623293,0.7240241336805565,1.027910251865109,-0.6558652610800557,0.1931535026410927,42160.1
2022-03-04 00:00:00+00:00,0.5009641667628855,-0.0087015062767272,0.0161819726436027,0.0054558204042982,-0.0255970452193203,0.0256796304538058,0.2093722476636975,0.0801790699546065,-0.2378789429105018,0.9610344338275156,0.2996699306854463,0.3219965555208883,0.5015562070164296,0.0130244868691539,-0.0278314437431841,-0.0400615487013766,-0.0276415850163085,0.0603117693972454,0.6722833135688294,0.2364727515199953,0.7202455558697834,1.1503904124033024,-0.623430834190204,0.1912082757070728,42432.0
2022-03-04 04:00:00+00:00,0.4962345907833901,-0.0109923526521958,0.0329498576563977,0.027032483669563,-0.0021598179558746,0.026936938777136,-0.1296414448111474,0.0766242837173019,-0.7179684368794201,1.3094024327360212,-0.6474650298058203,0.304213685538294,0.5006344253887286,0.0129864159795713,-0.0043804405005991,-0.016869628176718,-0.0044255719222419,0.0618448451383175,0.5746329793376961,0.2418021539941459,0.5926193005853225,1.3070255511329083,-0.6167934247283193,0.1891341712659061,41444.7
2022-03-04 08:00:00+00:00,0.4964277272668499,-0.0123168724659691,0.0260115086904444,0.0244479736048031,-0.0020879504715074,0.0261551517160053,-0.0661293578566569,0.0834070186625944,-0.2422400927564324,0.7494149828320378,-0.0056901748040827,0.2858941926128546,0.5006269982449068,0.0125638454221656,-0.0042276071622594,-0.0165639231757377,-0.0043341623399982,0.0620019478863654,0.5751380589261534,0.2415098849521529,0.7280831436238336,1.3622664335063517,-0.6704904002971149,0.1870609794902263,41441.48
2022-03-04 12:00:00+00:00,0.4978682896662423,-0.0121832496582373,0.0156958230438539,0.0166282891776494,-0.0076750756457842,0.0257489313568393,0.0698165485192536,0.0909691251909712,-0.2648236474833671,0.6387374899182098,0.2297139271555241,0.2691676011907239,0.5008411354891092,0.0121708874418862,-0.0097423966847018,-0.0219835866607822,-0.0100925842492028,0.0618248999348794,0.6001409927975855,0.2398258896028393,0.7203105458765829,1.3987412735502984,-0.5250643745021397,0.1850851999571232,41684.88
2022-03-04 16:00:00+00:00,0.4935136108580881,-0.0127119344923979,0.0336087880045328,0.0374956630303588,0.0150729835079785,0.026150229746186,-0.0853576238965466,0.1034135688320776,-0.3024258830208322,1.3648171612155953,-0.7236897856047781,0.2534840458900264,0.4999706794409399,0.0119929710896326,0.0130446038982399,0.0007438893402254,0.0127248697148529,0.063369511841427,0.506976586276904,0.245048900556268,0.6840221010745691,1.4068405433047826,-0.7936366178632944,0.1831932336928349,40745.48
2022-03-04 20:00:00+00:00,0.488626885055563,-0.0138028720409883,0.0538955391426561,0.0617028947262532,0.0417592258490544,0.0269990700294689,-0.2102569480801612,0.1205908612263541,-0.8609633435004856,1.4904511308913435,-0.8229160253647724,0.2413586333123976,0.4989904638299045,0.0116341341172726,0.0398063697741501,0.0277232713665762,0.0399860149511324,0.0650267802635808,0.4010631570567398,0.2509834077179004,0.5730552791164929,1.324526328794167,-0.8117894805576411,0.1815785129545964,39673.2
2022-03-05 00:00:00+00:00,0.4873663516078678,-0.0163093128064861,0.0533597603671787,0.0676869671909548,0.0520932826266919,0.028633999721336,-0.1349253689180689,0.1452424044922019,-0.8665598247256735,1.4548613433887432,-0.3575686262366671,0.2400105134509684,0.4985837515489411,0.0106157897310121,0.0503408438343082,0.039362597046177,0.0520439291556673,0.0661590704294081,0.3565892995212694,0.2538533163704102,0.5817933891871878,1.403670630005725,-0.8172098301358212,0.1807355568865878,39205.77
2022-03-05 04:00:00+00:00,0.487589534843123,-0.0175207956502629,0.0445383163199861,0.0640464899183135,0.0528343743836057,0.0282861690479734,-0.0338646581135659,0.1673864440497069,-1.0239768531124005,0.5595897498082458,-0.1806566703630537,0.2407666089719171,0.498498516846733,0.0094559620179186,0.0513067985734585,0.0416343674166139,0.054681556498441,0.0665987752756436,0.3480643945135537,0.2545738168977118,0.5707428543284445,1.2348383779562655,-0.7053303765142944,0.1800691938573145,39093.39
2022-03-05 08:00:00+00:00,0.4879847022211453,-0.0173756968270115,0.0357668645030058,0.0586394335296884,0.0513136308970294,0.0271589907097291,0.0404303991047243,0.1818345104338248,-1.023404082118508,0.3770278187267067,-0.0547381989510121,0.2414073938583659,0.4984878011350442,0.0083485514460041,0.049999452190544,0.0415900210459634,0.0549638962895449,0.0668615361679828,0.3483406595174981,0.2546717579314155,0.5997974309878997,1.1500405482380431,-0.7125473756230484,0.1794107168828944,39068.76
2022-03-05 12:00:00+00:00,0.4888989979740929,-0.0161824229731248,0.0265964225784471,0.0511798490267347,0.0471616865610902,0.0259657596633235,0.1054639057812492,0.1896360161295137,-0.8589056664210782,0.245255121042011,0.1664845923940978,0.2414436396969388,0.4985726721140226,0.0073255484530487,0.0460430705019445,0.0388057772488028,0.0524389370185292,0.0669416378335249,0.3591040904944483,0.2539109141925234,0.7762252772084252,1.0673557205774176,-0.7764339908023733,0.1787600326360285,39149.0
2022-03-05 16:00:00+00:00,0.4896637947076459,-0.0145114862581366,0.0197767337450434,0.0450634047879825,0.0438879570221031,0.0250366762886176,0.1541212876452334,0.1935177767756206,-0.7094356768989637,0.3386817517044012,0.1144523186277616,0.2403346470170909,0.4986318679353649,0.0063885384374513,0.0429479853120871,0.0367982163934923,0.0506827055714482,0.0669374991980827,0.3670549715791089,0.2532196262540746,0.9136516713754758,0.8643034201950119,-0.6477475697961262,0.1781170488938982,39201.26
2022-03-05 20:00:00+00:00,0.4912765867303031,-0.0120924440803936,0.0109817465778676,0.0354385095848837,0.0363775804090091,0.0241738662514683,0.214307739442749,0.1920477456127237,-0.5729681285834314,0.5759178936004853,0.491613210818318,0.236747095305504,0.4988496105711431,0.0055889952665143,0.0355875447762377,0.0303495356781033,0.04435160890939,0.0664118770878664,0.3920894555987279,0.2514844202940169,0.9972386690061242,0.6669447235996646,-0.1859372338943127,0.1774816745250929,39427.48
2022-03-06 00:00:00+00:00,0.4914038267129623,-0.0098637171691106,0.0097645544583708,0.0331977515934913,0.0359219025796739,0.0231089263121131,0.2351645245303671,0.1889085822754529,-0.4407551532369427,0.6041185961654079,-0.109965966737302,0.2329129670098327,0.498822730395275,0.0048947495690377,0.0352630548706762,0.0308321388497658,0.0450284009905044,0.0660041499507057,0.3906307957112221,0.251355156237091,1.034012798905204,0.477590429309372,0.182763421642487,0.1768538194766944,39390.89
2022-03-06 04:00:00+00:00,0.4912365115721124,-0.007766437114121,0.010095299065667,0.0322460299701188,0.036462192988711,0.0222624571553596,0.2476586588104398,0.1830424810246624,-0.3876825861406318,0.3970032401224374,-0.1510857681836614,0.227782514262549,0.498761800832492,0.0042654372758842,0.0359219189848762,0.032231505672589,0.046617911455022,0.0656471246870163,0.3854615792893614,0.2516087902878123,1.055350275809895,0.4335850164528718,0.2224661185532194,0.1761671387029388,39320.41
2022-03-06 08:00:00+00:00,0.4920083501257896,-0.0060210294736356,0.0074131054272914,0.0283644723343778,0.0339574615220568,0.0222189547394858,0.2748377788498929,0.1743397989521313,-0.5296647105981317,0.5317818498792373,0.0496044999121046,0.2269404121252356,0.4988147266011692,0.0036359863603497,0.0335349387456243,0.0306009968042746,0.0451490468142885,0.0650804171200598,0.392010245329532,0.25109957682257,1.0367155259511605,0.4464305294010552,0.3222729744426258,0.1754675952414849,39364.56
2022-03-06 12:00:00+00:00,0.4868380489557349,-0.006047773077608,0.0283149654850476,0.0506906178529167,0.0586334409172395,0.0231417394785075,0.1538575067993019,0.1718361301076453,-0.5288410779152102,0.8542911597391294,-0.760445384633008,0.2308835419423965,0.4978987600759101,0.0028593750073044,0.0583657857580874,0.0564775966365775,0.0717488326874737,0.0663657486532238,0.2945769196835463,0.2576060246366348,1.025841172620919,0.5350118691143969,-0.4727779539854094,0.1749608275925032,38372.37
2022-03-06 16:00:00+00:00,0.4903555951020658,-0.0052607704003033,0.0126457502872556,0.0347832918559471,0.0444435042159592,0.0230757546174251,0.2459898490454468,0.1621334376104117,-0.4413347124851236,0.5105067611656257,0.5861625914966504,0.2372862771925947,0.4983440129099918,0.002041296343888,0.0443280100708911,0.0434941916527424,0.0589143930301683,0.0653199597335076,0.3430975225734728,0.2543405105280806,1.0481725912133082,0.5559029887086387,-0.2307194964256923,0.1746499598189713,38822.37
2022-03-06 20:00:00+00:00,0.4899373860224259,-0.0039721806740677,0.0152481221685174,0.0364176694448081,0.0473330438377042,0.022998562908252,0.233274148778307,0.1498823375783535,-0.5303831856678111,0.4720755972394843,-0.1944050035790115,0.2387112154306513,0.4982035682528896,0.0014139197477829,0.0473367951123995,0.0473449153794094,0.0630880261742308,0.0653255253406909,0.3289578173929486,0.2549576600212467,1.036892231592986,0.5308443666050637,-0.4687278893307632,0.1743427710015138,38656.67
2022-03-07 00:00:00+00:00,0.489327498273978,-0.0030509926707333,0.0190494597794987,0.0395773062532944,0.051773795589084,0.0230278811877341,0.1953340728172832,0.1313099737074459,-0.5557256114594336,0.9737064286876848,-0.2006518745751469,0.2404443482431085,0.4980127957787494,0.0007755128738563,0.0518995852718018,0.0527904352214352,0.0689100669129534,0.0654344622410692,0.3089162954616009,0.25606368611717,1.039075387365794,0.5791772061657411,-0.584807377949104,0.1740392176016259,38432.11
2022-03-07 04:00:00+00:00,0.4871401611820771,-0.0034448683304612,0.0282117935649166,0.0500462055640493,0.0643730770180988,0.0239045316724615,0.1088396477130254,0.1257975719033324,-0.975157248201524,1.2584520488913695,-0.5532019907045632,0.2460021663157362,0.4975354847147912,-7.71280275885895e-05,0.0646658455725488,0.0667847163092354,0.0835753850824378,0.0661438265705199,0.2578242670949349,0.2589816778668272,0.9931519767988732,0.7005398392842799,-0.6828111478200185,0.1738518563098056,37894.11
2022-03-07 08:00:00+00:00,0.4880108610749791,-0.0034793005495911,0.0221366873915949,0.0446045258167695,0.060741192218648,0.0236516339200336,0.1340125287304196,0.1158149089999488,-0.6995057180944786,0.5548211185687517,0.0932694311314897,0.2532962601967043,0.4975967190914305,-0.0009232680378144,0.0611957035658927,0.0645337193318709,0.081766796135384,0.0659106356200728,0.2660844910886874,0.2575389344758204,1.0596759599522785,0.6945585921795105,-0.7840184752438333,0.173817305548875,37938.87
2022-03-07 12:00:00+00:00,0.491407789273296,-0.0028673165287361,0.0069332028811415,0.0288779460904717,0.0461908743469385,0.0229801749866152,0.2606116395055511,0.1074059073713493,-0.6571426218041541,0.5454468678186228,0.6015538142120448,0.2592585921667565,0.4980448736894567,-0.0016407758119523,0.0467792294633722,0.0511600428047864,0.0686093071880944,0.0649227556946627,0.3157100989200969,0.2525864529447702,1.086841027173298,0.6330308040691686,0.0096187546244017,0.1737831636779696,38388.01
2022-03-07 16:00:00+00:00,0.4961676625191471,-0.0008082446501495,-0.0103004972229503,0.0086739954680472,0.0258365400600402,0.0228618128589701,0.4595862743898939,0.0952878882721545,-0.5899824057681651,1.6003102512595435,0.7829297593986584,0.2550354658065745,0.4987394429335478,-0.0020057057690005,0.0264877369143647,0.031417155271634,0.0487817320332562,0.0635301758194312,0.3926285141206414,0.2452827843519971,1.1218651037387846,0.7563855439786502,0.154500898455103,0.173749425858092,39100.06
2022-03-07 20:00:00+00:00,0.4865344198193305,-0.0003175613816386,0.0350294793788628,0.054073041514234,0.0727890119189962,0.0249283226685694,-0.0613483495158538,0.0842090664907991,-2.112779346860823,2.355788184322701,-0.753320489862428,0.2486946620180822,0.4970964045505219,-0.0026553671223287,0.073576474860004,0.0796112340472838,0.0981462472656216,0.0663986134036276,0.2099950859919481,0.2545890956357524,0.9142065791218708,0.9929332991964124,-0.5667535156879875,0.1736071841491751,37326.75
2022-03-08 00:00:00+00:00,0.4914982225358184,-0.0004814324431742,0.0129180044046592,0.0318844352436313,0.0514656904886061,0.0257259211545525,0.1483706951652648,0.0689137108761291,-1.6328264559535657,1.9476423384673305,0.5039159417690503,0.2493292614430367,0.4977774376292533,-0.0032875407000813,0.0523697498513577,0.0593683160509985,0.0780206951331634,0.065187997436639,0.2848433256658119,0.2477351200996632,0.9750734388900943,1.1134421352454842,-0.1784858228588121,0.1736577827682979,38004.69
2022-03-08 04:00:00+00:00,0.4957200862168729,0.000516668429637,-0.0049330422516379,0.012227083877373,0.0317934915754338,0.0252430100663365,0.4321885940213353,0.0554510414047734,-1.4983965818290437,1.3197684345780536,0.6007086522118407,0.2462537434085836,0.4984278382037121,-0.0036635660151709,0.0327642219241648,0.0403810444878354,0.0590276769113613,0.0640408277396238,0.3590601960189272,0.2408297045707708,1.0079735628630508,1.1073713940046297,0.3240781726312265,0.1737079425667334,38670.18
2022-03-08 08:00:00+00:00,0.4957348548389216,0.0012716019317104,-0.0035785762879488,0.0122551447060634,0.0320655348157701,0.0251110259502065,0.4198185119493876,0.0550811851795836,-1.5722846345932056,0.9371103264161844,-0.0741824644549769,0.2405550833428493,0.4983866329220329,-0.0040610507840495,0.0331123888713316,0.0414357376132685,0.0604190015428414,0.0641263114019704,0.3553452954512148,0.2385988803713238,0.9786647893750082,1.1456680365460807,0.2775378961874145,0.1737575087504203,38603.54
2022-03-08 12:00:00+00:00,0.4981361772170218,0.0027270393134324,-0.0116916991410167,0.0014078516430471,0.0205138383291179,0.0249167964227192,0.610383034506386,0.0544062399216177,-1.4482402731795485,0.9168693134939624,0.5595135732711011,0.2324815641283826,0.4987780407906069,-0.0041994739597296,0.0215830470218807,0.0302245314779308,0.0491990066771736,0.0634445548260014,0.4022223561903853,0.2329723392351454,1.0262492906589318,1.183377425655052,0.256228337578821,0.1738064883444763,39003.29
2022-03-08 16:00:00+00:00,0.4963347190038649,0.0035266965490333,-0.0005039689651586,0.0108920986995773,0.0298085612181691,0.0246311435693914,0.4306577426052217,0.054813355714502,-1.7765445536970368,1.7666380362070109,-0.4185590642272601,0.2247056464553357,0.49843959782158,-0.0044361239084984,0.0309248593336335,0.0400843379697597,0.0594536646462338,0.0640624419682067,0.3622029209530308,0.2325682307921016,0.8994469744146122,1.1995614740526883,-0.2044765523865213,0.1738548882908802,38612.35
2022-03-08 20:00:00+00:00,0.4974716925547537,0.0039904740342378,-0.0039074932876685,0.0059290785915016,0.0243890497628407,0.0248284392012487,0.5166481478358512,0.0544237569840809,-1.5639030179897342,2.447906617027466,0.1411882563945145,0.2198623898581239,0.498617190075732,-0.0045948241710238,0.0255340018463801,0.0350677608214715,0.0545553450217444,0.063698147323271,0.383933861684665,0.2287776442019274,0.9351155814286578,1.2238758842671398,0.6536841297290461,0.1738474022790111,38778.15
2022-03-09 00:00:00+00:00,0.4973800326819652,0.003983404887572,-0.0025960411032628,0.0063981704904152,0.0246883391799859,0.0246735812982915,0.5031661736220308,0.0538464057556796,-1.6796927960272323,0.7826519362563826,-0.0926099158091674,0.2147044984766981,0.4985822239023031,-0.004811417152978,0.0258751644845334,0.0358881876785115,0.05563241824315,0.0635457924992874,0.3812653645387084,0.2256872154108022,0.936456940025898,1.0655771116192672,0.4734084754542293,0.1737832327361992,38724.21
2022-03-09 04:00:00+00:00,0.5106883790814252,0.0051671438772917,-0.0606746667456815,-0.055164133921295,-0.0392354946914097,0.0232223316566979,1.6877476260228776,0.0524376030395776,-1.089605022886295,2.1120834191995974,0.9140768669856126,0.2062181096112344,0.5009597858831941,-0.0044090309883579,-0.0381438059167937,-0.0287379242353031,-0.0101848055036347,0.0593692654078899,0.6819313580392781,0.2084156105491781,1.133173188172934,1.1960587455347134,0.7564985161493131,0.1735181678475905,41289.18
2022-03-09 08:00:00+00:00,0.5123653668922724,0.0094594013468578,-0.0581080208254476,-0.0603993165774825,-0.048435520602452,0.0255497290607239,1.403573807429279,0.077969476992029,-0.6393413749157725,1.512594080234803,0.7251719690455664,0.2085922581627557,0.5013851677984349,-0.0035083825017299,-0.0475253827067586,-0.039289692726073,-0.0213904877452629,0.0590812298054458,0.7422779897366188,0.2036786629466276,1.2181805549422458,1.3166601699786222,0.8437376200111154,0.1717420040854038,41766.73
2022-03-09 12:00:00+00:00,0.5137463168596264,0.012555684295499,-0.0548933100390501,-0.06400514386689,-0.0560976217736324,0.0250495389361922,1.2562695865774145,0.1017964191926429,-0.3269696139011557,0.8972934576191205,0.5298859884119285,0.2136731514680217,0.5017675704393066,-0.0025133911874893,-0.0553872863682709,-0.0484858940755275,-0.0313099406299097,0.0589615446618474,0.7968742712817718,0.2001435590812826,1.3362991353354674,1.3466761094422142,0.7442366246194001,0.1697899782191554,42202.67
2022-03-09 16:00:00+00:00,0.5142994194434114,0.013975936597565,-0.051210262189858,-0.0651638062652534,-0.0608122960110681,0.0245518716499406,1.1702643820370953,0.1200465340474261,0.3762110938058084,1.635319698500095,0.3256398922286745,0.2173287786987889,0.5020261275448222,-0.0015916548988363,-0.060286479118057,-0.0546396352547053,-0.0381231144017139,0.0590689131433288,0.834476133164252,0.1982327823282689,1.545963267672769,1.4002978875025642,0.8761687116082869,0.1678970697159613,42510.2
2022-03-09 20:00:00+00:00,0.5121889670424451,0.0144149574952648,-0.036670419632699,-0.0541858029675561,-0.0529751236468236,0.0243445204880551,1.0199282338324611,0.1359882610132039,0.0596221253657471,1.2508237838662049,-0.3237657576214151,0.2195053653509776,0.5017698181054546,-0.0007334531570482,-0.052618399660734,-0.04812268613886,-0.0320484012302244,0.059923888442671,0.8025244725118196,0.1999287845899491,1.4542613660316075,1.2904099238462694,0.8224136667431086,0.1660572312047962,42252.38
2022-03-10 00:00:00+00:00,0.5101720383342918,0.0135893036886618,-0.0246839235502861,-0.043903094234069,-0.0451642921760623,0.023995520797382,0.9148416400687104,0.1469730394169231,-0.0894784001832708,0.8636947616553182,-0.3412199772229931,0.2182550249312964,0.5015088219536618,-1.3859199889187322e-05,-0.0449491715792916,-0.0414345611919648,-0.0257390027229312,0.0607498200322595,0.7687851704798964,0.2019373419485191,1.4116471291043513,1.3321042198285908,0.828662103676946,0.164239166211641,41985.86
2022-03-10 04:00:00+00:00,0.5036673198218192,0.0114177877524871,0.0040682054484226,-0.0147057999673952,-0.0173893527970423,0.0248407271885576,0.7046699072417444,0.1561501327898186,-0.196454072565412,0.9488249325415689,-0.763515057043421,0.2107310980624707,0.500448096334427,0.0004461575742053,-0.0172598997613487,-0.0143057984230163,0.0014864649829247,0.0626587203246343,0.6336228586740311,0.2079189946659367,1.349020785310283,1.2011589394759017,-0.2201255695405313,0.162442617058399,40847.07
2022-03-10 08:00:00+00:00,0.4953816694353539,0.0063544283492143,0.0381683658285811,0.0246350221925775,0.0229404632198613,0.027871753096621,0.4429602872484151,0.1620607894190286,-0.2387222712629838,1.344050446407982,-0.8365149365735315,0.2041923290195308,0.4989571161257984,0.0002528529938036,0.0231167986694447,0.0264826150251493,0.0430001736965601,0.0655140057925393,0.4422575104050124,0.2164447622903047,1.3126029161369217,1.221243038750598,-0.6936698180559473,0.1611636028855313,39212.33
2022-03-10 12:00:00+00:00,0.495049766512107,0.0019183635636253,0.0334395939322962,0.0254352147804157,0.0251654055094163,0.0274544147527724,0.4144357554265491,0.1594636632441636,-0.4078238568766583,0.7085611206247645,-0.2242404166436739,0.2005251460187252,0.4988574247066366,-7.161950675795353e-05,0.0254062702022306,0.0292420398789787,0.0459581564847828,0.066087860294718,0.4293701236767968,0.2169648359334306,1.2718368746492177,1.2103109599741892,-0.8190129126029548,0.1601053008966294,39090.31
2022-03-10 16:00:00+00:00,0.495796824546711,-0.0009397466228851,0.0258631444056101,0.0219345393544239,0.0228543356488002,0.0277174095851746,0.4117012641402683,0.1552872246676829,-0.0852627837243561,1.3419666415243434,0.0311852102848036,0.1934591987869705,0.4989277384198041,-0.0003541544813328,0.0231504581922179,0.0273907485462967,0.0442152598291203,0.0664044280193341,0.4368666275232131,0.2166336041357298,1.3365195061580029,1.1967804190309883,-0.8369446551359673,0.1591363343786612,39144.76
2022-03-10 20:00:00+00:00,0.497353183430405,-0.0027146918865143,0.0142042367322434,0.0133174015818628,0.0152646595827383,0.0276925785914223,0.4445587483826206,0.1505841879905047,-0.5568828855943292,0.8830048755158139,0.3871766196973129,0.1849729074896616,0.4991758203189549,-0.0006109621252887,0.0156098437936931,0.0202082280273627,0.0370490440685198,0.0663332672306461,0.4683935690525466,0.2152144460179085,1.2367940501007255,1.1553498044519992,-0.7516435084385668,0.1582327441493823,39404.43
2022-03-11 00:00:00+00:00,0.4977356173678005,-0.0032736232109957,0.0102832046295426,0.0109058203251937,0.0134086996741846,0.0268943317351503,0.4477048843020438,0.1491339938463985,-0.0534145215198625,0.5581740580004139,0.0685130962095391,0.1748676478684011,0.4992291382911879,-0.0007529661138659,0.0137814812314507,0.0186021061319634,0.035484134195032,0.0665402326743361,0.4749092084208539,0.2149248561283494,1.3677301874544363,1.1127271660850206,-0.7238984365829851,0.1573398474336978,39454.87
2022-03-11 04:00:00+00:00,0.4941211941943157,-0.0048351759758812,0.0248760669385395,0.0285245501845932,0.0324496620153471,0.0273732109997553,0.310666601622686,0.1501110624226098,-0.1307200022899013,0.8793299120786258,-0.6326403666721246,0.1689728909535112,0.4985398725892607,-0.0011441291699494,0.0329042427762469,0.0383878775056925,0.0558214016696152,0.0679744466308477,0.3851808199527426,0.219346852233199,1.301937236618545,1.1114588059364965,-0.8263130485395274,0.156534646550943,38681.92
2022-03-11 08:00:00+00:00,0.4966372077747889,-0.0053605193596934,0.0095841404398244,0.0151658818968971,0.0201939710444747,0.0267684660543042,0.3716548836188348,0.1438976332009945,0.510634424234745,0.4936855859068756,0.431927035565064,0.1650631182138859,0.4989393390365064,-0.0014682725006064,0.0207102861883794,0.0266594359806209,0.0441099386581824,0.0670864810635708,0.4362619320884893,0.2170640941273023,1.4491999892707974,0.9475434167878344,-0.0528921943152278,0.155835720545571,39102.78
2022-03-11 12:00:00+00:00,0.5010057964713801,-0.0047238528605488,-0.0121217240802156,-0.0062984023202589,-0.0008670174117421,0.0257805107659299,0.5064645418584359,0.1382053347568414,0.5985563345979021,0.5638142933799919,0.5631139315647429,0.1579848572700755,0.4996788909490682,-0.0016115483194287,-0.0003267113332658,0.0058038101657698,0.0230192026928515,0.0655845679320004,0.5307835448792171,0.2127679524666277,1.464557301371664,0.915293998002407,0.3905211849244216,0.155145065960692,39898.05
2022-03-11 16:00:00+00:00,0.496707762073996,-0.003731173592675,0.0098383131252068,0.0151142822863996,0.0206681855399497,0.0270252698851628,0.337219575691871,0.1375903933051952,0.534084657116154,0.9550190421286896,-0.6512524373781284,0.1497718799144223,0.4989108258955617,-0.0016840137820478,0.021227912066853,0.0276043370665171,0.045229582078696,0.0668471741225924,0.4303286034956767,0.2174449482061914,1.4327494035944897,0.83204980299684,-0.0510302711866072,0.154462584908409,39041.82
2022-03-11 20:00:00+00:00,0.4956308232117854,-0.0041350285127422,0.01328105112033,0.019982294726385,0.0265213111745143,0.0272893867631921,0.2898085251250525,0.1390032680617378,0.948311821072553,0.9365707297371756,-0.4737053318983651,0.1400030728430326,0.4986844550583501,-0.0019959473494918,0.0271447294261089,0.0340562017633958,0.0520039166733019,0.0671221169773823,0.4005596531664475,0.2190350724088985,1.480115855753261,0.8285821971344056,-0.3145586216126486,0.1537881806592766,38777.45
2022-03-12 00:00:00+00:00,0.4953107594493227,-0.0040289939178174,0.0136333332558791,0.0210660510824716,0.028348327903811,0.02670414600683,0.2694988497910668,0.1392492145856541,1.4446498608355287,0.671609600545946,-0.1188771621902467,0.1312488835834678,0.4986004502400231,-0.0022527401027534,0.0290237597778864,0.0363862469270823,0.0545661029088766,0.0671281531456781,0.3892324177156356,0.2197410335418921,1.516726947989952,0.8388907978883906,-0.3886727172689982,0.153121757628591,38670.76
2022-03-12 04:00:00+00:00,0.4975462777880624,-0.0031257326368557,0.0026142019115562,0.0095024186914078,0.016906026837351,0.0258859874032446,0.3405881633305783,0.136300495425939,1.7358165381067263,0.389697604146998,0.5978123318157449,0.123299431549531,0.4989816245119145,-0.0023410766142083,0.0175972142091651,0.0251225659933731,0.0432152633126818,0.0662430314470642,0.438312763623873,0.2174627438229224,1.5688061591967597,0.733401672856112,0.2065286076105448,0.1524632213628431,39080.94
2022-03-12 08:00:00+00:00,0.4976850878585304,-0.0023946386314347,0.0020077899367236,0.0084320691540966,0.0159769906752234,0.0247403211302727,0.3353952494503842,0.1341044107168044,2.0003843073768053,0.2509291504485402,0.0411680083254387,0.1163592482583976,0.4989984264753142,-0.0024369132286924,0.016687902453162,0.0244325101511766,0.0426181854905203,0.0660284328740001,0.439842879326993,0.2173873004467549,1.6676063876697171,0.6815897979205134,-0.0043051409959349,0.1518124785263314,39092.83
2022-03-12 12:00:00+00:00,0.4977338227533593,-0.001706137425229,0.0019711007073066,0.0078439612624077,0.0154427657153772,0.0235696456424896,0.3371629550620086,0.1338874375166135,1.90307142371866,0.1616332219749681,0.0044890911944759,0.1096856130119032,0.4990024974629867,-0.0025079113537046,0.0161687035740825,0.0241017239690242,0.042374624098022,0.0658381020795545,0.4388033537017601,0.2170932688487454,1.6740815717743094,0.6058053174703395,-0.4204704830696971,0.1511694368879326,39091.75
2022-03-12 16:00:00+00:00,0.4976954952622178,-0.0013354058785577,0.002091844290825,0.0077395369418857,0.0154887476557019,0.0226723698808768,0.3512773206322896,0.1296339540600231,1.8752866453789816,0.3435479405504338,-0.0436621366364154,0.1037833846804331,0.4989859416271877,-0.002603306604576,0.0162348369746514,0.0243959946458176,0.0427853617976821,0.0655189064778818,0.4348618405612692,0.2169402332141147,1.7002725246973318,0.4833054448570277,0.0273879104821945,0.1505340053080304,39065.63
2022-03-12 20:00:00+00:00,0.4976761981250239,-0.0009208561015527,0.0022296058891624,0.0075093417327252,0.0153147891285849,0.0223147164960308,0.3667042983227962,0.1190643525302683,1.9762653123763108,0.4391303892944954,-0.0294557057749436,0.0972519402148645,0.4989773272923664,-0.0026719342774486,0.016075811185042,0.0244288968770738,0.0429176499822849,0.0651127071327863,0.432244796553956,0.2167641334566072,1.7255682125622356,0.3734076257965072,0.2369234987191233,0.1498395551784299,39050.24
2022-03-13 00:00:00+00:00,0.4959485142192907,-0.000574018675452,0.009315604182756,0.0142695027159471,0.0221512022452066,0.0215768107203466,0.3161143006557526,0.1053004708334244,2.1169318333863814,0.3433720185292261,-0.5649258362191366,0.0908634691282885,0.4987161365122055,-0.0027478272419587,0.0229303451648936,0.0315198299092005,0.0502320152164947,0.0650872495339384,0.3980739278119829,0.2180795439312583,1.7583181796106702,0.2957278611377207,0.1203678691584272,0.1491297809102764,38767.98
2022-03-13 04:00:00+00:00,0.4988836687648135,-0.0002934042386844,-0.0024369607634765,0.0021643630787595,0.009982725534489,0.0207849234687216,0.4545050649442037,0.0834013526644703,2.0913184883802334,0.4276700096945624,0.8360563591396242,0.087272601753173,0.499143006261557,-0.0027728395585956,0.0107656829872775,0.019434221572181,0.0380255731757814,0.0638248421910314,0.4506060466166606,0.2155511107204583,1.762489462742031,0.2819688205779454,0.1696241972869329,0.1484284064460821,39213.3
2022-03-13 08:00:00+00:00,0.4981667248784203,7.482085241382193e-05,0.0006724876464583,0.0047715619840209,0.0124968065455284,0.0199931651336468,0.4449062900317327,0.0576932589613609,2.226053216236186,0.2417547974300558,-0.4612048192771236,0.0828107252320787,0.4990377301876368,-0.0027945670051439,0.0132864192607586,0.0220975545917663,0.0408109360130291,0.0634937285524718,0.4370729996324811,0.2161915281828974,1.81144575853434,0.2692152522091214,0.0103101923978156,0.1477353323785991,39098.46
2022-03-13 12:00:00+00:00,0.4960417747722699,2.9062877751600828e-05,0.0082948426337627,0.0124611692553282,0.0203475009621731,0.0192744450093645,0.2070297507420085,0.0292841306285004,2.0389059998049275,0.4618396347382291,-0.6143009885389462,0.0807226628087896,0.4987337625023083,-0.0028862689779719,0.0211590642514956,0.030240307004935,0.0492139406310256,0.0635086068315871,0.3984246488053336,0.2178633267313695,1.7794172495116134,0.2956161218513048,-0.364702365897958,0.1470527548166799,38774.51
2022-03-13 16:00:00+00:00,0.497229560839961,-0.0002481149977163,0.0032998454382524,0.007880252542332,0.0160398364685503,0.0190729799608337,0.3438083893250402,0.0267078736927245,1.9339798235186336,0.7749284870542341,0.1812919592425929,0.0843546784441121,0.4988748193293872,-0.0030016860684719,0.0168753838643496,0.0262061938161948,0.0452582273276638,0.0628637034266372,0.4135102364217592,0.2166920623072747,1.760541803249587,0.3269450579004088,-0.144901180662612,0.1465449325738667,38909.24
2022-03-13 20:00:00+00:00,0.4965349296717335,-7.702451316207293e-05,0.0057277404746576,0.0101017552353934,0.0182947485306947,0.0185303882328044,0.2483751848810803,0.0267612662333214,1.8193751622223848,0.4667489978953034,-0.3259031049897332,0.0871070403612393,0.4987759198250835,-0.003055854781415,0.0191437913796144,0.0286715005243867,0.0478753573865484,0.0625885905322541,0.3999803320214083,0.2170089442558395,1.7447410606290747,0.3118491274423041,-0.26787616618781,0.1460541323208077,38801.26
2022-03-14 00:00:00+00:00,0.4896834520167704,-0.0010001367042649,0.0297074622161497,0.0355652928913694,0.0446998913549732,0.0191615174203186,-0.5265191159368665,0.0320977930963498,1.4301695106485,1.743290909508222,-0.8112301411481765,0.095668034798407,0.4978030956326387,-0.0033783190437967,0.0456216994783158,0.0558588434466331,0.0758066800079901,0.0638859786661084,0.2774629922534448,0.2223680448041048,1.6896605221513927,0.4331903519095029,-0.5680786033741438,0.1457120176827802,37780.14
2022-03-14 04:00:00+00:00,0.4931662092214299,-0.0021432108082106,0.0141142736582142,0.0218873591434389,0.0320691722920287,0.0196471790137307,-0.0220737193214281,0.0390781730704024,1.2111364559394426,1.2279737394403911,0.5168499377809387,0.110317014107404,0.498216379417746,-0.0037109938778054,0.0330566511034076,0.0438299001554887,0.0638817905783648,0.0630014678567004,0.3241500566516167,0.2190664519712604,1.663326091009576,0.4956167207275521,-0.5837614277018325,0.1457217606837087,38187.17
2022-03-14 08:00:00+00:00,0.4997933045141889,-0.0014971035079044,-0.0093861114636661,-0.0022519073452946,0.0078196932725176,0.0196531231229735,0.6028398669167667,0.0373561457061986,1.3545544411671275,1.2726363051383187,0.8506825856939276,0.1154386681909701,0.4990956260773014,-0.0037231285288041,0.0088064211572491,0.0195999169173382,0.0393521564865906,0.0613361162878463,0.428003090444588,0.2125931508386239,1.6808978125807736,0.5858971022706443,-0.0163136380527663,0.145730979886327,39075.66
2022-03-14 12:00:00+00:00,0.4989702633962404,-0.0002693743090429,-0.004626097543669,0.0009465058513733,0.0105762484451867,0.019633853657136,0.5126360821044599,0.0364575726616436,1.290097590242883,0.9465250679916262,-0.2731761917303163,0.1154843241983881,0.498987744682599,-0.0036629410859112,0.0115545614984824,0.0224084584802775,0.0422755434061616,0.061315296239916,0.4113910824219688,0.2121390832869403,1.6670043756275608,0.6216333621357192,0.100660480848341,0.1456454252159708,38956.07
2022-03-14 16:00:00+00:00,0.4991139423996433,0.0003389619912644,-0.0040769502995452,0.0006184744477488,0.0099855524582912,0.0192966474930819,0.512314296338553,0.0359985000111168,1.210900766527652,1.747704043137626,0.0085791556964534,0.116738541287033,0.499004989442094,-0.0036397156850386,0.010962119395671,0.0219095681423726,0.04185854710479,0.0611139160684904,0.41048779645903,0.2114302822437224,1.6446468843578963,0.698264859013532,0.0295159520979958,0.1455284900175424,38960.82
2022-03-14 20:00:00+00:00,0.4984259005398416,0.0004641867849876,-0.0012404285057696,0.0031876834227413,0.0125229677261373,0.0191271690376436,0.4395270220605171,0.035587337981753,1.09381100040575,1.4725278298570206,-0.182255054432352,0.1190238692521687,0.498899043497718,-0.0036764033814384,0.0135106293324489,0.0246548535179909,0.0447809151343003,0.0611115502389367,0.3944997664284956,0.2114649032253474,1.6264146280766791,0.7915797273002149,0.0198258524545188,0.1454129386854875,38840.17
2022-03-15 00:00:00+00:00,0.5039978843934518,0.0012178567186717,-0.0200303009555165,-0.0169195518080823,-0.0082824702236808,0.0188448755589947,1.0723720587544332,0.032715427188837,0.7579762275212151,1.4258138444580386,0.6186270666635885,0.1188245946541575,0.4996961707819214,-0.0035002566779708,-0.0073318654647566,0.0035666967240379,0.0233205886260725,0.0597389902463579,0.4913785579211867,0.2066863736264753,1.5404913042444497,0.753854957054092,0.794866985792779,0.1451590037129903,39644.88
2022-03-15 04:00:00+00:00,0.4978365762489193,0.0016492990802117,0.0037785531820371,0.0060419371633653,0.0143784808657647,0.0200713813971981,0.37257726070555,0.0342230613505284,0.0719944570628334,1.956945301168457,-0.7826434782608703,0.1118297710223331,0.4988319554180656,-0.0034688615973519,0.0153320788059376,0.0264443707979047,0.0466816724210514,0.0610026147503048,0.3808066206583987,0.2109094079591362,1.4198441074493144,0.8178544364992681,0.3175867348087443,0.1445872645527174,38750.7
2022-03-15 08:00:00+00:00,0.495813263417256,0.0011798434268799,0.0109437959603728,0.0135945949592821,0.0220535273054609,0.0200661986962504,0.1429766975217594,0.0348109007275527,0.0963608680817944,0.8827703191899732,-0.3618979421742753,0.1054691257249238,0.4985343282602305,-0.0035307348836995,0.0230249762753744,0.0343964985492086,0.0549177169305075,0.0612531755912373,0.3413735477016734,0.2122431456929293,1.393234339374414,0.7785213017357241,-0.3635958202315695,0.1440572934855841,38436.47
2022-03-15 12:00:00+00:00,0.4976753056835155,0.0006549029684769,0.003183052820312,0.0063768834159614,0.0149781879225796,0.019900651625595,0.3455697955860217,0.0351161916962976,0.194017071967321,0.7534285348381564,0.4574002132845847,0.1042077664987588,0.4987814896455947,-0.0035817643945372,0.015961571645549,0.0274885173885792,0.0480283657733342,0.0606945746925453,0.3710788425806876,0.2110163970378519,1.417035738225831,0.7594538631295205,-0.1577744031523244,0.143671524065581,38676.55
2022-03-15 16:00:00+00:00,0.4998985914817537,0.0009691643300715,-0.0042415227761217,-0.0016778999485229,0.0065432371563263,0.0194568992589476,0.5828172179909408,0.0346109978940753,-0.0706705695568692,2.115231960239613,0.3829829605566097,0.0996069505208889,0.4990979360912401,-0.0034861168044018,0.0075090871591276,0.018971100869725,0.0394078241744104,0.0600365894054695,0.4090574435278835,0.2093222913482899,1.3294024335659982,0.795363116263116,0.0166648789933311,0.1432903200231169,38986.88
2022-03-15 20:00:00+00:00,0.5053082119164987,0.0019184014099654,-0.0218018233447238,-0.020942860540744,-0.0137389075292635,0.0190988774830206,1.1499122011994205,0.0351276739212633,0.307302386888783,1.8813066110569951,0.8943288091165562,0.0953967329461263,0.4998974769834582,-0.0031916967981283,-0.012833351326783,-0.0018057712661996,0.0181756556550634,0.0586524536565371,0.5065651442335652,0.204600348813981,1.3836484547653711,0.8443868408097093,0.537447992819198,0.1429136273293572,39792.07
2022-03-16 00:00:00+00:00,0.502076987091933,0.0027555303201678,-0.0081827625915893,-0.0089743911304295,-0.0026896445453314,0.0192279601091454,0.8053197324339826,0.0379280145488983,-0.3040540760733954,1.156897490637842,-0.6665273844344421,0.0961177614510865,0.4994775285313155,-0.0029458382159303,-0.0018261157848254,0.0090303874799462,0.0291462924998178,0.0591245586282561,0.4514024967106356,0.2058238502561803,1.2590746610138184,0.8355670895003434,-0.1639546742209617,0.1425413925948709,39361.36
2022-03-16 04:00:00+00:00,0.499866523610911,0.0037950513729847,0.0027205907389511,-0.0001760411722209,0.0048485259962878,0.0209718707969874,0.5809141738963652,0.0464496053255457,-1.1777445098114865,2.962505985487586,-0.0944390393594799,0.1020999392716842,0.499217064452469,-0.0025864782826073,0.0056465649852923,0.0161373314495589,0.0362406626690445,0.0596269715823446,0.4133313237687914,0.2050947164111236,1.153297845147053,0.9893716075997184,0.0956158395833269,0.1415546519531912,39087.32
2022-03-16 08:00:00+00:00,0.5030415090647051,0.0033125108650089,-0.009815399868726,-0.0127637942115695,-0.0083010506266284,0.0232481554431559,0.8555578837556195,0.0465895727705256,-0.5522778314511271,0.7720268906114874,0.7027606252595252,0.1130827897378914,0.499730181088281,-0.0023777775821297,-0.0075444098266113,0.0026460030107746,0.0224485638708185,0.0592111857971204,0.4728127679667596,0.1972536298628542,1.248343597206374,1.0095677472869484,0.3396202873234696,0.1398806124109193,39606.79
2022-03-16 12:00:00+00:00,0.5084211646184251,0.0046250344953019,-0.0283546569228833,-0.0340008599813226,-0.031396630092022,0.0233872999640143,1.212991647315015,0.0545845102614748,-0.3962253375040188,1.1690232651316703,0.8870595628169986,0.1295457521444725,0.5006847105311153,-0.0017900066764097,-0.0307597991583606,-0.0214970018762371,-0.0024446318503484,0.058046382185756,0.5959752647752874,0.188229399710553,1.2989449408481544,1.096329908184958,0.5916942187065488,0.1382263842433428,40594.08
2022-03-16 16:00:00+00:00,0.5078464788462551,0.00573583506936,-0.0231918181617936,-0.0314736939375678,-0.0307579104739235,0.0231457655518471,1.08415473405299,0.0645860166868224,-0.5795200851988472,1.4612593927407904,0.0276917300291029,0.1472794632962995,0.5006995601471251,-0.0011951085086627,-0.030235619246679,-0.021768817770166,-0.003055094228992,0.0582131576763114,0.5958218840899316,0.1840528661512661,1.265596620377522,1.1008465361574338,0.5694030345193142,0.1365917329932948,40619.73
2022-03-16 20:00:00+00:00,0.5080499353626178,0.0055151554468859,-0.024740346407171,-0.0338595530254492,-0.0343743948337351,0.0237146053528206,1.0840354114016324,0.0695141314330504,0.1501915520320101,2.4268338970776773,0.1124129640139377,0.159168669175588,0.5008694220239555,-0.0007530993139425,-0.033937631390998,-0.0260963167155093,-0.0077168093426557,0.0580887996955032,0.6185678031636561,0.1802494943109026,1.3437695267951264,1.2721620719220876,0.3546886496702891,0.1349764269782862,40809.18
2022-03-17 00:00:00+00:00,0.509023260830804,0.0064722828707734,-0.0254797628728412,-0.037183294376647,-0.0398004272944819,0.0249546862763633,1.0595859503158966,0.0800274574047423,1.0163853195058874,1.0527607262487828,0.4234527687296451,0.1693613957315579,0.501142523485963,-5.158463761182914e-05,-0.0395015540346663,-0.0326913026208148,-0.0148726216424798,0.0578070550319439,0.6565211009106713,0.1786425577618783,1.4480039772088202,1.323171082350851,0.6108478311660687,0.1333802372576674,41109.85
2022-03-17 04:00:00+00:00,0.5081751929245822,0.0066235222441205,-0.0192619279356208,-0.0325173325183015,-0.0368764476860774,0.0242505672973108,0.9630950281025892,0.0881802581608305,0.9168888308812632,0.8292319155921087,-0.1080382758067626,0.1795183078871562,0.5010731068491101,0.0005690201038134,-0.036697096110818,-0.0307664946988309,-0.0133233317806791,0.0580053630172513,0.6455899090319335,0.1787385177518785,1.442606344217762,1.122413846111004,0.766975639620812,0.1318029376001812,41048.97
2022-03-17 08:00:00+00:00,0.5059032402735282,0.0062283578436001,-0.0080469866784055,-0.0220955193899222,-0.0279215328696199,0.0239114296171267,0.8273461511730106,0.0921966764949996,0.8218412138450681,0.8696664042500452,-0.3487540201719626,0.1884953365789806,0.5007559482198259,0.0011320825192058,-0.0278486437517709,-0.0226946952366673,-0.0054992525168193,0.0584421953475237,0.5994444466605892,0.1799525931805279,1.406766921888231,1.1750529573907036,0.5184356149589473,0.1302443044518974,40729.25
2022-03-17 12:00:00+00:00,0.5056683194804851,0.0052098666960552,-0.0064822086563766,-0.0202336151648414,-0.0270261803005033,0.023267031879559,0.801826425310995,0.0895561953512017,0.7960267891716278,0.674206308811618,0.0260454061548283,0.1938099392385683,0.5007592176384692,0.0015756069152577,-0.0270386843033911,-0.0225639178759896,-0.005703744432766,0.0583655494517386,0.598426319735263,0.1794960528454204,1.396940305693958,1.1353188711212705,0.0674980269807499,0.1287041169045282,40739.43
2022-03-17 16:00:00+00:00,0.5057769919873971,0.0045673328932065,-0.0064785397778213,-0.0202717671137144,-0.0281219420573004,0.0227304658955947,0.7929627013594611,0.0905852463551651,0.1170515127926952,1.3415810799510082,0.1901037206204179,0.2005366387210425,0.5008441829478634,0.0020521232188108,-0.0282273029189711,-0.0245089685526705,-0.0080594103279404,0.0581616334499052,0.6100501333124431,0.1791007679032021,1.2880269621824345,1.1613612693442092,0.0989278774928112,0.1271821566641197,40839.32
2022-03-17 20:00:00+00:00,0.5056642030090062,0.0035745032546825,-0.0059663943771641,-0.0191331621050022,-0.0276833276653183,0.0220125277123408,0.7727376674327744,0.0917221316855277,-0.1436521465314461,1.0303919472711076,0.0820680788539171,0.2053488627439802,0.5008635191210852,0.0024365927032585,-0.0278630561597957,-0.0247736151196225,-0.0086610426907101,0.0579726578070041,0.6117422292124458,0.1788635101318547,1.2428438553165877,0.9745013769653,0.0605118661745011,0.1256782080201115,40866.13
2022-03-18 00:00:00+00:00,0.5060171664005138,0.0027896043889473,-0.0071028307174774,-0.0197269652353468,-0.0289190204029287,0.0211372658001804,0.7727967537145444,0.0914389693181355,-0.0115363726435309,0.7725459987902764,0.2003067484662517,0.2103761928532078,0.5009526256108119,0.0028064860450148,-0.0291710497170251,-0.0267138532012197,-0.0109729059351543,0.0574286064089448,0.6231684125098783,0.1783735673179503,1.262097077781856,0.9399488787723224,-0.1508082901554392,0.124192057814764,40964.07
2022-03-18 04:00:00+00:00,0.503124446205454,0.0015534841650968,0.0032368377931812,-0.0081301816671629,-0.0176107082592386,0.0210910848106472,0.6355426960097104,0.0893661894908945,-0.2421386760136973,0.7092372178994942,-0.6181895815542339,0.2111404345218573,0.5005203939031437,0.0030857500335643,-0.0179133486228105,-0.0158873437936776,-0.0002440559697132,0.0577034713753044,0.561917669578217,0.180311919916661,1.214373074021333,0.9266949411269154,-0.4271981836298006,0.1228680562962636,40524.99
2022-03-18 08:00:00+00:00,0.5030952898022569,0.0008225583508112,0.0028389176449277,-0.0076668300654147,-0.0174385665425894,0.0204819053377081,0.6235584031444054,0.087290957547334,-0.3657345406401519,0.6287862156954026,0.0573606706919688,0.2122103330730615,0.5005433632931379,0.0033564255181501,-0.0177939312698276,-0.0162696310165484,-0.0009298220937394,0.0572848043595815,0.5642362657527638,0.1801106278645632,1.1804671685063015,0.8896944770083013,-0.177143841935064,0.1216045371154282,40554.17
2022-03-18 12:00:00+00:00,0.5018778438811623,-0.0001280071524102,0.0061833827336326,-0.0030362576458763,-0.0128375840997215,0.0198921902617073,0.5595750609292756,0.0846922701959935,-0.3236718387806868,0.4560806543199135,-0.2531195679165579,0.2123626897574064,0.5003798810309843,0.0035548541357095,-0.0132302006958272,-0.0120844374324206,0.003068888844832,0.0571272266801982,0.540396810235918,0.1805940566991916,1.1831486081427507,0.8557351765395944,-0.3101671720288693,0.1203686815089651,40392.66
2022-03-18 16:00:00+00:00,0.5053891443568769,-0.0006790473662489,-0.0081644035748621,-0.0163167134201318,-0.026009531255586,0.0193174561110191,0.7173855800303227,0.0768732541882699,-0.1560856552521363,1.3108621188375615,0.7386297993607339,0.2094651097330267,0.5009398349653267,0.0036886151732737,-0.0264325054876506,-0.0256892695829451,-0.0110002455068224,0.0559538173515849,0.6176631879317832,0.1778947220974518,1.1941181241484575,0.8494246860261793,0.1328053105580456,0.1192322627484826,40967.76
2022-03-18 20:00:00+00:00,0.5124732417702077,0.0006144273039154,-0.0323726352087601,-0.0420257497736777,-0.0526323447289449,0.0194797048104516,1.1003600861083322,0.0692762975943875,1.3776484905313822,2.1414817630937053,0.9294976862616522,0.2150191904287512,0.5021207559650394,0.0040773480871332,-0.0531410402938267,-0.0532545151820996,-0.0394420073342797,0.0541320317942356,0.7819352555597417,0.1730260531167468,1.2896182838314916,1.0582595203082938,0.6263325468345773,0.1180522390756445,42188.07
2022-03-19 00:00:00+00:00,0.5094164777506662,0.0016697093217871,-0.0187690663436537,-0.0302120466723708,-0.0422339765260498,0.0198151726313621,0.9376616033577276,0.0670274098326212,1.207311087689361,0.5837748835304276,-0.5002216341827084,0.2252371488181792,0.5017280639012953,0.004658346316243,-0.0428552023797442,-0.0438935614555291,-0.0304573992604997,0.0546214840679308,0.726108056127673,0.175061818645608,1.2950232826857433,1.0276801524475048,0.3736474201691041,0.1173178154035251,41806.03
2022-03-19 04:00:00+00:00,0.509223716406415,0.0020959711713086,-0.0159277104347579,-0.028334390298946,-0.0414271072183436,0.0190670856399598,0.9156692954321256,0.0655120429450078,1.3894676189861643,0.443617809654264,0.0814297124600611,0.2351044847242057,0.5017522148622711,0.0051434563856015,-0.0421452413255113,-0.0440470614592638,-0.0311104574679578,0.0545683877728204,0.7274600120579543,0.174982505814155,1.3544739450305816,0.9802029283847709,0.5803781045347812,0.1165926133973008,41842.92
2022-03-19 08:00:00+00:00,0.507333910026297,0.0021044615240866,-0.0077448253791453,-0.0206261367626782,-0.034654767616789,0.0185896115276435,0.8010187609238607,0.0638600166683701,1.234792676031857,0.2863388040246502,-0.5577798884586311,0.2422785691233865,0.5015168183255572,0.0056087999103417,-0.0354643874860369,-0.0381844875909722,-0.0256516739361676,0.0548598516856518,0.693030694961537,0.1760003996649649,1.3164159282017105,0.9181332626822346,0.4682794654992847,0.1158759937741757,41616.89
2022-03-19 12:00:00+00:00,0.5077989313939825,0.0017916290967611,-0.0083622628523617,-0.0211409192117245,-0.0357689424690392,0.0177385088572913,0.8260575011680216,0.059888006593222,1.3196355858776565,0.1835244472774134,0.4844270411378365,0.2484535859196735,0.5016186169886331,0.0059706149914278,-0.0366523664987906,-0.0401004774520737,-0.0280522252327739,0.0547025896276965,0.7049388528693027,0.1757442609136146,1.3691876918212418,0.8697958419674965,0.6426089551089561,0.1151678549661742,41727.65
2022-03-19 16:00:00+00:00,0.5090749141376965,0.00160634434732,-0.0118464809487454,-0.0246143961111657,-0.03981968923478,0.0169418071145347,0.9339240783051774,0.0510453377640016,1.7733730927627387,0.7534424227092604,0.5639548444278535,0.2555627967787932,0.5018487918839147,0.0063186389308202,-0.0407755048443598,-0.0449587269525165,-0.0334478608179428,0.05428789164534,0.7345248610798952,0.1750640124791557,1.5184277827200132,0.7671667707984904,0.6820161537675096,0.114468096607324,41969.44
2022-03-19 20:00:00+00:00,0.5092389235317161,0.0014867754386755,-0.0116812391861645,-0.0245409098353006,-0.040381899899568,0.0164598520629137,0.9331861372307684,0.0516360961930762,1.6102434538041217,0.7851384088727911,0.2526983782611076,0.2640421409088587,0.5019276021919282,0.0066894286004919,-0.0414139544920859,-0.0463589010844704,-0.0353571832162311,0.0538023414238635,0.7433875896093408,0.1748891242846467,1.4922215272251684,0.504660918638058,-0.135028740637518,0.1137766195194314,42062.15
2022-03-20 00:00:00+00:00,0.5096820210774036,0.0014498902281458,-0.0127971305074964,-0.0258406885702977,-0.0423316409066019,0.0162533262054735,0.9482504242051988,0.0540607174562339,1.8813551993247029,0.7402839439245977,0.2322652127008181,0.2725951374586565,0.5020662203048096,0.0070602861057185,-0.043440804765696,-0.0491665897393316,-0.038710873314302,0.0532080946026987,0.7609061691590979,0.1734376064949927,1.5213874037018342,0.5107367930181707,0.4668441243247511,0.1132401968071857,42219.55
2022-03-20 04:00:00+00:00,0.5073783225438916,0.0010173002380195,-0.0054131564843484,-0.0181422697342776,-0.0351447592057871,0.0161983941249523,0.8113691017010751,0.0525571474752207,1.7293613176751004,0.8450450440892704,-0.4796780530602146,0.279447920676324,0.5017960976129385,0.0074181956320248,-0.0363260904356304,-0.0427857787120194,-0.0327390766266669,0.0531444922065842,0.7228512890681783,0.1737369878414723,1.5091717639717988,0.5560905745462706,0.1412303830698589,0.1127378093901044,41968.58
2022-03-20 08:00:00+00:00,0.5064108084418938,0.0004575678289216,-0.0024534759099477,-0.0145312344538898,-0.0317886060925627,0.015605599902361,0.746646377498711,0.0541311430927025,1.593612678659686,0.2605231445838301,-0.3265583181412506,0.2855271776991527,0.5016958972001909,0.0076916413416828,-0.0330269360907172,-0.0401279991495651,-0.0305084678644256,0.0528701592051072,0.7071967170873914,0.1733611058119276,1.496123224215409,0.5427934376992385,0.3130304483337396,0.112241367463025,41881.15
2022-03-20 12:00:00+00:00,0.5043800973157301,-0.0002808986929409,0.003232475328569,-0.0078534821003328,-0.0251792768043065,0.0151964456629718,0.6256881443480992,0.0549489038860001,1.377435230989396,0.3142026441583151,-0.6381339961215992,0.2886213265393118,0.50144689392392,0.0079185413760295,-0.0264648296386476,-0.0341376812171227,-0.0248781776818114,0.0527728649135848,0.6715251584828175,0.1738455461324335,1.435614040378574,0.5545967236466003,-0.0965783132530162,0.1117475570511418,41647.49
2022-03-20 16:00:00+00:00,0.5016805454518427,-0.0013505518621635,0.0097245710291795,0.0002642803560286,-0.0167605724769404,0.015172667538543,0.4739168544371048,0.0547526623718274,1.4403381118058174,0.6340479341446246,-0.718477114059301,0.2844525103096351,0.5011054314320565,0.0080414824048285,-0.0180726052708075,-0.0261700622669255,-0.017186507473736,0.0528708796890494,0.624701397823195,0.174805829180211,1.4596028503938638,0.518271089132779,-0.556349881140359,0.1110212185446561,41327.71
2022-03-20 20:00:00+00:00,0.5021402728557037,-0.0025195702440246,0.0057364622248712,-0.0016115418650656,-0.0178403833407138,0.0151145689425754,0.4941444422755274,0.0531002687817146,1.6652318096533734,0.7861206084218865,0.1149910086643846,0.2753037656078795,0.5011680505078584,0.0079804035758438,-0.0191454870191578,-0.0274392939493588,-0.0187532405700128,0.0525539588291763,0.6342372947740209,0.1745550495819243,1.4868743877038513,0.4966270443087259,-0.4384551209047347,0.1100795979977322,41398.04
2022-03-21 00:00:00+00:00,0.5010317269293932,-0.00309410593907,0.0074827959086594,0.0015198947538084,-0.0141543604689325,0.0152672657208073,0.4265150431306413,0.052437176849615,1.4595814336315922,0.6567877978830108,-0.2099723455962554,0.2669689068894382,0.5010255622425646,0.0079831750479928,-0.0154642392261021,-0.024029406698185,-0.0156168491501659,0.0525053689916809,0.6181951863093468,0.1743877368808372,1.4583211823141256,0.4641089001823448,-0.6723561337131079,0.1090529837688178,41271.13
2022-03-21 04:00:00+00:00,0.497654885201438,-0.0039217309993976,0.0160969151726244,0.0119247728801676,-0.0030020407576342,0.0153958969662181,0.2084698780051996,0.0520082306367868,1.398782102139364,0.999982750565085,-0.4722080730168295,0.2552733289703709,0.5005554027184469,0.0079460448561368,-0.0043070806150904,-0.0130671687470188,-0.0048036638676942,0.0528325558097686,0.5593979572294734,0.1745684275631316,1.4479757648441272,0.4576924682788243,-0.7453051719965167,0.1079538754273602,40825.91
2022-03-21 08:00:00+00:00,0.500123811920909,-0.0045411630292755,0.0057559078920084,0.0034397831246903,-0.0103130937891716,0.0154003919636764,0.3525281109604515,0.0513151973560503,1.918706533425033,0.3631080129915369,0.7066666666666787,0.2379255328552853,0.5008722251733911,0.007698253803023,-0.0115768239755581,-0.020273373751911,-0.0122673598526578,0.0522469392933149,0.6069260018140012,0.1713597778005272,1.5301507268171357,0.4672967941736532,-0.5114378523895499,0.1067229387594853,41136.41
2022-03-21 12:00:00+00:00,0.5014373419239095,-0.0041601639565732,0.0009571671841095,-0.000947368070057,-0.0141276646979064,0.0152485928126929,0.4164871900585186,0.0475319762029015,1.9760427561970595,0.4799674550440141,0.4659868206760114,0.2259871997594835,0.5010523784393072,0.0076067701895575,-0.015380441322694,-0.0242199177542959,-0.016521249149244,0.0517887670171296,0.6368724904901365,0.1686597753369912,1.5728979074259255,0.4821514231640264,-0.2712124335243397,0.1055065695775852,41318.83
2022-03-21 16:00:00+00:00,0.5003972846431204,-0.0041077986556244,0.0031186126740918,0.0019688468471974,-0.0105579107239307,0.0153606433097793,0.3298016390020657,0.0453742884740987,2.2173711664692237,1.8078487089392856,-0.1551928138507238,0.2131256564733624,0.5009022865530929,0.00750986875501,-0.0117969858130703,-0.0207535121572153,-0.0132628779084531,0.0516873139882469,0.6240163051252969,0.1657634481068804,1.592448046878134,0.604941059976182,-0.1180630079779033,0.1043045954831495,41185.78
2022-03-21 20:00:00+00:00,0.5001841265875178,-0.0041498440451103,0.0025329844867698,0.0022913785392106,-0.0094303548987911,0.0154034423059661,0.2792789409018243,0.0416335288187081,2.246976073687262,1.7407485295759515,-0.0680585405792647,0.1995059529892788,0.5008560079303774,0.0073456651511348,-0.0106432538672071,-0.0196208932264769,-0.0123231221277271,0.0514669029240279,0.6237777855643328,0.16336215673002,1.6025905277164876,0.712844351815587,-0.2057617276864108,0.1031168461179137,41149.07
2022-03-22 00:00:00+00:00,0.4991063614574679,-0.0037582514343932,0.0055578009938968,0.0055445458847991,-0.0056721347329889,0.0151948236700816,0.1398609368380716,0.0370144703344544,2.086827813402993,0.617892842918016,-0.3185607622188531,0.1887354163841214,0.5007038366929869,0.0072588794927117,-0.0068738529544255,-0.0159746314807536,-0.0088864207379544,0.0513426255956486,0.6087932447663991,0.1606765264604981,1.5736934800644644,0.7081104520347723,-0.2526628823655932,0.1019431531397129,41009.98
2022-03-22 04:00:00+00:00,0.5084224387911983,-0.0025137978405587,-0.0234911959439705,-0.0244280682425411,-0.0352847244841222,0.0151811278077107,0.9746901937979796,0.0370840972458281,1.9967547192029744,2.758086854522521,0.7859264183045589,0.1841460600174736,0.5020344842616374,0.0070566088023988,-0.0364604231158087,-0.0455501520837563,-0.0389823766481679,0.0495511174595864,0.8145403418236319,0.1525282569050534,1.6030785297824088,0.8925075021115204,0.8238346894835434,0.1009739971814992,42300.56
2022-03-22 08:00:00+00:00,0.50726155457361,-0.0001785426412314,-0.0170160478667972,-0.0210552640880575,-0.0330738239596714,0.0171620739626798,0.8759840461880021,0.0429055386432666,1.6581879719261214,2.3089279654052417,-0.0182638465778863,0.1961861328342387,0.5019737781589736,0.0074074841349839,-0.0343260000017472,-0.0441600182337141,-0.0381047550862825,0.0497075064578,0.8177703967565817,0.1501780540225065,1.5793095074313692,1.114344342643269,0.4327618080705537,0.1010071765628067,42275.22
2022-03-22 12:00:00+00:00,0.5123200447155756,0.00145739646703,-0.0305582156337786,-0.0369829235853583,-0.0498464200548272,0.0172554463673476,1.2148753308965887,0.0473607253676464,2.087717610117874,1.4799377828209364,0.8223291723066019,0.2090883918243412,0.5027995346793677,0.007601269218295,-0.0511483114512032,-0.0615225364142358,-0.0560977133176677,0.0489096228358673,0.9554803594515622,0.1451534342072657,1.6893406731002831,1.2375550468840255,0.67462079311442,0.1011033865741803,43095.13
2022-03-22 16:00:00+00:00,0.5079356871557426,0.0026611709752728,-0.0137706700587463,-0.0224296314978869,-0.036586682464067,0.0172797500613288,0.8857822372527044,0.0541411502406472,1.288900304922591,2.082977810397205,-0.7767908396024029,0.2234378014174924,0.5022360188791777,0.0080601864360176,-0.0379846266887156,-0.049273316389975,-0.0443365040740217,0.0496479269099438,0.8795704585029446,0.1450111613168662,1.533397434991678,1.2946161309998854,0.5317819665020428,0.1011984579908335,42579.96
2022-03-22 20:00:00+00:00,0.5057899761545607,0.0027832962475117,-0.0054034645506073,-0.0148574579455472,-0.0297181214610509,0.0171748914543806,0.7492970068569168,0.0575539940568066,1.5876270811477158,1.118073989622539,-0.5281594173759733,0.2335677714686136,0.5019688135502827,0.0083418252690218,-0.0311786856568522,-0.0431465109294884,-0.0386691919429481,0.0500488123386056,0.8481998335766734,0.1436164947959248,1.596364514077846,1.2345255417342778,0.4763315499480945,0.1012924042874339,42342.09
2022-03-23 00:00:00+00:00,0.5054191391512276,0.0025825932029491,-0.003688249530657,-0.0134368539074226,-0.0287508050392226,0.0168939544266523,0.7314510294120207,0.0600835056507734,1.320783789019805,1.0046186231051026,0.0293308456138061,0.2404811673159184,0.5019648858466853,0.0085332684761834,-0.0302576056253688,-0.0427847334781467,-0.0387804438565337,0.0501354739800334,0.8584276005620808,0.1413843672218046,1.5236201255700836,1.297604855123071,0.5382456280443972,0.101385238779184,42359.88
2022-03-23 04:00:00+00:00,0.5031379012497377,0.0018147266074543,0.0031221013121738,-0.0060473339228223,-0.0214823601710705,0.0170518475360464,0.6176440572644193,0.0613966851581957,1.2989561195620192,0.8681192676016812,-0.4175088369485739,0.2426833177332245,0.5016632430571075,0.0086630445981573,-0.0230222656358474,-0.0360305875033681,-0.0324073527918588,0.0504117001241987,0.8208206148092202,0.1400279452801924,1.5304281444278054,1.1105095811650976,-0.1417747152681542,0.101476974623707,42091.77
2022-03-23 08:00:00+00:00,0.5035137379274298,0.0007369531028503,0.000507577345963,-0.0073757622866754,-0.0224373532817463,0.0169873288222769,0.648774292081961,0.061076917203505,1.5937816532806033,0.6902316621540517,0.1473928202730835,0.2407846121842908,0.5017279029809181,0.0086141808102924,-0.023976706528242,-0.0372086581830002,-0.0339333655685308,0.0501406719117802,0.8400038693750411,0.1379430317989287,1.6794832896996,0.9431496191495492,-0.0730978666775325,0.1014471778566816,42167.32
2022-03-23 12:00:00+00:00,0.502200468603753,9.960776031039476e-05,0.0039315298856266,-0.003165295486005,-0.0180547621380939,0.0166140361329299,0.5866076477302349,0.0616270588974832,1.4155992821321148,0.6943917891508462,-0.3233648466139374,0.2393442088830684,0.5015527001749991,0.0086356657860046,-0.0196068657850024,-0.0331675581923617,-0.0302398963754416,0.050140033408991,0.8197592491389275,0.1367244883879997,1.6162221229227558,0.8618231574107992,-0.731745902418492,0.101406449023885,42016.45
2022-03-23 16:00:00+00:00,0.5068106189157662,-0.0001341957835883,-0.0117778921132823,-0.0184051645138546,-0.0329625621921689,0.0161833260348435,0.8408970533734701,0.0615380919616731,1.1091718036000562,1.6780237930762234,0.7876774975419104,0.2383098638340069,0.5022550194399856,0.0085140930956168,-0.034502324495408,-0.0481582765844039,-0.0456496464302859,0.0491243586086214,0.9475625180294582,0.1326885155751196,1.5382250495971184,0.8305125170525561,0.1113975778941171,0.1013662021953348,42705.54
2022-03-23 20:00:00+00:00,0.5031647314378901,-0.0003062598873644,-0.000207364909261,-0.0066370417262605,-0.0212946061428112,0.0165181690509392,0.6501199086521379,0.0633060148615316,0.8384825698347479,1.421035206182018,-0.6340381807365739,0.2407880658195233,0.5017421066119551,0.0086310135646086,-0.0228654277279619,-0.0369982292762226,-0.0348445943695284,0.0493993649324079,0.8652953083256526,0.1341141514426867,1.4979842297625463,0.8918768573032704,-0.090263344821236,0.1013264316667645,42238.4
2022-03-24 00:00:00+00:00,0.5079570506128789,-0.0002405350926521,-0.015486947471078,-0.021825261723812,-0.036275896794118,0.0159401642085456,0.8898777104680659,0.0631316934614904,1.0170567175050196,0.9542868380980069,0.8432075381221811,0.2441432363910454,0.502467363947943,0.008531373255259,-0.0378388384940876,-0.0520879463201695,-0.0503599754493047,0.0483190531356122,0.988166148367357,0.1321289757741731,1.5494361102523002,0.9009284203784098,0.4569424324494561,0.1012953284139479,42940.28
2022-03-24 04:00:00+00:00,0.5059865671488825,0.0004471821772689,-0.0083139092048775,-0.0156904483622309,-0.0307234769200662,0.016336483290815,0.783574534678784,0.0651712993288032,0.3155025390143446,1.1978503749293408,-0.2930131907648752,0.2546106264975522,0.5022406733520841,0.0087430409326821,-0.032337663176478,-0.0471897732507998,-0.0459349741199637,0.0483691965195915,0.9487766341460988,0.1341654472876266,1.4072333059869655,0.9747658535970456,0.4342738350504651,0.10159766432013,42755.95
2022-03-24 08:00:00+00:00,0.5081446075456902,0.0009798876071537,-0.0141404166908448,-0.0223534282737228,-0.0377861011405812,0.016039577863187,0.8780815699739721,0.0665599217586899,0.8173870570595225,1.0781837310382434,0.4970045625867843,0.2663834453937069,0.5026141300284739,0.0088470190022286,-0.0394319272785452,-0.054706267654135,-0.0539508642131196,0.0477940225403299,1.0054739776302783,0.134768230406486,1.5559037969419618,1.058948776333387,0.6015734407190025,0.1019708169541914,43133.82
2022-03-24 12:00:00+00:00,0.5066515394183818,0.0012222007261096,-0.0084458591229346,-0.0172616433307932,-0.0331958758520792,0.0158880431462939,0.796640947203506,0.0663536942191891,0.657897277817861,1.158668898615937,-0.3754643859414744,0.2795171690303328,0.502439175939446,0.009039047829963,-0.0348896742183691,-0.0507488421454948,-0.050478110961571,0.0478267266851111,0.9732893083216374,0.1368363540394085,1.5140442708576118,1.164556130401612,0.6069572469766669,0.1024271071268061,42991.77
2022-03-24 16:00:00+00:00,0.513282808415073,0.0015051264403879,-0.029501554497215,-0.0387923788719597,-0.054857692691752,0.0155524401396484,1.1420700639927523,0.0631535765862027,1.2520746599987036,2.441955974327982,0.7359040286181411,0.2898471334146871,0.5035150024102037,0.0090023695739192,-0.0565568108063251,-0.0725918735793649,-0.0728225127380347,0.0465591526361476,1.1398879937002326,0.1355752965140178,1.5983778253427514,1.3660270260526235,0.669287122569281,0.1029504753861909,44044.85
2022-03-24 20:00:00+00:00,0.5115493512783518,0.002759270321473,-0.0212038697600879,-0.0327457993180911,-0.050167410337306,0.0163742256863183,1.0074812741650934,0.0686948681138737,1.3516698197174517,1.7047478895019037,-0.2580309042942487,0.3044573819225457,0.5033503478477361,0.0094346540499732,-0.0519624950385857,-0.0689313917102635,-0.0698124008365563,0.0467048012185364,1.099711259704235,0.139426177451944,1.6130161622972368,1.4890590818336202,0.8281433218363141,0.1038811818401929,43924.84
2022-03-25 00:00:00+00:00,0.511314837358309,0.0032665348969034,-0.0180170169966294,-0.0308952467159918,-0.0493482006755594,0.0157966366590894,0.9692122886470396,0.070012189446603,1.6500946388779656,0.537516052042433,0.1738275052357879,0.3182850880615225,0.5033809164732614,0.0097731232673038,-0.0512212569016807,-0.0689901532747527,-0.0704989472854046,0.0465960368345948,1.0892553764041737,0.1423154330005429,1.6909338741332365,1.4500575323107523,0.6441692696712819,0.1048172988595912,43979.48
2022-03-25 04:00:00+00:00,0.5106893951120132,0.0033747814474058,-0.0143785849002811,-0.028100104324626,-0.0474532775161942,0.015396463046158,0.9329657176980962,0.0681505027014592,1.8019170056363885,1.197556760353435,0.0042212884611666,0.3323383811597143,0.5033547072499441,0.0100911393004142,-0.0494004554085039,-0.067956127509793,-0.0700881351392058,0.0465009695277813,1.0716120742102684,0.1451455472490176,1.7510910396464827,1.495736942994195,0.6946758050972469,0.1058040374591061,43982.39
2022-03-25 08:00:00+00:00,0.509590979856029,0.0032887997657277,-0.0093778787270701,-0.0236757903915766,-0.0438680905167161,0.0149983575057978,0.8721034565168714,0.0659452276021198,1.7383466140760733,0.6898353208244026,-0.2256337774035398,0.3462938840610643,0.5032495168057552,0.0104081098278457,-0.045889406625621,-0.0652489024960634,-0.068009745208268,0.0465046572823963,1.0426205862648843,0.1482148168347084,1.7161678347404388,1.4559446970484875,0.4395467852847063,0.1068153106669841,43906.96
2022-03-25 12:00:00+00:00,0.514169622881339,0.0030525547388013,-0.0228612768596,-0.0372811575885068,-0.0578519999161993,0.0147904070240237,1.0959875998785396,0.0634949904841038,2.103064277370939,0.8457452184546462,0.6801093832002927,0.3535982069753213,0.5040045228964467,0.0105127695476996,-0.0599062657427577,-0.07968812309352,-0.0830190339446286,0.045665693589318,1.1378347239707325,0.1485674983570053,1.8877564049751987,1.4262946124964824,0.8028734602138151,0.1078345137133394,44649.04
2022-03-25 16:00:00+00:00,0.5104985775887458,0.0036010234083514,-0.0105925938489823,-0.0265566956691206,-0.0485341657764345,0.0153356864273262,0.89136446769379,0.0722847881811478,1.2405363938108742,1.9479863293156705,-0.354521019245238,0.365215523155987,0.5035984482250702,0.0110249245994294,-0.0507016334902206,-0.0716112098891544,-0.0756982105776483,0.0459930014804738,1.067186018149571,0.1534568230640819,1.7536648916472168,1.3720510865902846,0.1846620899476085,0.1092181676141337,44322.86
2022-03-25 20:00:00+00:00,0.5101207825723445,0.0029489698624005,-0.0102240896122712,-0.0259014900117716,-0.0483673245265205,0.0156616898659452,0.8725781847484965,0.0756418146518107,1.2144381641405937,1.120036798572003,0.1294301032905626,0.3713589370713815,0.5036344878052429,0.0112484896280262,-0.0505913696132865,-0.0721849565353509,-0.0768915350410238,0.0457716758506559,1.0621583269145496,0.1561607993991074,1.7668638872683813,1.2603011017744372,0.314554360013378,0.1106624229098653,44404.43
2022-03-26 00:00:00+00:00,0.5091756982391783,0.0023803308083545,-0.0069981943539167,-0.0224190363203802,-0.0453908180117067,0.0153769434467986,0.8190185217195673,0.0794267132869037,1.3285612562142566,0.5395553274972396,-0.1094442963429603,0.3768167799246252,0.5035485977795183,0.0114926324229444,-0.0476758216668783,-0.070007198364666,-0.0753501927578709,0.0456872025676828,1.0386735384661976,0.1593456088713175,1.8105109958030077,1.2533300979763795,0.2458183344152233,0.1120895862062168,44355.11
2022-03-26 04:00:00+00:00,0.5094186057209216,0.0016344036561631,-0.0078109657092644,-0.0225332884611557,-0.0456986671014942,0.0149337769142175,0.8147712781906372,0.0809759319278214,1.393654639634607,0.4772426385657158,0.2450469507790638,0.3794903564462269,0.503625186181313,0.0116322800358628,-0.0480242094565694,-0.0709314276839933,-0.0768609263390336,0.045454482861181,1.037307731048411,0.1617517215992987,1.8645913382379484,1.103287256720081,0.3079646714007515,0.1134998597779824,44451.67
2022-03-26 08:00:00+00:00,0.5097329193523932,0.0011333759316561,-0.0082686147041659,-0.0225105913656517,-0.0459000521790325,0.0143800765059787,0.8091325627068108,0.0821803560366884,1.3353291680638544,0.3058395621938389,0.4891615953327022,0.3817739577328508,0.5037045423764213,0.0117766424197323,-0.0482673317442646,-0.0717613366236421,-0.0782865097469496,0.0452274650134209,1.0352797322644671,0.1641758217246728,1.8388631432781823,1.019412054919186,0.4162191579623803,0.1148934435061407,44545.16
2022-03-26 12:00:00+00:00,0.5079595661890746,0.0006234421427948,-0.0027574157161132,-0.0164863685929981,-0.0401395837434411,0.0137769397342979,0.7309025424436072,0.081658444110041,1.3077011367766769,0.275790697273237,-0.6696727272727135,0.3844209536783818,0.5034815804885973,0.0119624331337201,-0.0425573684847055,-0.0667458143765105,-0.0738968616083697,0.0451893854028566,0.9966688462590146,0.1670245166129138,1.838892917956116,0.901131797594936,-0.2670972195728939,0.1162705349061849,44358.55
2022-03-26 16:00:00+00:00,0.5064851037709093,-0.0001769004216511,0.000724055570322,-0.0119302709282733,-0.0355058614414574,0.0133760907515117,0.6701778277695608,0.0771589420470441,1.2952146844866774,0.4572120440469281,-0.5386175807663371,0.3824233825532734,0.5033016059760889,0.0120438622210934,-0.0379538381504732,-0.06268789628804,-0.0704105309338759,0.0450570645499076,0.9660114183108478,0.1693766709312226,1.8542386120698195,0.6089685168931271,-0.1793153471357176,0.117631329156116,44215.15
2022-03-26 20:00:00+00:00,0.5076323851269932,-0.0006661754460913,-0.0028131705314186,-0.0145978540872266,-0.0379589553635597,0.0128731236220944,0.7051321197446255,0.0716893933439949,1.5557521985537557,0.4443185426569651,0.5394961445641462,0.3801055483410857,0.5034834676134339,0.0120368722318496,-0.0404194292883616,-0.0655178078558221,-0.0737589124890333,0.044497547946504,0.9788119216986576,0.1706779454920553,1.9298304898046503,0.4658925338259642,-0.0031233641598212,0.1189760191241066,44398.48
2022-03-27 00:00:00+00:00,0.508311251635401,-0.0009014152969725,-0.0051593522234567,-0.0163842531748776,-0.0396230168206148,0.0127630080079802,0.7353078078156142,0.0659735290234371,2.216078721529964,0.6328309359417675,0.2753083247687444,0.3810483543344763,0.5036164319696973,0.0120512780495965,-0.0421004639284106,-0.0675983121738373,-0.076372587431304,0.0440133676579001,0.9868199412239722,0.1720443596384804,2.044348311981535,0.4734319941275566,0.262841163004286,0.1203996648810352,44548.42
2022-03-27 04:00:00+00:00,0.5092611681126514,-0.0008072805500431,-0.0074172953076711,-0.0185251341101573,-0.0417879086540446,0.0126250170326249,0.7817105816451494,0.0597608221136567,2.281033306699688,0.512476978302138,0.4040353690780655,0.383337384202392,0.5037862537139304,0.0120949599186689,-0.0442882429473958,-0.0702206109514921,-0.0795464444051435,0.0435169692260954,0.9987808773054682,0.1728413231490596,2.0745758486281525,0.4709611377626858,0.3423796006264684,0.1218613719757683,44727.72
2022-03-27 08:00:00+00:00,0.5091403053323321,-0.0008839486780988,-0.0066808297407087,-0.0174781825091778,-0.0407239320300387,0.0122800474013138,0.7848546055243826,0.0522678563191055,2.2984674241233543,0.2871879396372521,0.0996249999999842,0.3863317824089196,0.503794935270345,0.012142033174402,-0.043248391862289,-0.0696509837382132,-0.0795399186624165,0.0431940116353754,0.991514660127518,0.1739176279165578,2.1028343256488866,0.4629243099251227,0.2570355324980423,0.1233596345789561,44752.78
2022-03-27 12:00:00+00:00,0.5070979162783797,-0.0011393831681451,-0.0015739628785872,-0.011840385680353,-0.0350288878503027,0.0118268249567764,0.6822606230527188,0.0474254927946895,2.1212805087608566,0.2845765818613733,-0.7628525351060278,0.3877353609352605,0.5035553248374245,0.0122002787470547,-0.0375805935327188,-0.0645171927696793,-0.0749941221275709,0.0430869668620514,0.956696181729336,0.1757483649432855,2.071988338779271,0.4586937085710717,0.2434538958496493,0.1248401660347764,44557.5
2022-03-27 16:00:00+00:00,0.5090677813135257,-0.0013242359833034,-0.0070965385279195,-0.0167473300388453,-0.0395876448336959,0.0114144412974881,0.8136198168913823,0.0414232959606704,2.144583759668303,0.4948666019093413,0.5267607789127459,0.3868850737351574,0.5038388459162596,0.0121077575811199,-0.0421355200981433,-0.0692887298094029,-0.080230657036312,0.0425284313886026,0.9816538270666512,0.1762697538124275,2.106664629892829,0.4529894164409418,0.7594704385278059,0.1263031761820025,44835.87
2022-03-27 20:00:00+00:00,0.5088411789051722,-0.0011320853674139,-0.0063169469857707,-0.0159671712138034,-0.0388116195156229,0.0113574549729304,0.836249796225102,0.0350600813333625,2.1601109912545216,0.5520352896169761,0.1296861982782605,0.3892446585876755,0.5038514683145328,0.0121360531682922,-0.0413805345503182,-0.0689728366542087,-0.0804725897555926,0.0421917869838017,0.9759718461457102,0.1774861805021259,2.11753239373769,0.4562811917169543,0.6198308331921385,0.127788538689503,44874.0
2022-03-28 00:00:00+00:00,0.5227269726864759,0.0011746816327528,-0.0403234932355702,-0.052736373587463,-0.0761252425273006,0.0128462484275287,1.6302014638877318,0.0438626420447611,2.56386975801305,2.289140690572458,0.8723865168539315,0.4023095205507382,0.5059354815021546,0.0120712042709938,-0.0786896275578399,-0.1061541616359252,-0.1179765208806482,0.0405176198114334,1.199418021931575,0.1730591337074509,2.156292339347197,0.6855698648063943,0.9067606396103116,0.1301707630806051,46819.78
2022-03-28 04:00:00+00:00,0.5226207221089465,0.003274235143847,-0.0364593526042623,-0.0522730316767157,-0.0774565817349838,0.0140248741761451,1.3296085305105902,0.0614409938049005,2.660725940695741,1.404427030469087,0.2163474586128008,0.4199782210386121,0.5061147612708287,0.0125882154092884,-0.0801379630526744,-0.1086989664848084,-0.1213677525962626,0.0406425771392603,1.2006151548857382,0.1765635728082564,2.190572347488816,0.7976113918142231,0.7105576673892612,0.1330682626889464,47043.0
2022-03-28 08:00:00+00:00,0.5204300043921,0.0044572757218872,-0.0277978118265481,-0.046124510954811,-0.0730470774232359,0.0140843383885372,1.1231580722543872,0.0742805716310869,2.291279800697414,0.8899635998454724,-0.1087342136781951,0.4377817291411987,0.5059729729198685,0.0131476303707178,-0.0758553121427674,-0.1056580237405838,-0.1192503621321805,0.0410420503001921,1.1674585461529243,0.1810847045625256,2.1220522403126547,0.8750162168292338,0.6821031816702386,0.1359805825583261,46972.9
2022-03-28 12:00:00+00:00,0.5216780747292353,0.0049642513055535,-0.0284120637106156,-0.0483401404749609,-0.0765696847822418,0.0138030398730008,1.094079252550291,0.083610032296714,2.391031689404639,0.7813820620089854,0.6279047709380614,0.4548205359946049,0.5062879789936388,0.0135561569658714,-0.0794734110134351,-0.1102239909786895,-0.1246172880082273,0.0410867087135394,1.1812352464167877,0.1843359413963386,2.216233673601948,0.938160340116851,0.8425899201051362,0.1388584366587039,47304.62
2022-03-28 16:00:00+00:00,0.5208110038079777,0.0053811769765205,-0.025254805086305,-0.0467871182991722,-0.0764920930740454,0.013665944241934,1.027301187377156,0.0933786385278641,2.1490562710523053,2.098082306431283,0.2065757881892921,0.4721798775120364,0.5063765640962788,0.0140468143159603,-0.0795086053079409,-0.1113796967329374,-0.1266617933362391,0.0412680913632849,1.1734488462075057,0.1884934167225348,2.1948402110127425,1.1471418880426787,0.8267149606299211,0.1417345432808674,47461.46
2022-03-28 20:00:00+00:00,0.5223609476958397,0.0055241244858683,-0.0288691766635749,-0.0515608138197314,-0.0824822489984418,0.0136132319523141,1.0410175488011673,0.1015901322782284,3.015723368952704,2.39509170602406,0.5183761763058785,0.4896110680186393,0.5068162681226998,0.0144406480345811,-0.0855909956514014,-0.1183781634894003,-0.1344587060816081,0.0411789032880965,1.200172766804258,0.1914475403136962,2.3921421246244914,1.4100948031414824,0.870073968705547,0.1446832400162354,47937.03
2022-03-29 00:00:00+00:00,0.5148343177453989,0.0051221286180295,-0.0088554633486042,-0.0323347037182488,-0.0649192461666633,0.0141525978375058,0.8314618889116436,0.1114557878191117,2.2169482469371387,1.379118137411691,-0.5857095595185594,0.5037880055498057,0.505887349613262,0.015126279801987,-0.0681849508133477,-0.102641267992855,-0.1199109631544738,0.0418609197527633,1.0971614878088514,0.198877440799148,2.212129944304805,1.2630332241803015,0.2354790457115309,0.1477203150497614,47191.31
2022-03-29 04:00:00+00:00,0.5149561059177225,0.0040384975510112,-0.0098120866285927,-0.0326096038523225,-0.0657337095141723,0.0145464613368571,0.8257523142601346,0.1146077387065473,1.9259964807642544,1.072661879718169,0.338029225834279,0.5052200770736427,0.5060181670268711,0.0153897533685948,-0.0690681436117139,-0.1043617194012913,-0.122430233698509,0.0415819140081898,1.0964904352229443,0.2023474207714138,2.135624687809043,1.2098911912968422,0.2224868985231018,0.1507214479027432,47371.52
2022-03-29 08:00:00+00:00,0.5142944913002112,0.0031246438420487,-0.0076042904771326,-0.0298056749865416,-0.0634987650557306,0.014111045966778,0.7938818422592857,0.1175365348608274,1.7710244052242996,0.6060371963940366,0.058083845926876,0.5070524613566051,0.5059974228748647,0.0156810629056793,-0.0669087183875273,-0.1031316187060662,-0.1220557237348984,0.0414254307075406,1.0795570153866696,0.2072464693633168,2.0494162220849024,1.170569147411113,0.3062526245673973,0.1536870639319237,47396.61
2022-03-29 12:00:00+00:00,0.5169851658048341,0.0022775643419723,-0.0150349270917979,-0.0363685744432626,-0.0701914997522078,0.0136157457238167,0.8459862175056062,0.1177755109606705,1.7248674902716363,0.8179743531960687,0.779892543145553,0.5092273943844144,0.5064790060130868,0.0157873144590739,-0.0736376627516799,-0.1103989438218022,-0.1299828895271201,0.0408661250799678,1.109069708266359,0.2100355269334579,2.0625438535662663,1.1778020332529615,0.4155120416102104,0.156617583460172,47874.4
2022-03-29 16:00:00+00:00,0.512672812369798,0.0017284336873176,-0.0042429834915265,-0.0253290951292197,-0.0599330180263448,0.0136955861595407,0.7450601673374263,0.1201657227948054,1.9646818380485251,2.332172303886044,-0.5060414003926618,0.5131687807504184,0.5059624325824486,0.0161878153515827,-0.063479850137707,-0.1014661598902857,-0.1220822357801677,0.0410511574057042,1.0529721164725985,0.2167784821480738,2.17491516415564,1.226313881016047,0.0184958550053174,0.1595134218360585,47490.34
2022-03-29 20:00:00+00:00,0.5133105376126632,0.0006238697303809,-0.0079077102949917,-0.0275241526856224,-0.0619468055965715,0.0144693637265637,0.7606641228729296,0.1180873922183107,2.4799576025262327,1.6473852106000169,0.1639057750759856,0.5018500542654102,0.5061380880785685,0.0162340786517112,-0.0655202866602998,-0.1040468032199303,-0.1253541835012734,0.0407564856705344,1.058991757516917,0.2201046894091149,2.290673408217877,1.1385589355766137,-0.1438705759216429,0.1621811623881742,47712.2
2022-03-30 00:00:00+00:00,0.5104097106666285,-0.0004767061356692,-0.0016359683122441,-0.019780839187442,-0.0541702472980429,0.0150098772159573,0.6898611341413708,0.1144107100517317,2.306823613183276,0.8755470081133884,-0.3632083381706055,0.4853232278901086,0.5057560898305176,0.0163828045097062,-0.0577948791875032,-0.0971754405257852,-0.119365516437931,0.040897126923516,1.018218676006341,0.225518977471862,2.2687252471631534,1.082464441965858,0.1558784848366459,0.1646932796300291,47430.74
2022-03-30 04:00:00+00:00,0.510041288652275,-0.0016608970526817,-0.0032043359653896,-0.0193790740389016,-0.0531747242461076,0.0151843544294155,0.6821714517692304,0.1082167506563757,2.229831093025565,0.9154780487878716,0.0511163713134181,0.4631873149725083,0.5057402025763403,0.0163150593302595,-0.0568054647713156,-0.0966237919220731,-0.119486775990479,0.040761666396903,1.0099451595458406,0.2288784103003609,2.2738999970147,1.0897567195476847,0.0679408879465875,0.1671470669218314,47478.37
2022-03-30 08:00:00+00:00,0.5088888055194332,-0.0022370348440862,-0.001066578688048,-0.0160080440064736,-0.0494693917515258,0.015179349196771,0.6463288704810125,0.1019179670854373,2.229238070236645,0.4069670221674512,-0.1819161112233344,0.4407007631265462,0.5055963621971862,0.0163210314043988,-0.0531223074345222,-0.0935276293419682,-0.1171474344184242,0.0407448609316362,0.9897708877599216,0.2322862430666799,2.3382503671705765,1.0783195176970115,-0.000392392645804,0.1695499308981406,47394.77
2022-03-30 12:00:00+00:00,0.507599753370179,-0.0028264939133724,0.0010263192122881,-0.0125599269745788,-0.0455391417628177,0.0147822258472258,0.6053598208598238,0.0951330313871277,2.014879161945708,0.6214080644520545,-0.2499186084368045,0.4200960631791575,0.5054275271937537,0.0162746046753874,-0.049204419408613,-0.0901292424939492,-0.114483831660487,0.0407443426083455,0.9693088770170444,0.2352930407897868,2.240002509272088,1.0740202994467247,-0.3676972247713647,0.1719243582471341,47293.41
2022-03-30 16:00:00+00:00,0.5061369110029488,-0.0035643983562512,0.0029315223674306,-0.008970440161979,-0.0412210630921682,0.0145604084959379,0.5542728058285009,0.0859901790577409,1.8375355715192696,0.9946009702357734,-0.2822077950089564,0.3978569241911423,0.5052176735542829,0.0161482520302407,-0.0448835567488355,-0.0862242750593671,-0.1112768708462935,0.0407470585006489,0.9475218228639912,0.2380743023750169,2.1836346873323507,0.9087114673064954,-0.2458918763923522,0.1742706855012912,47162.06
2022-03-30 20:00:00+00:00,0.5055116584942259,-0.003811869097546,0.0030230263479718,-0.0077513743861471,-0.0393379489894762,0.0145378625831668,0.5228074352838042,0.0734537307784907,1.895443558004402,1.3996649905018428,-0.0091857422782006,0.3785733155255837,0.5051389927601081,0.0160015982818224,-0.0429927662214169,-0.0846679962984007,-0.1103670673216306,0.0406091429872934,0.93681570611659,0.2402804052889585,2.210788916114807,0.8995247935370749,-0.4616115938194914,0.1765892452104082,47153.94
2022-03-31 00:00:00+00:00,0.5041948144585304,-0.0042343809315165,0.0049897421714866,-0.0043804909182146,-0.0351562985255771,0.0146406016249601,0.4335709843511144,0.0561910634771064,2.0025580544318013,0.7355141005701356,-0.2913296595858153,0.3611921473225185,0.5049346518458403,0.0158160562052601,-0.038797315669628,-0.0807961878977396,-0.1071584182435421,0.0405358069345654,0.9161953340686804,0.2429280174092376,2.248594898141977,0.8956967274001614,-0.3477544961266762,0.178880365988729,47022.82
2022-03-31 04:00:00+00:00,0.5045529871685297,-0.0042353625864193,0.0030249252228347,-0.0054305502065299,-0.0354046242199291,0.0143099980423473,0.3696175222068136,0.0334087195151238,2.078410723173494,0.4627578995595693,0.1941781880825091,0.3460360322817171,0.5049965261847317,0.0155798797780698,-0.0390196907117436,-0.0811717357184944,-0.1080853436092148,0.0402359106155667,0.9152262888676068,0.2439424196260099,2.3324470090904623,0.8308206606800915,-0.4134263611548463,0.1811443725615223,47110.82
2022-03-31 08:00:00+00:00,0.504899847022199,-0.004388994076292,0.0008610337642676,-0.0064561805300392,-0.0354751815211967,0.0139063063811215,0.3444526834878683,0.0239633330291594,2.0696060599694834,0.4387225034248877,0.2569868525037774,0.3307474852082193,0.505042760011704,0.0152872392548596,-0.0390534302885173,-0.081275697196231,-0.1087051647561946,0.0399216997774707,0.9133890659064609,0.2447333698548672,2.3976678164352703,0.844353089489427,-0.2485700370374557,0.1833815858111036,47181.42
2022-03-31 12:00:00+00:00,0.5046786024448461,-0.0042235247262658,0.0008444958895235,-0.0058204506035147,-0.0340843353542075,0.0134413351892677,0.3213498177461077,0.0224793729145314,1.9723318854266825,0.5427434566231045,0.0060268000256608,0.3183302861471606,0.5050118107715882,0.0150428806225441,-0.0376362670045045,-0.0800170576555321,-0.1080119225593081,0.0396691213513312,0.905295785003293,0.2461898195702021,2.3880578792025458,0.83361739172531,-0.1241377748077321,0.1855923228223165,47183.3
2022-03-31 16:00:00+00:00,0.4991616103598322,-0.0046953884614275,0.0140285031909175,0.008732046865707,-0.0187855891156956,0.0141006061670872,-0.2522137211369363,0.0247469835110823,1.4892751202674277,2.244805937344792,-0.4892622980187044,0.3027549877104007,0.5041441962588935,0.0148925665312926,-0.0223387272469097,-0.0653191749431354,-0.094217583136823,0.0400768974813904,0.8394644842385726,0.2510566968080773,2.2458631597385703,1.0599247402157048,-0.4448191767385337,0.1874121619237237,46499.95
2022-03-31 20:00:00+00:00,0.4931808935170529,-0.0064957134183683,0.0280215312176883,0.0262008220707992,0.0004352809418535,0.0154870565307145,-0.4675623508871835,0.038206086643558,1.024492993217195,2.134568266304269,-0.8801701159064308,0.2893209574256288,0.503081686597421,0.0144736676269702,-0.0030696514412511,-0.0463738949142911,-0.0761155192768205,0.0408895138177567,0.759114681742935,0.2554675094339355,2.125983597660688,1.215349609920738,-0.7254945428132114,0.1882210792898588,45615.78
2022-04-01 00:00:00+00:00,0.4925887639617798,-0.0075917720979148,0.026027945828186,0.0271760808675882,0.003585735952059,0.0152637607175362,-0.2870111314488056,0.0485819645426838,1.0147151390384983,0.8868448457018139,-0.201403287358387,0.279064721161941,0.5028872415862592,0.013782146670404,0.0001926583850262,-0.0426708910305735,-0.0727499100710343,0.0410867982031508,0.742759475173548,0.2556285864631979,2.0906113382840137,1.2493332070881276,-0.6411157478585556,0.1888162551349843,45475.83
2022-04-01 04:00:00+00:00,0.4875895490344171,-0.0093559841164549,0.038166603633692,0.0433411901363927,0.0222330534151147,0.0160865150940065,-0.3476871574578958,0.0649770780607966,0.5966881012278444,1.6698666740640395,-0.6000731076369368,0.2769154507361797,0.5018815204883067,0.0130856779546379,0.018941698334931,-0.02383102370757,-0.0545818465589342,0.0421290255311321,0.6656572852306797,0.2596122477484765,1.874674805399823,1.4784427090415555,-0.7336571096622768,0.1887065821254655,44621.88
2022-04-01 08:00:00+00:00,0.4910558535207893,-0.0101612399302797,0.0221890638722792,0.030580885944353,0.0125247498370093,0.0162537036482044,-0.053184900935294,0.0769943651735931,0.8346272185489965,0.7022261253708718,0.754902514834711,0.2792411936399692,0.5023076008934022,0.0119850606795159,0.0094343445567193,-0.0319758956908412,-0.0624990100809371,0.0421565624882796,0.6965668641448268,0.2562062051347547,1.9972145949968656,1.5239044377093245,-0.6382374536672532,0.1880631013188426,45017.01
2022-04-01 12:00:00+00:00,0.4917810990090185,-0.0096451992213935,0.0177394747471217,0.0274157006581361,0.0114892705004872,0.0160823726540219,0.0277655450701558,0.0833737102343513,0.7833205529521782,0.6713112078973805,0.0779319578844895,0.2741418979512468,0.5023145778370623,0.011160672842576,0.0085396310600676,-0.032064061598603,-0.0626846984659621,0.0425209364236834,0.6955446587295733,0.2550861868276363,1.9605994512107872,1.546026365602945,-0.6298098330104408,0.1874272357680407,45046.91
2022-04-01 16:00:00+00:00,0.5027140716675733,-0.0076443342449495,-0.0160990811190482,-0.0073674890981323,-0.0215464549730941,0.0161405032040978,0.4598963016491457,0.082525688491791,0.9920737837624194,1.870354419182623,0.7567865003668399,0.2649329401266099,0.5039825996051956,0.0102055892071876,-0.0243047345539763,-0.0630816820458034,-0.0929125968576464,0.0413681311392782,0.8245091827926982,0.2460251054124797,2.0663222429524675,1.4959131041041025,0.030370494498042,0.1868073163254905,46573.54
2022-04-01 20:00:00+00:00,0.5010222454504364,-0.0053655558724218,-0.0088834712097356,-0.0021223555523408,-0.0159430417291243,0.0169803733480254,0.4138385266968355,0.0812595294425414,0.5324900240456419,1.2338445448907926,-0.3348387924033638,0.2478407478904262,0.503664061035035,0.0098786898173363,-0.0186622462716998,-0.0574241502444913,-0.0877393261863339,0.04172529552637,0.7991504024446592,0.2469748857944293,1.922259466298568,1.3283130863676404,0.2910253034256602,0.1862283868011898,46339.3
2022-04-02 00:00:00+00:00,0.5001945947350572,-0.0037368188896885,-0.0048106919502681,0.0005001214047504,-0.0128685687022289,0.0165981450434563,0.3993205876400373,0.078282488985172,0.5720395620891062,0.5360366423689514,-0.3244167788245773,0.2319270130613313,0.5034959020512576,0.0095084891763645,-0.015538155758504,-0.0541505128742979,-0.0848551078774411,0.0419774657269573,0.78422258033563,0.2471453094167584,1.932182346770015,1.2530404111840998,0.2980034950805561,0.1856563086023435,46222.43
2022-04-02 04:00:00+00:00,0.5026834613622847,-0.0020475471406321,-0.0109492682397327,-0.0075221793043815,-0.0206298064043707,0.0167562704963456,0.5246180754278235,0.0755045369192961,0.5663993179610063,0.7405604699269019,0.3527779993441591,0.2234256862507562,0.5038891806931579,0.0091274229227584,-0.0232384539600267,-0.0613900382108409,-0.0921850664006427,0.0418405985888071,0.8145890759694807,0.2446609169913655,1.937581298195495,1.0709647362604011,0.7631945525144141,0.1853562847535213,46626.99
2022-04-02 08:00:00+00:00,0.5023475149577823,-0.0009487102200369,-0.0082492915152735,-0.0061532899633066,-0.0190673194305723,0.0164897771929526,0.5268049344938552,0.073468349740751,0.51627025496107,0.318467473762919,-0.1416666666666568,0.2171398417356836,0.5038204587577993,0.0088242600936179,-0.0216377191473778,-0.0596676137708069,-0.0908288398431298,0.0420340337795294,0.8062906731473074,0.2444659903556613,1.918641649696084,0.9941189078144218,0.6274494886804991,0.1851340909604917,46588.33
2022-04-02 12:00:00+00:00,0.502047623877103,-0.0001102218965807,-0.0058869947862242,-0.0049466179325151,-0.0177118337064436,0.0157746375307138,0.5279901543440122,0.072126263201371,0.5098597815946825,0.2875376520734592,-0.08500506205709,0.2118371007064577,0.5037641057901068,0.0085353549508066,-0.0202463932317661,-0.0581585028813897,-0.0896800854534494,0.0421960820777455,0.7990527707458174,0.2439759445667496,1.9325091934278107,0.9198155183010236,0.6060997973941523,0.1849145267137645,46560.63
2022-04-02 16:00:00+00:00,0.5000295585814765,0.0004385840523342,0.0012398971206368,0.0012813460531406,-0.0114018173371792,0.0157889024490621,0.460405489089561,0.0702743011469392,0.3578651787414456,0.7437849508762178,-0.3142744382230422,0.2054559919346662,0.50341565935961,0.0082937077585131,-0.013914021331541,-0.051897519162964,-0.0839357840696253,0.0423822673273796,0.7713580993578778,0.2444042408378966,1.8680727718824448,0.7035550396105794,-0.2091651059034941,0.1846975608940467,46299.59
2022-04-02 20:00:00+00:00,0.4989816341137171,5.479485698565436e-05,0.0039700689777051,0.0044297808574536,-0.0076028725463951,0.0160436229161237,0.4263333120817499,0.0683749042960323,0.2721488870728656,0.7071518643341829,-0.1852621017138999,0.1953863532674321,0.503188847239175,0.0078854829899615,-0.0100577807366887,-0.0478109178981313,-0.0801993027812953,0.0423817165723832,0.7531235200849983,0.2440011897876451,1.8334921880721988,0.5859290871116547,-0.1264453846007462,0.1842786602266405,46138.78
2022-04-03 00:00:00+00:00,0.4972180322038379,-0.0002431395873858,0.0090669737418997,0.0099042596377847,-0.0015073350419507,0.0160726035365777,0.3537003067790045,0.067142895877565,0.1283287374328634,0.4967412216831983,-0.4571849540648281,0.1826035942815267,0.5028501285495794,0.0074897995521828,-0.0039094119136521,-0.0414994509569327,-0.0743008639337853,0.0425309541524046,0.7255713632984561,0.2433512647533558,1.7642867505039193,0.5678386410033214,-0.2267454029951117,0.1836320279130351,45871.46
2022-04-03 04:00:00+00:00,0.4978768932609875,-0.0007973044021631,0.0057965237068067,0.0074776417094815,-0.0029879401888379,0.0158999339300076,0.3956191277188006,0.0645132137078825,0.2713356865055133,0.5604711716938213,0.1341358715938824,0.1730064594232188,0.5029000326081804,0.0069668595141226,-0.0053049675729851,-0.0423373590828283,-0.0752522351226422,0.0423332951964801,0.7289059701231148,0.2400158906675145,1.8035891970637985,0.5276661517850573,-0.4862017951891171,0.1829349059737916,45943.33
2022-04-03 08:00:00+00:00,0.501202468785235,-0.0004266013685897,-0.0042243910434308,-0.002987883945922,-0.0129782774044598,0.0157529872400978,0.575186234582342,0.0616420593014128,0.2566177128275664,0.431280162396201,0.7482583230579516,0.1629679379495528,0.503419305477211,0.0065349530141928,-0.0152193732753145,-0.0515633544986879,-0.0843729328982423,0.0417532723681844,0.769350137167042,0.2355397420850732,1.7881533187922882,0.540913855430034,-0.109887765117569,0.182217113008519,46428.8
2022-04-03 12:00:00+00:00,0.5000706840672976,-0.0002519180862675,-0.0005605528516479,0.0004497747561422,-0.0091770368919612,0.0153022155258063,0.5379735343352309,0.0584800929953869,0.1266838364224068,0.3312190713424299,-0.4235449735449696,0.1534266811972738,0.5032122364312374,0.0061912936987087,-0.0113724653439438,-0.04751923049572,-0.0806665823540719,0.0417613381407501,0.7509318411025625,0.2347332600056878,1.728096059541032,0.5446995298691154,-0.2030612099745368,0.1815078147442556,46268.91
2022-04-03 16:00:00+00:00,0.5009629960709611,0.0001301051837402,-0.0026283018642198,-0.0021866021401649,-0.0115793009783329,0.0149645356451339,0.6050599442775939,0.0557033558728416,0.1196362720634988,0.5407518687534931,0.2498277114492816,0.1454117853794206,0.5033335506923617,0.0058622168458455,-0.013725420359631,-0.0495090190863715,-0.0828046195229946,0.0414716548650679,0.7596895247977951,0.2322362671857998,1.73618286406531,0.503591968985595,0.090856065665235,0.1808187974433421,46405.05
2022-04-03 20:00:00+00:00,0.5010162139392473,0.0003315308600917,-0.0023922153798475,-0.0023165919917443,-0.0114662236447382,0.0147014319033522,0.6368375450939282,0.0517317610068529,-0.0644654178470642,0.7143026679477423,0.0290670004054186,0.1388525859858433,0.5033185581030873,0.0055443253134495,-0.013567370083962,-0.0490632851425535,-0.082578768081041,0.0412721591051933,0.7576918471155616,0.2299957586567868,1.691379795531573,0.4959625513873011,0.2298731535003228,0.1801876242716947,46421.54
2022-04-04 00:00:00+00:00,0.5003535406888716,0.0008140574692066,0.0004886802579207,-0.0002706372052829,-0.0094606198270346,0.0149098112422353,0.6182913315094928,0.0504331949730777,-0.3494303006195874,1.2402148294784168,-0.0551531846840393,0.1370404292785776,0.5031893524457611,0.0053142648629177,-0.0115355733472416,-0.0469064386923218,-0.0807387971047193,0.0412357745120025,0.7476796872949085,0.2285809969450618,1.6540672110239143,0.601966116265949,0.2537852117267259,0.1798268047878163,46358.05
2022-04-04 04:00:00+00:00,0.4981048057955207,8.272048532773765e-05,0.0063371092633357,0.0064967134169882,-0.00203080763572,0.0160635531781236,0.468873017644619,0.0505961511370799,0.0147228459768253,1.1791323089853898,-0.4795360004466904,0.1321494434673035,0.5027664225995696,0.0049111772432932,-0.0040512474576221,-0.0392105043528256,-0.0734302060930859,0.0415134941931752,0.7121511622719843,0.2279775439449269,1.683740536501002,0.6799900845628812,0.0429821892480159,0.1797400786133308,46016.79
2022-04-04 08:00:00+00:00,0.4994472884095967,-0.0001567155794229,0.0016791736446752,0.0021643542054454,-0.0058230042878696,0.0155916834643997,0.5392424684560787,0.0498446179728621,0.0390748484684719,0.4867949030420169,0.4069128559858124,0.1277233821165486,0.5029526956858412,0.0045087129265009,-0.0077768082776488,-0.0423909445447685,-0.0766309058550817,0.0412958544746188,0.7267182274684398,0.2241917689790692,1.6909168972167778,0.678312351308204,-0.1330364874669427,0.1796543787973603,46201.64
2022-04-04 12:00:00+00:00,0.4992879292658654,-0.0004665309372916,0.0015284061431597,0.0024954778907841,-0.0049098464732426,0.0151659454139402,0.5002108966734846,0.0440652099394301,0.0758754904940278,0.6828390967654919,-0.0681773321226968,0.1221703148630468,0.502879148194468,0.0041066537187357,-0.0068017502426882,-0.0409938302200491,-0.0753914156460946,0.0412784575829068,0.7203226567131312,0.2210561714173255,1.7002526739912809,0.7147458161115164,-0.062501462775294,0.1795696931934937,46164.1
2022-04-04 16:00:00+00:00,0.4954402422360046,-0.0007670878693303,0.0127939650468764,0.0142822106936786,0.0074057760185739,0.0151583796272761,0.1107632289847631,0.0351053472941536,-0.2509483940090583,1.7358613970382897,-0.6849990192232309,0.1158112301520351,0.5022046585507328,0.0037393796897065,0.0055566728347009,-0.0285771473738624,-0.063511574816767,0.0417480181469734,0.6616576156440231,0.2207181603345162,1.638099719785676,0.8452506949432466,-0.4204458592056644,0.1794392233460885,45601.99
2022-04-04 20:00:00+00:00,0.4979614078184294,-0.0014556673166926,0.0034372261269546,0.0061150804101524,0.0002650498918292,0.0153431050999935,0.263096704930469,0.0306090757443748,0.1617698578164322,1.6590897228080437,0.3748607834449028,0.1117397406585534,0.5025366785653967,0.003195456772074,-0.001484846269011,-0.0347466176057824,-0.0694743709421219,0.0415285623307687,0.689966986284498,0.2164204280099029,1.6846881173066932,0.9469151135156776,-0.2175279016187432,0.1789040419576787,45915.02
2022-04-05 00:00:00+00:00,0.5024001091111825,-0.0004621053749777,-0.0089402796170654,-0.0074850690200569,-0.0133287481417424,0.0159644188366122,0.7273155470159823,0.0267282551504596,-0.4365701209263712,1.5329971699473437,0.5602924509812254,0.1080997446260913,0.503228504844652,0.0029221689254304,-0.0150242539506166,-0.0475754460321374,-0.0820068004727726,0.0410091917676536,0.7524888403415967,0.2112236320474503,1.5835680575370463,0.9538245637804532,0.117831498189337,0.1781968627747941,46568.89
2022-04-05 04:00:00+00:00,0.5029663855063088,0.0003679651590318,-0.0091036353927719,-0.0088388808695238,-0.0148668740273455,0.0156831355316228,0.7902654294950407,0.0272367655710035,-0.2539637909481425,0.6847443523110629,0.2750126682056247,0.1075929531754678,0.5033152803285657,0.0027321368354888,-0.0165373436515088,-0.048832552640504,-0.0834016393514982,0.0408869492201741,0.7591054792358997,0.2088738196572375,1.625155595926801,0.8660933191348182,0.3683131175603238,0.177522602555682,46667.69
2022-04-05 08:00:00+00:00,0.5033100191211111,0.0010342519431772,-0.0085450751419214,-0.0094002130163439,-0.0156931779714288,0.0150961584913138,0.8149569060123414,0.0282914323883301,-0.4122812714552357,0.5864338718794044,0.2081014036786101,0.1079606515718814,0.5033696843523332,0.0025774855287155,-0.0173458843506569,-0.0494480199638419,-0.0841904768924958,0.0407918088262559,0.7630300219300533,0.2060258545599787,1.5776613153277963,0.8700849246576667,0.3038580395125608,0.1768563218504978,46736.49
2022-04-05 12:00:00+00:00,0.5031136674077701,0.0012949436207832,-0.0069407441755663,-0.0084271339895968,-0.0148564033712033,0.0144374441482383,0.803090191684272,0.02819268018582,-0.5304960847696807,0.5887841412801855,-0.0624945257072635,0.1078846830766458,0.5033321321679428,0.002400332494272,-0.0164884925780156,-0.0484106676737281,-0.083364655999562,0.0407697192258583,0.7578430785883798,0.2046878003278667,1.5402226754389623,0.8513110431023673,0.3172134435361302,0.176197926225904,46722.22
2022-04-05 16:00:00+00:00,0.4960824852343075,0.0008049158627081,0.0134362777828871,0.012366791103757,0.0061019757895277,0.0153018199054546,0.0959279937840883,0.0297961917033268,-0.9720757303323138,2.781105213809696,-0.6421533333333306,0.1067977708656991,0.5021814534810146,0.0021593059648484,0.0044792998788287,-0.0277586193782878,-0.0635777806449097,0.0416630850706349,0.6532568318040939,0.2075948277078732,1.4728022883042562,0.969331399429758,0.076161675692128,0.1757602825137477,45759.66
2022-04-05 20:00:00+00:00,0.4981048621536713,-7.76481860766372e-05,0.0059605290222732,0.0060622797133012,0.0005302933603228,0.0155960938653885,0.3067345206347401,0.0299095934690182,-1.7541822273183665,2.0784997893701838,0.3434163208851917,0.0998507826155121,0.5024347359322873,0.0017462494397742,-0.0010175435308346,-0.0325554551953398,-0.0682262579340029,0.0414431244259357,0.6764709591860605,0.2043396239846847,1.39673999250941,1.0291670137038538,0.0570896842007582,0.1753243053870155,46009.84
2022-04-06 00:00:00+00:00,0.4943961128539497,-0.0007492117803407,0.016468237976253,0.0175991737971732,0.012714950942904,0.0157002100927243,-0.0737270073028674,0.0301734604530174,-2.847290770583855,1.3332117885648478,-0.7432526321415244,0.09476262973912,0.5017653907152295,0.0013560826653315,0.0112163904197242,-0.0201578052069952,-0.0562973080603759,0.0419080553817453,0.6133672473646086,0.2055528337258536,1.2461404986542677,1.0186376853913222,-0.612820148290721,0.1747857404940093,45449.25
2022-04-06 04:00:00+00:00,0.4937832060277071,-0.0021515300306495,0.0162287572359602,0.0196614820855032,0.0161553001919032,0.0169890360903674,-0.0619211751537371,0.0362890870870892,-2.5762722449535698,1.8652408587590523,-0.1778698419666351,0.1022628517146477,0.5015282982060172,0.0007552184106306,0.014757957636593,-0.0158991896954607,-0.0520783114058609,0.042296080933589,0.5904833793906749,0.2047054260679225,1.2392441830217833,1.21377234166222,-0.5036285406955882,0.1733013256034889,45263.08
2022-04-06 08:00:00+00:00,0.4941791977578007,-0.0026379218985128,0.0129071077800149,0.017530091860981,0.0150589203866577,0.0164628962525894,0.0199383683298098,0.0395076911030455,-2.4180472040992016,0.7217201657149549,0.0525089287975781,0.1087344437176235,0.5015436909798027,0.0002372724471033,0.0137526254230748,-0.0161483585417456,-0.0522329082510044,0.0425016129584731,0.5899826243491127,0.2028185163134355,1.167937613244213,1.2541657385812064,-0.5194621728217995,0.1717790582049262,45287.71
2022-04-06 12:00:00+00:00,0.4914909702859543,-0.0031446969524365,0.0202444770368124,0.026177824135295,0.0248145297088939,0.0162078551857719,-0.1517042026201164,0.0439701706557456,-2.322474433052175,1.0382655931651368,-0.5813290937996817,0.1156512141548174,0.5009995085915332,-0.0003141242555544,0.0235926814938081,-0.0058070567079546,-0.0421486726437934,0.0431669218273674,0.5361605850415332,0.2027575620469708,1.1459538164594536,1.3440126340930751,-0.679903191107924,0.1702748060378193,44826.64
2022-04-06 16:00:00+00:00,0.4882325053001889,-0.0045315152999742,0.0296616627694039,0.038347561493452,0.0388376551690019,0.0171377302291676,-0.2561182951320542,0.0554757361281791,-1.9732208805495568,2.8067560975769363,-0.4824854106336991,0.1295128801128168,0.5002377403901661,-0.0010896508814823,0.0377387773116797,0.0090374746675352,-0.0275800317827896,0.0439571695613354,0.4598176603590567,0.2037280518476407,1.1443502156043306,1.4598239059805305,-0.6237889594528588,0.1685402053680696,44165.43
2022-04-06 20:00:00+00:00,0.4873132306219776,-0.0062293555114251,0.0313500786349854,0.0435817690322524,0.0465357920619811,0.0181002701865284,-0.1811540138117928,0.0714759093291952,-2.920497938374703,2.900331978650916,-0.3624132800315536,0.1483124715290902,0.4997857093164869,-0.0020560567912944,0.0456053045871152,0.018071206144516,-0.0184717174887685,0.0445954815793278,0.411174202043139,0.2033533519899663,0.9978844666318056,1.713837979098525,-0.7611909421113159,0.1669166226791217,43761.09
2022-04-07 00:00:00+00:00,0.4849018918804525,-0.0070979566191156,0.0380057236985467,0.0528723493322118,0.0580892578607459,0.018537496928973,-0.2052953947998536,0.0836601881937541,-2.9145692748165004,0.9464795906248128,-0.6033239191831404,0.1673761946052703,0.4991705902050198,-0.0030025295010374,0.0573187179858849,0.0308450205213723,-0.0057450798346473,0.0454059818384142,0.3444431543887245,0.2037218891163979,0.9064172238155456,1.706783133516263,-0.9362883305471696,0.1654586483727488,43206.04
2022-04-07 04:00:00+00:00,0.4865718640361299,-0.007850985159132,0.029063758639205,0.0465290384487244,0.0541909769633197,0.0188342085910264,-0.0586189756041156,0.0961017633039503,-2.7681003173921725,1.1421096844496184,0.0894727283733902,0.1889264098672939,0.4992591888363455,-0.0040032321864903,0.0536112219582769,0.0287481044854194,-0.007272954770121,0.0455377471040271,0.3478329068295857,0.2008997864177142,0.8520695579893476,1.657642808307927,-0.7153243265561116,0.1642914975448053,43274.58
2022-04-07 08:00:00+00:00,0.4881332467259377,-0.007598633089826,0.0198423902768591,0.0385071829252874,0.048098626353529,0.018231913202147,0.0526633361157808,0.1024777946011311,-1.90817339403639,0.5339431370170562,0.4906593090762776,0.2084502763044478,0.4994507121650358,-0.0048779419651777,0.0476886409343944,0.02435935290571,-0.0110466463795251,0.0455810213744434,0.3629431432947627,0.1977025223394964,1.150171062571038,1.6514389919170134,-0.6733939988003462,0.163198456518811,43442.57
2022-04-07 12:00:00+00:00,0.4907021937702186,-0.0067680997630557,0.0090776356416857,0.0279641903913643,0.0390455913729614,0.0174158738439051,0.1692168050620863,0.1080526762483505,-1.672572170638966,0.5682155848303354,0.5312720598616426,0.2246507836767008,0.4997920568175896,-0.0056346003239113,0.0387869880771458,0.0169419065859861,-0.017774153482396,0.045436122505139,0.3936513463763192,0.1935879117744752,1.241664797446537,1.6008049329259586,-0.4759966627084152,0.1621183510566289,43743.61
2022-04-07 16:00:00+00:00,0.4890388048053058,-0.0058593089418053,0.0156430297332472,0.0345769654024028,0.0470612050061354,0.0174200723940214,0.1252313170905922,0.1132150976440379,-1.6553507767305513,1.0194740829046811,-0.4641160800317379,0.2350818373522597,0.4993448967694103,-0.0064165079236731,0.0469373068777345,0.0261510201479722,-0.0084546583251515,0.0458360163788072,0.3403794717799868,0.1926224188962276,1.204886702267731,1.35390969327042,-0.5343367826904992,0.1610510280726862,43336.14
2022-04-07 20:00:00+00:00,0.4900737663415653,-0.0046923817553802,0.0117092697672234,0.0300105250520095,0.0434949284714849,0.0173905523552668,0.1750517070578061,0.1158240134777701,-1.669038889331885,0.8864674529840734,0.1432973531402467,0.2457399397389597,0.4994378638339238,-0.007060896694817,0.0434948111921829,0.0239318931151211,-0.0101902291663401,0.0455999717979067,0.3467208643431946,0.1907033581444741,1.1696253572552784,1.01279434675567,-0.2654226580692769,0.1599963362930982,43416.1
2022-04-08 00:00:00+00:00,0.4906557774182489,-0.0036403154817484,0.0095279298101977,0.0271410563338625,0.0415067784885128,0.0170694675306887,0.2077744207113477,0.1177569281079013,-1.17147864211634,0.4148939508443023,0.0272710280373902,0.2551650015975655,0.4994596199177639,-0.0076753418167359,0.0416232727743588,0.023218707784985,-0.0104697494536766,0.0453739122415477,0.3459042655271904,0.1893552440182503,1.2932639694192718,0.9158437041705962,0.1971223879579871,0.1589541262342252,43432.08
2022-04-08 04:00:00+00:00,0.4920632345256573,-0.0025724169447716,0.0046667247410556,0.0213078052957604,0.0362982819587707,0.0165744691088358,0.2622913930844094,0.1193538313946911,-1.123326930445513,0.422005345819727,0.3903715069044374,0.2638074744832256,0.499636259419187,-0.0082021592429467,0.0365193463135353,0.0192612252984265,-0.0139012679564795,0.0449376018983905,0.3620065300418114,0.1873525514515944,1.2838257952205978,0.771700741569317,0.3574448789888332,0.1579242501814888,43587.17
2022-04-08 08:00:00+00:00,0.4932679635407779,-0.0016057128798098,0.0006754880820343,0.0162706943052477,0.0317290328040462,0.0158191005551202,0.3109086085059443,0.1161293958609377,-1.0491037569602824,0.3616999310649196,0.3440194732889637,0.271890246240944,0.4997883013974794,-0.0086782228094703,0.0320447096026166,0.0158612781590752,-0.0168056164122202,0.044509652625322,0.3754977405180442,0.1853948364042105,1.2910803752261315,0.7346824458393049,0.3145043359972815,0.156906562168434,43720.01
2022-04-08 12:00:00+00:00,0.4911273522733155,-0.0007616651686603,0.0085863309141935,0.0232607968417988,0.0392207236591102,0.0157849108010216,0.2555499670064209,0.1115623931746768,-1.0282652367524523,0.4485065685971162,-0.5021885269372889,0.2745863730026336,0.4993719692900645,-0.0092070081224978,0.0396259425664473,0.0242783661894578,-0.0082815906531874,0.0446208938325838,0.3263156744955751,0.1854896204568638,1.2747652532500666,0.7093567691338808,-0.4079008186365597,0.1558314121116598,43348.44
2022-04-08 16:00:00+00:00,0.4940379868909435,-0.0003321493360481,-9.863941318177805e-05,0.0139493455210939,0.0303222470915205,0.0160648479683548,0.343520215293,0.103088738625915,-0.9213294481330186,1.2387815882724162,0.2535774255641563,0.2794110648126532,0.4997314330664492,-0.009628634711541,0.0308187511670015,0.0166160040560565,-0.0152842660309113,0.0440904388685182,0.3624710438438082,0.1829365087285443,1.2754598089766742,0.7457014002700845,0.260107199395697,0.1548961505166784,43659.33
2022-04-08 20:00:00+00:00,0.4892084284795469,-0.0004530409010583,0.0174874400401414,0.0319778858568284,0.0494457377990502,0.017419598551668,0.1617148776280667,0.0962451268122749,-1.3032796482749416,1.1322963056142223,-0.6579980223625174,0.2823307070037474,0.4987743014270155,-0.0103727133341904,0.0500595342196636,0.0367156399083321,0.0046591713666015,0.0448360535600757,0.2515701484973641,0.1856674194381983,1.2064432606630644,0.7908615510704056,-0.3960088832487313,0.1541685871935342,42793.38
2022-04-09 00:00:00+00:00,0.487025614164092,-0.0012929828645086,0.0250131286296846,0.0409715536277091,0.0599501682885919,0.0180498880594448,0.0543779190053972,0.0911116849639139,-1.2951202803078732,0.6497728550879561,-0.6669048299514191,0.2879106962450861,0.4982270669826241,-0.0111964074823433,0.0607089788347119,0.0485862495828988,0.0167506541561934,0.0453128570769856,0.1860268554160825,0.1875110381619008,1.2008013529020125,0.8334185270916447,-0.6093591101694922,0.1536751334564904,42281.5
2022-04-09 04:00:00+00:00,0.4886484377137957,-0.0018655590051972,0.0169843948097612,0.033995067955703,0.0542048808343933,0.0176386915740589,0.1199900847540135,0.0868102352844688,-1.056590379306127,0.4417993241507063,0.3925871393380019,0.2949042975315559,0.498399218631867,-0.0118595673645162,0.0550999964140426,0.0444248247860685,0.0133317407246114,0.0451572253969848,0.2025483224325117,0.1865396254707106,1.253918817036582,0.8326575834736158,-0.6182468220338984,0.1533442981268349,42419.91
2022-04-09 08:00:00+00:00,0.4895763457722863,-0.0017379917330104,0.0119424457893824,0.0290771424809248,0.0501433628709262,0.0170892240223404,0.1567976582651426,0.0788542317388476,-1.0264168388191608,0.2155333387220755,0.2864843013071078,0.2991119647544915,0.4984987531314908,-0.0124279690209013,0.0511548816159916,0.0417747054926092,0.0113384723313318,0.045064282458825,0.2112447859337035,0.1856275075377513,1.229560873071322,0.8015836409546103,-0.6443697033898304,0.1530173780587443,42500.16
2022-04-09 12:00:00+00:00,0.4895418121003239,-0.0014364245245777,0.0107996957243434,0.0278172174882902,0.0496480497295139,0.0163274721615336,0.1630293058412662,0.0751477039443115,-0.99849553034578,0.1702355080428237,-0.2911877394636131,0.3019927227981162,0.4984390510283454,-0.0129890731595766,0.0507705699524214,0.042603890653156,0.0127172896220728,0.0451165437608266,0.2016728924254573,0.1852049359480643,1.2134002824136827,0.7453006996442995,-0.4885810216472502,0.1526943269171641,42438.82
2022-04-09 16:00:00+00:00,0.4883769783607403,-0.0010351231696429,0.0138746197635468,0.0306106169553601,0.0531384445022398,0.0156369188252191,0.0944319145175176,0.0670120577492592,-1.0954370316799504,0.4280604223916878,-0.6590102317811537,0.3044985027113592,0.4982000942790784,-0.0135531348900829,0.0543680174774845,0.0473397980400593,0.017887343955433,0.045329536273439,0.1709929713325876,0.1851274545519856,1.1176882474956653,0.5781658458663562,-0.8844285977746356,0.1523750989153902,42219.75
2022-04-09 20:00:00+00:00,0.4910423560050903,-0.0004248689104601,0.0047658572701416,0.0206347769549819,0.0433414723918545,0.0151266441444186,0.2093308582090621,0.0558275441075486,-0.8328996395951123,0.3423213841338217,0.6986814471604461,0.3068447642369752,0.4985753127122197,-0.0138715655109156,0.044648855149397,0.0387598077538946,0.0100926063058541,0.0447898553360914,0.2086395941626513,0.1822638676151462,1.1844262351434904,0.4071455402625699,-0.3279378523734089,0.1520596488085803,42542.43
2022-04-10 00:00:00+00:00,0.4931408466651073,0.0002656237958531,-0.0014700619960155,0.0133176246394997,0.036042446895399,0.0144600504251375,0.328836974602208,0.0498584801509881,-0.779809845239542,0.3717302039804071,0.5599224148381718,0.307605863611304,0.4988489064900052,-0.014146464517528,0.0374165894538223,0.0325540056985711,0.0045763419347799,0.0442011268357008,0.2350992616473313,0.1798932206713484,1.1850038595313008,0.334496055022866,0.705614980929715,0.1517311018702527,42773.37
2022-04-10 04:00:00+00:00,0.4935794891049052,0.0011817172558562,-0.0018460124925243,0.0114477892788833,0.0339662683520309,0.0140404403396055,0.3609455997509225,0.0484063722275737,-0.7703368729389966,0.3552481879920851,0.0908568509768824,0.3045975850557842,0.4988858601351575,-0.0143802525329816,0.0353929808133202,0.0313857821064722,0.0039100372634643,0.0438469525193171,0.2339247435779633,0.1778244061491075,1.173842451940004,0.2961857870629887,0.5298502331082396,0.1512353097098595,42800.39
2022-04-10 08:00:00+00:00,0.4924083403831614,0.0017869118353348,0.0021096261655499,0.0142548116978784,0.0366682908663686,0.0135475359642243,0.2961944904008471,0.0469466048559312,-0.7812862579098728,0.2243131589878192,-0.7654480031984563,0.3008237099398511,0.498693927551759,-0.0146613181047917,0.0381512157599808,0.0349627270440546,0.0078649251928508,0.0437022545011629,0.2060051036820973,0.1762998679929448,1.151546889430183,0.2825996617353717,0.1772860423858119,0.15067461251901,42630.81
2022-04-10 12:00:00+00:00,0.4933252725410292,0.0020105653529688,-0.0001256816287601,0.0112523372339723,0.0335458257539142,0.0130619453402525,0.3487699277827573,0.0474243755970023,-0.7445317970326009,0.320375610256346,0.2399450103986716,0.2995676715797505,0.4987816083709265,-0.0148740585080145,0.0350801253888726,0.0327548709682985,0.0062076407125657,0.043318134040724,0.2110211847906677,0.1744592711163784,1.1446543401406708,0.2870295125283587,0.3545858374706037,0.1501205508835687,42698.5
2022-04-10 16:00:00+00:00,0.4943001793242229,0.0023678183944186,-0.0018724217350325,0.0084983976217365,0.0304910180038093,0.0127596456519387,0.4008739530101162,0.0470564464748356,-0.6188578292534375,0.5107084628593869,0.2147817160799443,0.2959993009740226,0.4988745809370908,-0.0150192567239144,0.0320641730019335,0.0305130021515647,0.0044889586040723,0.042935485947336,0.2157395247591065,0.1722598916408751,1.1641803184637851,0.2661935598493685,0.7562746689037623,0.1495730462752386,42769.64
2022-04-10 20:00:00+00:00,0.4991346324374746,0.003240662887032,-0.0124597955083238,-0.004078514777553,0.016888407382555,0.0126101673861883,0.6805264853397999,0.045375011165275,-0.4027588004198223,0.9417964907493568,0.8534256922903888,0.2851918319528407,0.4995099952032077,-0.0148475397748704,0.0184531724224061,0.0174654766387645,-0.0078515759919169,0.0421164011524186,0.2826058569183293,0.1677063148016932,1.19104046027691,0.3014476703324407,0.8442604733859304,0.1487753951634105,43302.18
2022-04-11 00:00:00+00:00,0.4901170713844711,0.00324927047786,0.0136930777556067,0.0216533781025718,0.0428150129351738,0.0136998493321053,0.1229908762726819,0.0460416263639542,-0.605174925896709,1.7715921911107189,-0.7200313330679479,0.2757853780363587,0.4982000082696436,-0.0153424841365806,0.0444504342847991,0.0441153048214764,0.0185783879840331,0.0430659564380605,0.1215730242598961,0.1702160962656597,1.1456351706959262,0.4124362245848231,-0.3818589241457267,0.1478800628114808,42177.2
2022-04-11 04:00:00+00:00,0.4905594551891148,0.0022188996954968,0.0123651110539297,0.0212281614043452,0.042768306245519,0.0144801982537945,0.1280497824534522,0.0465067143194129,-0.8804099141833271,1.313933205321706,-0.1083410773223882,0.2764062400397176,0.4981474252009733,-0.0156479829675873,0.0444720560479148,0.0450807811689919,0.0200843571272333,0.0430844001623004,0.1095586206988307,0.1696527421725758,1.1125993104147471,0.4895396812533304,-0.4220541343134629,0.1473643597613796,42109.55
2022-04-11 08:00:00+00:00,0.4928857751146738,0.0017972858414356,0.0048924871719073,0.0138769560521099,0.0353766567203674,0.0142401859612876,0.2770623842934824,0.0452060673543073,-0.700934780537788,0.4887328391188009,0.8728270814272644,0.2768315835313876,0.4984383187069687,-0.0157600928098607,0.0371211697399498,0.0385611716564955,0.0142486139846018,0.0427948403316662,0.1438965896350732,0.1690298299182538,1.14145367095437,0.5102754363338537,-0.1723523111749405,0.146860734932075,42347.2
2022-04-11 12:00:00+00:00,0.4842070072130198,0.0006604843753567,0.0305890206788992,0.0412267040578138,0.0640062735719162,0.0149669306729546,-0.2762641842869578,0.0486371194708832,-0.8113891065578935,1.8842575138881876,-0.8775573420931345,0.282156784850056,0.497039852165644,-0.0165750084845213,0.0658832168991092,0.068434518955226,0.044063952415533,0.0441054652818399,-0.021654144507152,0.175166807338545,1.0711126213090472,0.6498658973695888,-0.6360178118080281,0.1466148359437756,41130.22
2022-04-11 16:00:00+00:00,0.4819279697144357,-0.0012622045541898,0.036263751768236,0.0498371061948652,0.0743406191157698,0.0158749450390454,-0.3254757984079701,0.0572389936017322,-1.622345237611721,3.0591465227937977,-0.5929741214667771,0.2942888267621983,0.4965029609626534,-0.0173511783684177,0.0763667648148909,0.0803594097957114,0.0565185647464476,0.0448944799924436,-0.0802434109912139,0.1798294305427232,0.9566126412637516,0.9072065237211744,-0.7067343606422999,0.1468994611882542,40633.03
2022-04-11 20:00:00+00:00,0.4794372925333532,-0.0032876641458268,0.0433174862861176,0.0604109324296342,0.0871763377366641,0.0165100546053998,-0.3487830274401467,0.0693549461644164,-1.8157574648711212,2.9886981608203413,-0.517489720992072,0.3093273156813062,0.4958686766823177,-0.0183203492438023,0.0893871116919242,0.095074340339911,0.0718263270792007,0.0459726510999693,-0.147702316133234,0.185778184038341,0.9130738205822212,1.1494895238900324,-0.8856852665053554,0.1475520422177025,40037.27
2022-04-12 00:00:00+00:00,0.4791258977607943,-0.0055259811965362,0.0441018740562952,0.0654372846504853,0.0949932415054866,0.0177487495576785,-0.2477841917360113,0.0876411416559582,-2.423803555208688,2.220041570156684,-0.3995255266654041,0.3283643934527997,0.495470438430256,-0.019414344102941,0.0974202410800109,0.105103538568652,0.0827108611353404,0.0469602126196279,-0.1841181245910828,0.1924617720578923,0.8089645860112462,1.2484190048922916,-0.7957540650090847,0.1487540127221054,39615.2
2022-04-12 04:00:00+00:00,0.4816099821548055,-0.0066830435456867,0.0317831681171258,0.0559992128139419,0.0877260479627877,0.0177603774449642,-0.0660177186391182,0.1019024611341599,-2.291523716849853,1.217138440141658,0.2325369099239853,0.3469496518226787,0.4956763164644428,-0.0202074233510728,0.0903301519113997,0.099890614775461,0.0786809988784436,0.0472031097323176,-0.1488372482182052,0.1964467274633116,0.7904237904869281,1.2684340217190972,-0.7484491207202533,0.1500273406995848,39742.77
2022-04-12 08:00:00+00:00,0.4854951929192874,-0.0060859454119014,0.0164229679098506,0.0409798630218147,0.0737186896050137,0.0176052983085057,0.0984058919202808,0.1094496212578011,-1.880830363647077,0.8776337267932125,0.6893185463702299,0.3598298749859292,0.4961821267535488,-0.0206176026662527,0.0764341314710872,0.0874739671927642,0.0674626377229277,0.0471120361260695,-0.0854689904117067,0.1978026454001427,0.9298869861227412,1.3224517486615042,-0.6978529693683563,0.1512855995123075,40142.42
2022-04-12 12:00:00+00:00,0.4882367930890439,-0.0048209631823069,0.006725719571031,0.0305027703144589,0.0637728141511038,0.017132415430834,0.1990120790615999,0.1141940570068215,-1.63659629758349,0.7687590528556725,0.641350311775819,0.3666816849686974,0.4965301290755921,-0.020932673181358,0.0665766568094539,0.0789047740640049,0.0599359952992852,0.047011286503659,-0.0416023343883063,0.199393352843188,1.029463834629564,1.2344213042203058,-0.3505077738395308,0.1525289674958875,40410.87
2022-04-12 16:00:00+00:00,0.4880323291090929,-0.0034807923517656,0.0100803210055504,0.0328710275461729,0.0667356256422431,0.0172617715237522,0.1860967512463919,0.1181823282311517,-1.491549753086552,2.4766320776437154,-0.231300576742525,0.3679986908916177,0.4963493998957961,-0.0213985500592636,0.0696425200037187,0.0832774053778329,0.065083048763854,0.0472591156635827,-0.0579368038611217,0.2032494260859461,1.0379473725018002,1.2222311838115425,-0.2512985669966033,0.1537576208754308,40199.78
2022-04-12 20:00:00+00:00,0.4832873120546606,-0.0030850980702277,0.0283938562071677,0.0516437383486465,0.0870658316237458,0.0178514876377107,0.0512421879158661,0.1259131064863158,-1.6425675443961625,1.85882493315912,-0.7555298807591873,0.371032601685448,0.4954153458698324,-0.022327600173887,0.0901466837605144,0.1054995508901797,0.087881079006687,0.0481898014645247,-0.1491418729510287,0.2113993798094699,0.9864964115701996,1.1306547483540703,-0.4642293266892703,0.1549717337905124,39339.37
2022-04-13 00:00:00+00:00,0.489601015689901,-0.0025255146347984,0.0051642581991329,0.027835665238842,0.0633337348228397,0.0178037847778165,0.242768563533314,0.1280520210294323,-1.3366265118776035,0.9640331073925752,0.7640742947953915,0.375129884879035,0.4963535890118148,-0.0223387844560741,0.0664619583496457,0.0829097328830721,0.066597810796062,0.0471470257529123,-0.0439789371981135,0.2113040693998147,1.0283577662758614,0.9961674298654783,0.33997169707628,0.1561714783198565,40105.2
2022-04-13 04:00:00+00:00,0.4901451930935767,-0.0014388067324444,0.0042422206065113,0.0257692306497105,0.061503895885087,0.017954452770353,0.2639510541157329,0.1294167860254226,-1.2718901181716824,0.8542287221083432,-0.0406023532005096,0.3720773551891042,0.496363543413781,-0.0226363203645779,0.0647104642286433,0.0823485029013513,0.0669177882176776,0.0470531914855871,-0.0351467102300347,0.2151843456494007,1.0236324604136806,0.9741940262995524,0.2287384590019792,0.1573570245057272,40075.73
2022-04-13 08:00:00+00:00,0.4911813201614164,-0.0002549588098915,0.0014339930946576,0.0213812729652664,0.0569532704638791,0.0176245648755161,0.3022439233664514,0.1282768717335322,-1.2348208963836629,0.4637754315188486,0.2248295282003035,0.3694771342190306,0.4964878200723828,-0.0227744171290918,0.0602109000415338,0.0788593832700732,0.0643071565193431,0.0468307953444246,-0.0144996840022106,0.2182340854335745,1.019102436020743,0.9416543896474894,0.0102769839525164,0.1585285403780278,40157.38
2022-04-13 12:00:00+00:00,0.4885136996067606,0.0005747100424034,0.0122028591406944,0.0311190146831514,0.0670033772099021,0.0172923728831736,0.231844111664976,0.1267426933991458,-1.3386143229808256,0.5252805348151501,-0.8708361278783786,0.3678795412451739,0.495985716757351,-0.0232069487733023,0.070354051174875,0.0902542929914111,0.0763871003306322,0.0472556825831929,-0.0558922137741789,0.2244053080072614,0.9450921634462224,0.9329507776389492,-0.4924296548692017,0.1596861919781169,39689.9
2022-04-13 16:00:00+00:00,0.4990806189413049,0.0020649237867393,-0.022203113941249,-0.0063368643640719,0.0275593969540761,0.0172752811311946,0.5447494878681788,0.1175995505549634,-1.1947269506078422,1.9163893866235897,0.8057370224037849,0.3601127240798804,0.4977087786877505,-0.0223626377816921,0.0308088064219393,0.0507452061252446,0.0380904056107149,0.0455144425961237,0.1145998967141611,0.2193918062523388,0.990699205313876,0.926001349062736,0.4334742647058847,0.1605126360265553,41139.26
2022-04-13 20:00:00+00:00,0.4984655820183634,0.0043313026156161,-0.0152602514340449,-0.0032650431407624,0.0290328179719476,0.0181818420762559,0.5405215153461934,0.112118001015429,-1.398219395599814,1.1148128248767242,-0.1347054706009046,0.3408041406159364,0.4976231409504943,-0.0220968422360759,0.0322494342807624,0.0525487958305874,0.0404065334028476,0.0457241962245294,0.1096422511943913,0.222001757132946,0.9663076878856154,0.8680845560405809,0.7453553252805202,0.1606515583883378,41037.77
2022-04-14 00:00:00+00:00,0.4989043553201331,0.0057995084426061,-0.0129325886807217,-0.0041353967943141,0.0264708159720457,0.0178912615855596,0.5750881524311269,0.1047218355514705,-1.4544947378788555,0.6057559971950323,0.1656841775783935,0.3213352549768636,0.4977176090765223,-0.0217144557688845,0.0296368081679032,0.0501660051723567,0.0385637746226332,0.0457112651342174,0.1224416810469409,0.2236154678497609,0.9432904657109852,0.8405812868976122,0.4927754245675176,0.1606800007480958,41101.04
2022-04-14 04:00:00+00:00,0.5006221327246455,0.0067738667679441,-0.0154525766982368,-0.0094636017535357,0.0192829690224494,0.0172142185104694,0.6749186710324627,0.0920638811652692,-1.325853670547818,0.6738765223018733,0.5853495372951315,0.3022718832572855,0.498029186516413,-0.0211877366298392,0.0223753853026216,0.0429581453131613,0.0319119162454866,0.0454530942470317,0.1555238072533973,0.2240213069266896,0.9642234691837854,0.8381407025037769,0.6623498818700191,0.1607081065075337,41357.13
2022-04-14 08:00:00+00:00,0.5000371357195337,0.0071802275468777,-0.010722286169673,-0.0067478119069759,0.0205293516054951,0.0165601184410702,0.6965893857012002,0.080772898735051,-1.3215349301523789,0.3641033752551475,-0.3280675686243924,0.284162295458561,0.497945612272806,-0.0208428192419711,0.0235754658347606,0.0443733571469384,0.0337858632733116,0.0455611292748704,0.1517677199990594,0.226275231066641,0.9325398632744408,0.8377996306118684,0.5768930523028888,0.1607358796501386,41273.22
2022-04-14 12:00:00+00:00,0.4976890268179473,0.0069657766707221,-0.0012453583736848,0.0016620224950858,0.0279343108720402,0.0161226210676344,0.6207195153018912,0.0749915408743592,-1.5707330405732562,0.5560040611216903,-0.693025753288863,0.2698804610793844,0.4975768611188069,-0.0206775571583818,0.0309637318774254,0.0521709394525027,0.0420095650331366,0.045950223347102,0.1218071883814978,0.2301030400229296,0.8199249874017923,0.8577391407794897,0.6411330138395619,0.1607633241122544,40937.6
2022-04-14 16:00:00+00:00,0.490832550564239,0.0059208571711172,0.0230272657445171,0.0263565402270333,0.0526637532895972,0.0169059061974863,0.2893162275898424,0.0671986086020429,-2.051094379577851,1.645238107186909,-0.7189007092198592,0.2632201531151642,0.4964431293113335,-0.0210050551346673,0.0557569532797292,0.0779445209482472,0.0681380736695618,0.0470185486058939,0.0229373127253294,0.2384850681894698,0.7248619505695086,0.8485114783600182,-0.7264914296658044,0.1608435905993399,39923.96
2022-04-14 20:00:00+00:00,0.490388577773655,0.0036053249397575,0.0221843469825127,0.027882206036186,0.0546921153550186,0.0177034009327983,0.2428656828824298,0.0614599241848763,-1.222130005704463,0.9590001427113763,-0.3154910180853431,0.2640578187839086,0.4963042753364746,-0.0211635968782307,0.0578390369326717,0.0809436167928105,0.071887834022986,0.0471902341231713,0.0177323523266623,0.2430789592955806,0.7893057699936723,0.8389109802491392,-0.6553081299680681,0.1613388907198653,39767.12
2022-04-15 00:00:00+00:00,0.4918059090603038,0.0021234335917814,0.0147435511911175,0.0219588136594142,0.0488990562860356,0.0171859679505943,0.3217181110929407,0.0605633749858485,-0.9654356654111292,0.5733091575367539,0.3979517803326274,0.266089331837877,0.4964967471122859,-0.0211164464670108,0.0520672416459824,0.0758507827879679,0.0675935619527956,0.047039619402828,0.0430437843371317,0.2457139075333441,0.8196317109850441,0.8387659546287163,-0.6110397548784431,0.1619312282895732,39910.05
2022-04-15 04:00:00+00:00,0.4943080576482381,0.0014131494567481,0.0049998484279631,0.0128336955905314,0.0395347093947906,0.0165648336957192,0.4506166223651718,0.0602849032587232,-0.5799588315276621,0.4940717737025549,0.6559931928614807,0.2655792677789468,0.4968613990356678,-0.0209154622745577,0.0426974559024897,0.0669553799199493,0.0594765082614612,0.0467093487781545,0.0817486397917252,0.2471538564917247,0.9328429174212132,0.8050250254186333,-0.6261100955141878,0.1625165558566836,40199.48
2022-04-15 08:00:00+00:00,0.4946244220740454,0.0012183982058742,0.0036301905554985,0.0115030139490934,0.0379172586568126,0.0160663379692024,0.4407964812662587,0.0588086449134311,-0.5886433401201332,0.473200996646651,0.0004200924203307,0.2631480031451322,0.4968865945565672,-0.0207925186180551,0.0410830855665691,0.0658777579463902,0.0590750147147971,0.046686275647491,0.0902447129551388,0.2500972369815346,0.9202437636017144,0.8152293595288768,-0.6100397066592445,0.1630949563808788,40199.25
2022-04-15 12:00:00+00:00,0.4951196865849581,0.0012899971506642,0.0023059644610421,0.0098503250024046,0.0358073648698102,0.0157847776237887,0.4350251048591855,0.0562287124970027,-0.3897201690041898,0.4426508986426002,0.0667477069289522,0.2578766592802144,0.4969433658785352,-0.0206046687321502,0.0389643197432212,0.0642004517247094,0.0580464680697274,0.0466173821454079,0.1005961636136563,0.2527017875094182,0.9840003218428248,0.7862196816316498,-0.4113581384633097,0.1636665118400564,40223.41
2022-04-15 16:00:00+00:00,0.4968837816370074,0.001480699093548,-0.0026004994104398,0.0043915070595179,0.0296898804107705,0.0155441986953696,0.5109512420372414,0.0553656023757436,-0.4856889491171997,0.7685988203378019,0.2055555555555555,0.2513189838134371,0.4971972274569096,-0.0202968423680762,0.0328180429881399,0.0583305773788007,0.0528221602761129,0.0462669405760399,0.1260027394345628,0.2541594391263984,0.9496113961875858,0.607485642496324,0.3804341012380529,0.1641212012964942,40408.41
2022-04-15 20:00:00+00:00,0.4964311312932974,0.0018787725597683,-0.0001231497371259,0.0060031948482468,0.0306040941494731,0.0157750845919987,0.4698978309902878,0.0553189487151288,-0.1704122084562195,0.7350549528997394,-0.1905579601053889,0.2405622279136516,0.4971252538327614,-0.0200530840756452,0.033710440396157,0.0595571008306077,0.0546093084941505,0.0461804032626793,0.1247211736540658,0.2570331417458573,0.993387185105824,0.5367613074906256,0.4710363541368189,0.1643115460372962,40326.4
2022-04-16 00:00:00+00:00,0.4984271460022492,0.0021870296756734,-0.0055337823054405,-0.0002793929901347,0.0234012263754597,0.0150795664593551,0.5751156240664501,0.0547998634388151,-0.1161046946684289,0.4670300023525564,0.7181631543988723,0.2301842299168113,0.4974255983623531,-0.019628105351726,0.0264568752400684,0.0523879240884617,0.0480196849561127,0.0456813059998466,0.1542035843442495,0.2577486933505915,1.000241761546281,0.4984262362270751,0.6113097112374766,0.164499638148524,40566.6
2022-04-16 04:00:00+00:00,0.4974630176566254,0.0025643954076426,-0.0014641166093505,0.0028133014302085,0.0256623525013484,0.014610641034139,0.5032465286376395,0.0534180815525723,0.0908323013753955,0.4507530520910223,-0.4055592105263186,0.217416082117585,0.4972895614406614,-0.0193313207323751,0.0286852519043741,0.0548508066889845,0.0509832801387397,0.0455630349529049,0.1481408888659059,0.2605792430120811,1.0427044546993551,0.4737854605689923,0.2673999999999958,0.1646855042888602,40439.7
2022-04-16 08:00:00+00:00,0.4971565072755767,0.0026216603268732,-1.0250778416098782e-05,0.0036824166313156,0.0257826901026465,0.0140363384855989,0.4640891207940804,0.0507381236802252,0.2686774612957209,0.3053025844125377,-0.218087494388156,0.2053695631283422,0.4972488413750177,-0.0190145177669175,0.0287708183749679,0.0551349038082866,0.0517846531465877,0.0453362145933881,0.1500911947612742,0.2629162104677016,1.0883728447832688,0.4387763638953972,0.2185888888888924,0.1648691708014954,40395.98
2022-04-16 12:00:00+00:00,0.497497156300269,0.0025194908138204,-0.0006412415183001,0.0026931333713742,0.0240946670539989,0.0134077129154675,0.4659208733347682,0.0493527416622728,0.3258509087024881,0.3295843761755961,0.1504876915931306,0.1952081000090524,0.4972957741551783,-0.0186761218049315,0.0270452645238903,0.053566516133898,0.050741023166891,0.0450333283960078,0.1586248481909484,0.2648070539092702,1.097873124314257,0.4124359346156409,0.2216666666666666,0.1650506637178631,40422.91
2022-04-16 16:00:00+00:00,0.4944750401451165,0.0024004624576565,0.0082335725857487,0.0113097055213942,0.0322320780146823,0.0130504708612302,0.2761208716057222,0.0490530732848779,0.2860228055811085,0.6502741899131661,-0.6120844988244957,0.186230092257845,0.4968856246051814,-0.0185074211687199,0.035171948123984,0.0620840987322706,0.0597502986644626,0.0451300775177536,0.1313978373410323,0.2691904510120343,1.0864699592940084,0.3752740115400236,-0.4908991496280616,0.1652532192206421,40066.24
2022-04-16 20:00:00+00:00,0.4959924531756385,0.0018933335196805,0.0034782077091912,0.0068459795306288,0.0273111948284974,0.0129899061574674,0.3443920640279153,0.048124590592924,0.2917681188341096,0.4731092840901229,0.5829879613183382,0.1816793390630508,0.4970819164425188,-0.0181758883402697,0.0302173921138411,0.057273600950269,0.0555014510115554,0.0446375851244784,0.1514468399248088,0.2703553881334467,1.0780964889092444,0.3221838003337715,-0.1662901624483806,0.1656020774648756,40213.16
2022-04-17 00:00:00+00:00,0.4976228693825298,0.0019521232807384,-0.0003741729921635,0.0025324482049637,0.0222255295988278,0.0127394762787487,0.4273104075726593,0.0463452143130144,0.4341372002082695,0.5466149527044732,0.324098739122713,0.1723890530439622,0.4973021277301639,-0.0177471191726838,0.0250789255700116,0.052125118933556,0.0508492306634305,0.0441326728495747,0.1724510112438437,0.2703344362090484,1.0982035686455098,0.3168553301743951,-0.2658167743420747,0.1659468071558599,40378.25
2022-04-17 04:00:00+00:00,0.4967234281576516,0.0018072537877526,0.0020996017732841,0.0048643489903175,0.0240371676958819,0.0125635780224073,0.3862549997017481,0.0441863201906278,0.4811026166286812,0.4552268065214771,-0.3592133499887953,0.1617473381005063,0.4971850448606856,-0.0174609612383929,0.0268615167507018,0.05409867641965,0.0533155897640229,0.0439313994374286,0.1683475756369233,0.2716653217475268,1.0968585993170756,0.3035358420217661,-0.2435718499546746,0.1662874571528441,40270.42
2022-04-17 08:00:00+00:00,0.4970358087762014,0.0016908938583042,0.0013433793033037,0.0039434571092844,0.0225385599982204,0.0121812793657151,0.418549214401711,0.0409534474830516,0.5440514210788422,0.2520352150838744,0.1228079304782159,0.1531198417319426,0.4972260638973626,-0.0171114304035197,0.0253234553748908,0.0526428651982737,0.052346027394319,0.0435898971415057,0.1761074451945326,0.2718950618439915,1.1052793296351828,0.2909007344687349,-0.1384480352235304,0.1666240757368542,40294.29
2022-04-17 12:00:00+00:00,0.4989927289493095,0.0017658048243086,-0.0029427531558255,-0.0007945774818062,0.0170253209145232,0.0117408715367869,0.5684998098432349,0.0354733683125922,0.5655316000307143,0.3352262824216581,0.7671104596718202,0.1432193937551441,0.4974714903941226,-0.0166520963455877,0.0197513002157914,0.0469689453999426,0.0471233480567099,0.043076732670213,0.1984881635911707,0.2707017858240822,1.103558957671961,0.283225545671716,0.0860156261241154,0.1669567106175354,40482.7
2022-04-17 16:00:00+00:00,0.4987865527207487,0.0017740945134846,-0.0019183275559966,-0.0001140162859866,0.017058601302877,0.0114533447341107,0.5946666961528858,0.0290718755345427,0.5781965581174751,0.7048283608335869,-0.0734101151727581,0.1342282608325629,0.4974545196802365,-0.0162835800078896,0.0197403927997996,0.0469885548014026,0.0475838913628792,0.0428020967560752,0.2006401870059763,0.2705033434312385,1.0927036795751912,0.2699570098493878,0.5634182209991466,0.1672854089399147,40452.41
2022-04-17 20:00:00+00:00,0.4984564283064994,0.0013815291982635,-0.0012948172010248,0.0007700862104635,0.0175811297204662,0.0115751535909758,0.6059857852347437,0.0233096264372896,0.6404094653369641,1.1142205393479718,-0.0838968590027155,0.1298383218425177,0.497410329592725,-0.0159932937927181,0.0202338832889625,0.0476143387870295,0.0486862390278266,0.0425649293229838,0.2005285905455026,0.270267372703216,1.0867876174727504,0.3124043565274225,0.2169668686531987,0.167704808182886,40396.25
2022-04-18 00:00:00+00:00,0.4914992326618737,0.0009243413642444,0.0158247094848607,0.0183775763204674,0.0352233062426885,0.0120541246674632,-0.2147568630617876,0.0210773919433039,0.4790250594875422,1.734945854087092,-0.7969949586477297,0.1305145761737425,0.4965321414240237,-0.015996266782303,0.0378969012268699,0.0659039387490405,0.0674910538009272,0.0430814590308274,0.1390154581875879,0.2745862047897356,1.064589601585718,0.3960703700687542,-0.6764032345423245,0.1682546310543719,39670.73
2022-04-18 04:00:00+00:00,0.493399564969451,4.543549535130355e-05,0.0094808325964097,0.0132118181174034,0.0301475377482398,0.0123490670608567,-0.0103690411455979,0.021968261941159,0.7667648037469403,1.1091510517006409,0.4640012692368793,0.1376254142373477,0.4967411472191816,-0.0157673094005884,0.0328070877174544,0.0609965759334338,0.063141532772688,0.0427280808932568,0.1581954871534833,0.2734913902670444,1.0777843115914931,0.4380050914496267,-0.4311614515531317,0.1689976875939081,39816.94
2022-04-18 08:00:00+00:00,0.4861745175482475,-0.0018944012236298,0.0257203941298616,0.032518157201731,0.050928544922562,0.0139336020359569,-0.4109515069903119,0.0356375243045742,0.8822945514092685,2.7113973855081954,-0.6582721738201732,0.1560445447258877,0.4957084286174988,-0.0162100622458809,0.0536956102270935,0.083177446027814,0.0861129946406451,0.0437483156371504,0.0864336156527264,0.2801523465110492,1.0785944103042957,0.6267707282336624,-0.651844356007903,0.1703553441973073,38954.45
2022-04-18 12:00:00+00:00,0.4878216137435094,-0.002961879811494,0.0187253492914272,0.0275788060680839,0.0468629822107766,0.0136929192777565,-0.1493103164507118,0.044808007074554,0.7194876247021704,1.0959895037622711,0.2448764782366621,0.1739928683773018,0.495844208580239,-0.0162386693026033,0.0496665740497663,0.0797130822699692,0.0833712854767636,0.043767159362178,0.1006778531258397,0.2799277104938462,1.0614593517322828,0.6864608089755503,-0.7049857452832944,0.1717720287356845,39032.66
2022-04-18 16:00:00+00:00,0.4909617079743668,-0.0027885382372882,0.0106358072218046,0.0198420268449983,0.0392910233420813,0.013779234446748,0.0419540907327558,0.0483397474462439,0.6467931568333306,2.519778054557452,0.3780103139238002,0.1810676014548599,0.4961810803241958,-0.0160457183909704,0.0420885150250323,0.0723542796561893,0.0766203239800638,0.043601898384582,0.1271141729303959,0.2777313868085417,1.0523446594083057,0.8375683946987398,-0.6125831223107479,0.1731719475600469,39259.15
2022-04-18 20:00:00+00:00,0.5050100620330273,-0.0008866921117792,-0.0244425484059365,-0.0176811232318323,0.00018767937435,0.0147817158412063,0.8276669719957238,0.0481394081343446,0.8896870153499992,3.804838420191451,0.7354503025401665,0.1771751082412985,0.4981403014170859,-0.0150508359500329,0.0028307436953469,0.0319150687649165,0.0364377645644078,0.0421292864091888,0.2701403043295091,0.2663435175880763,1.0638974140815487,1.0963152935844689,0.1455746605624775,0.1742309163205958,40767.45
2022-04-19 00:00:00+00:00,0.5050401003083109,0.001464312721522,-0.0205356919670579,-0.0171746181906573,-0.0010001560876843,0.0156230401698691,0.8246623520323048,0.0501531289238197,0.8128531788295931,1.4579470703100483,0.1067151270991721,0.1708502015440686,0.4982232627950473,-0.0143905574262615,0.0015408943246508,0.0301664524293598,0.0349332451751025,0.0423189288810249,0.278348278246924,0.2642438760181376,1.02147260820801,1.1019791394180127,0.4497137254901976,0.1748647603277408,40817.48
2022-04-19 04:00:00+00:00,0.5037791762000893,0.0028943280282123,-0.0139658114740214,-0.013087643169675,0.0016191860699308,0.0155803562175707,0.7541166491810402,0.0520407614578455,0.3420973346612461,1.1708261898989667,-0.1584818086539876,0.1662212455431796,0.4981086585405101,-0.0138068917477021,0.0040720626358465,0.0323566204647514,0.0373813144666554,0.0427104286437463,0.2721190651444466,0.2633053734765278,0.8953109366762735,1.1376890938051007,0.3291115492709044,0.175327905567537,40711.97
2022-04-19 08:00:00+00:00,0.5034279970944997,0.0035885588928168,-0.0106198801117466,-0.0113999291838409,0.0020279281882997,0.0151188408435385,0.7329046367747095,0.0532155055897011,0.4620845465699413,0.5695194735104763,-0.0573522934625406,0.1607772256986319,0.4980977995999269,-0.0132351396166219,0.0043954586075607,0.0323176263262219,0.0375998815770275,0.0429628609659219,0.2739460816881396,0.2614786451427421,0.9040996140220586,0.9846080262968778,0.7074630263510938,0.1757616455986051,40693.82
2022-04-19 12:00:00+00:00,0.5035360148453429,0.0038994162798092,-0.0091968025634403,-0.0111901720232469,0.0010479946662771,0.0145784675934272,0.7421441743750941,0.0539946315719163,0.6281741802445601,0.7982974583404113,0.0811656165616552,0.1548496544535347,0.4981627104102984,-0.0126600395510284,0.0033296056903997,0.0308516560141178,0.0363767885544319,0.0431025282253923,0.2810801244518929,0.2592639724169381,0.94063453650785,0.981691694695208,0.7541552414166414,0.1761902525452636,40732.35
2022-04-19 16:00:00+00:00,0.5093245719152035,0.0048352474234553,-0.022282872401685,-0.0265265774119352,-0.0162331789749591,0.0146772427517099,1.011560476016129,0.0578541974253054,1.4291204096767611,3.0024677841399394,0.6615656852920142,0.1566736326263985,0.499111404413388,-0.0117122767687399,-0.0141083139288489,0.0122954478143,0.017842861099971,0.0425402799602955,0.3541488783661565,0.2525519438860067,1.0727369208655104,1.101463789498643,0.8105916398006211,0.1763471372820607,41467.92
2022-04-19 20:00:00+00:00,0.5077295141781409,0.0054202960137727,-0.0155254637197234,-0.0216449260304628,-0.0130189811260331,0.0148575764150385,0.9096770613137446,0.0629381688264425,1.0876753033106048,1.2805480337919193,-0.285501093528884,0.1623755304437222,0.4989812670615561,-0.0110067136595096,-0.0110076858647012,0.0147917461990807,0.0204440625403299,0.0426629623004372,0.3467205194400461,0.2507264243274562,1.0328292851131533,0.8986877605520023,0.4897955785003531,0.1762159986601545,41356.96
2022-04-20 00:00:00+00:00,0.5084285883569553,0.0054543705958452,-0.0152920847622602,-0.0225638878659439,-0.0154323410294308,0.0144072500768081,0.912559669974186,0.0666806513396779,1.5536459080780065,0.9771396352749768,0.3414003171159181,0.1677015988105709,0.4991455648598747,-0.010282081892748,-0.0135378131383665,0.0115476068144071,0.0172773987217391,0.0423753995819758,0.3619236326056975,0.2476374559985183,1.093017869899878,0.8720151172342084,0.5515883259086539,0.1760864119946447,41480.25
2022-04-20 04:00:00+00:00,0.5070936156116757,0.0052121911064439,-0.0101704030981117,-0.0181800208976328,-0.0123444043316606,0.0140038496562729,0.8350917452474678,0.070174115849217,2.2897472887996337,0.8210564957140964,-0.3305807788408735,0.1727014168009098,0.4990145082643928,-0.0096440376757134,-0.0105506977262963,0.0139780789579142,0.0198137037766434,0.0423272908880988,0.3545644061220176,0.2456399782740448,1.2769568336919692,0.856310430787379,0.5492901453016328,0.1759583589189464,41371.72
2022-04-20 08:00:00+00:00,0.5067096408888824,0.0048143244667952,-0.0079664112749215,-0.016416822274042,-0.0117781493262371,0.0134302329357124,0.8039147016411204,0.0732162115485221,2.7020436983290863,1.1499315958948713,-0.0116016313933157,0.1781137247693254,0.4990177139304848,-0.0090007091666546,-0.0100863692034258,0.0138285031659213,0.0197478672056012,0.0421717445896641,0.3574948391402978,0.2430771667583737,1.3763861005019091,0.9486863073679378,0.5668460909925582,0.1758318212838332,41369.2
2022-04-20 12:00:00+00:00,0.513334418856568,0.0046985927889167,-0.0234913729409396,-0.0326647294502645,-0.0294839560967153,0.0130775862708895,1.0113357471146205,0.076087550286588,3.466038473207594,1.7341998797529656,0.8912793839502847,0.1869441848260566,0.5000348959245361,-0.008138129870773,-0.0279367506750778,-0.0051832408029917,0.000648427799321,0.0412388393501895,0.4395433102016263,0.2356188071127401,1.5409046139639886,1.102574435846882,0.9196254540980512,0.1756199532575487,42155.3
2022-04-20 16:00:00+00:00,0.5041245235655288,0.0044823009367929,0.0005859671507371,-0.009298888848626,-0.0073289005853366,0.0138517676288844,0.6957407471679181,0.0818962451401163,2.814933425966968,2.157737111614844,-0.7985559819848229,0.1979803111100448,0.4988741386140933,-0.0076263751153808,-0.0058598618657006,0.0166645496138659,0.0226352861576073,0.0419917339618604,0.3506792743811591,0.2381553389883096,1.482363584402756,1.093486346078737,-0.1924437048208416,0.1750403519864181,41245.89
2022-04-20 20:00:00+00:00,0.5038424551309421,0.0032477910331005,0.0002337677731054,-0.0086576359497207,-0.0072347897919866,0.0142783444025687,0.6834988045760338,0.0829779257071421,2.3302309899905778,1.5943142816565186,0.0137370883729122,0.2000600202192661,0.4988986925536776,-0.0071306510749885,-0.0058398085884273,0.0162084771426489,0.0222915403408665,0.04183504340395,0.3545905628467353,0.2367996240656465,1.436392711030577,1.200754498135853,-0.0793155057346593,0.1745932986346898,41253.65
2022-04-21 00:00:00+00:00,0.5043228129593773,0.0025918624829507,-0.0013121236158666,-0.0098108056055642,-0.0091085253952865,0.0143492014984507,0.6934349360945917,0.0843347024629252,2.6729063572967093,1.015965873009756,0.1818883554551451,0.2019792983192003,0.4990316004836842,-0.0065758830265613,-0.0077998338231399,0.0136449520999073,0.0197830139467027,0.0416181745783877,0.3674123219254733,0.234945039389988,1.5171146600988756,1.254599422772661,-0.0992379236090952,0.1742291051631247,41350.25
2022-04-21 04:00:00+00:00,0.507081097067375,0.0023025177107553,-0.0083004621280612,-0.0167953832229815,-0.0169546115865562,0.0140145290191273,0.7705351758615057,0.0851507362569099,2.579024373929677,0.7635772559379668,0.7896128129373359,0.2056209715945851,0.4994938336331154,-0.0059459290578127,-0.0157479278273739,0.0048904441367974,0.0110018745941025,0.041146708072722,0.4065974972700293,0.2321437239283511,1.532834838751974,1.2882844851344435,0.2537683837566197,0.1738692217291336,41705.74
2022-04-21 08:00:00+00:00,0.5086622918006927,0.0019064187640484,-0.0122286998884735,-0.020520825765166,-0.0213993014210323,0.0135212836823206,0.8081527512879276,0.0852172067919218,2.329427341691526,0.4643267198192558,0.4184390243902382,0.2082244008310395,0.4997754759929033,-0.0053786426724523,-0.0202829691493762,-0.0003414832536944,0.0057667682536466,0.0408225638766285,0.4311796769542021,0.2303509148786843,1.5063766937476974,1.2244628951139789,0.4241283464927683,0.1735135973256953,41919.06
2022-04-21 12:00:00+00:00,0.5128354291168379,0.0023648756425735,-0.022491151084877,-0.0317261988424008,-0.0338232068590226,0.0136794740425219,0.9344453606721714,0.0848882502727306,2.302617642198455,1.1875531815005276,0.6243448623273092,0.2157738624827319,0.5005267354802708,-0.0046315976310158,-0.0328342512844432,-0.0139732165549981,-0.0080289388696908,0.0401883256784097,0.4941306297192623,0.2261464797187835,1.5365298429184486,1.2020385238773752,0.1920402005566067,0.1730175270861553,42501.58
2022-04-21 16:00:00+00:00,0.5086079511632541,0.0032476853276894,-0.0095685988919367,-0.0206631637179361,-0.0244337544213996,0.0144887306087293,0.8046411487879477,0.0810243054329083,1.8130616029468112,1.6896736433951178,-0.3528601316528045,0.2297895663160684,0.5000703131701667,-0.0038657681307522,-0.0235750461405601,-0.0055760059680212,0.0002332430746094,0.0406270993362398,0.4603065639979524,0.2263252315455158,1.4891728827908506,1.1881026598496207,0.4106867257758619,0.1718553673016976,42153.27
2022-04-21 20:00:00+00:00,0.5003462579882797,0.0020128630955248,0.0123296327182775,0.002308163054294,-0.0018582294628043,0.0158263112792674,0.4909830333885305,0.0688257080163308,0.8657441953402636,2.07267012096467,-0.8948276859583895,0.2292630022194839,0.4988836321900745,-0.0035019405564943,-0.0010487812109089,0.0168191092149498,0.0227776812247733,0.0416729518434631,0.3652834327444624,0.2290701089878735,1.3519756264312237,1.331253176194543,-0.0167392202993681,0.1705851674666413,41220.84
2022-04-22 00:00:00+00:00,0.494602804352894,-0.0007217193201074,0.0259497448129875,0.019571195613206,0.016332939310945,0.0174472855662506,0.1330988374405073,0.0571772162257184,0.657778470991151,1.7181952104975518,-0.4835370687671046,0.2180685902633999,0.497947837488494,-0.0034841604828773,0.0171615226321864,0.0353386377198827,0.0416491602767079,0.0427634471314301,0.2883559966710336,0.2313737651091945,1.3180607033068152,1.5136037172796213,-0.263249245108063,0.1699963470942712,40464.52
2022-04-22 04:00:00+00:00,0.4950378175685322,-0.0027558968281666,0.0206178578067448,0.0175578929294581,0.0154249290968544,0.0177648002144706,0.0963719574682156,0.0523831066804215,0.5028573274135507,0.7402052894067785,0.0278230527306428,0.2108248039138272,0.497984627168863,-0.0034566597728934,0.0162679486571006,0.0344947455328301,0.0410776769559735,0.0432290253203249,0.2928606088882995,0.2288953692370391,1.2458192599450328,1.528178802847855,-0.3651061603937334,0.1698601540460748,40476.13
2022-04-22 08:00:00+00:00,0.4970189710500346,-0.0036762673764813,0.0118367835029182,0.0108416103158943,0.0094905299837189,0.0171065551494529,0.2094909811578787,0.0530395827984542,0.7263268279935431,0.7476516184357742,0.4323204962116758,0.2030702000064048,0.4982832597333162,-0.0033478485580936,0.0103304059025302,0.0284210577290624,0.0351994195698563,0.0434647023060367,0.3199058234900805,0.2250722609021036,1.3506376239210902,1.5896972229550277,-0.3633823914025535,0.169725572770743,40696.38
2022-04-22 12:00:00+00:00,0.4963450293982375,-0.0044770942221237,0.0114390803903194,0.0124551300904385,0.012017475271004,0.0169660542272626,0.1724041401645302,0.0553264224702447,0.687773525243193,0.6472754167777545,-0.1943665463334475,0.1972997888229191,0.4981455707500612,-0.0033301465199395,0.0128731889832054,0.0310686519078593,0.0381357637628396,0.0440649911719593,0.3094924764171065,0.2230664059924346,1.325426626259425,1.5010465932193775,-0.5731353574740229,0.1695925841937945,40570.58
2022-04-22 16:00:00+00:00,0.4884920635235956,-0.0055761092593362,0.0352214885170916,0.0387004021292483,0.0395032889967676,0.0175105095978607,-0.2441094716691436,0.0617387226345614,-0.0799220206656042,2.5094566900600768,-0.838894025981902,0.1950156496552754,0.4967831184215549,-0.003503007830727,0.0404175502983787,0.0593268856437452,0.0669335490837674,0.0456921005793592,0.1894069657257157,0.2265820412687781,1.182274102157344,1.7054957684840977,-0.9363785973794152,0.1695037467634494,39463.24
2022-04-22 20:00:00+00:00,0.4896786545461487,-0.0070720962323718,0.0278340090930917,0.0347957595677488,0.0375608347259817,0.0182485068035505,-0.1026706050448517,0.0728797685930997,0.6753945580627869,1.7038319914564652,0.0242065539930249,0.1998137332641149,0.4968545330744395,-0.003809121244281,0.0385539869009887,0.0579906522624751,0.0660836344449682,0.0459062994155224,0.1952401208786285,0.2249260995681084,1.2680323591030522,1.6812814724214782,-0.8165570951280905,0.1697815031851484,39478.24
2022-04-23 00:00:00+00:00,0.4919598140308195,-0.0073239847036633,0.0171506382001997,0.0260104088995909,0.0302375925811801,0.0177610054602848,0.0527212449930128,0.0800487759927492,1.2341196529217184,0.5781161490179365,0.556557180532247,0.2040010474459349,0.4971760310238979,-0.0039980895952118,0.0312846013832215,0.0510155592108894,0.0594983775473354,0.0456073836457415,0.2250220248766585,0.2218024022246201,1.3373218110024725,1.450511788607917,-0.4642995361980561,0.1700573812621418,39708.2
2022-04-23 04:00:00+00:00,0.4907211999930503,-0.0073105792258913,0.0188742252431626,0.0292271742075045,0.0348389371587745,0.01739357404077,0.0474003661114352,0.0871658666675637,1.0428893120962277,0.452233010510786,-0.4924752603884668,0.2068845629341286,0.4969159951548795,-0.0042257758569931,0.0359500214970736,0.056199899257447,0.0651723896633267,0.0458148041443613,0.2031692771019664,0.221536827731437,1.2540710681595428,1.3929900678151923,-0.6112418220351972,0.170329994467658,39481.12
2022-04-23 08:00:00+00:00,0.4920623152623775,-0.00684754183046,0.0123104306190409,0.0234741914695983,0.0302331197513319,0.0168271128634357,0.1332051482954036,0.0922429698378071,1.44943857493986,0.2881849920225988,0.3313696612665694,0.2107526541161239,0.497098554249379,-0.0043893927239412,0.0313928124077638,0.0519510193756613,0.0613243862239354,0.0456121394548873,0.221231736473718,0.2184815628142953,1.5082922747674177,1.3039330014933566,-0.6729944356071622,0.1705993814397284,39608.72
2022-04-23 12:00:00+00:00,0.4926420719406328,-0.0061220999415661,0.0089369168931767,0.0203997179288408,0.0280945332278967,0.0160158372151171,0.1809981945447257,0.0960870452778675,1.490818544020914,0.3554669516192326,0.1941007569825096,0.213982512033242,0.4971622831799477,-0.0045219842673847,0.0292969369275579,0.0501576833917671,0.0599320229180766,0.0454689589448209,0.2288147097779256,0.2157826802064012,1.5863047076630403,1.249219695808929,-0.6316839530466393,0.1708655803591232,39645.54
2022-04-23 16:00:00+00:00,0.4943475806970839,-0.0050930004780415,0.0032733157653446,0.0144001576228893,0.0227103472253689,0.0153231976156154,0.2531748748393882,0.0979538358810229,1.5678513150824778,0.5805580138430464,0.5200399238950614,0.2150713852085806,0.4973992011500744,-0.0045755171465363,0.0239383680279043,0.0449450910896991,0.0550504743685704,0.0450779881778217,0.2516047096850898,0.211835833016994,1.6459403096953549,0.8654260108117244,0.4992821912356194,0.1711286289547638,39814.49
2022-04-23 20:00:00+00:00,0.4942174006750117,-0.0040401916861326,0.0037213640787208,0.0142621594560312,0.02302386049984,0.0148651302911404,0.2646491317043681,0.0980025451886476,1.4185830380770634,0.5041396845386296,-0.1450712389785623,0.2127619800549979,0.4973571997642624,-0.0046079054613706,0.0242746943461855,0.0454779628425572,0.0559415349032383,0.0448157672852506,0.2486609678585283,0.2088384707398579,1.617346866078177,0.5929276417273399,0.4170405515817889,0.1712683591474965,39767.0
2022-04-24 00:00:00+00:00,0.4918689861093426,-0.0031237980887866,0.010748546248757,0.0207211520479253,0.0298985208249449,0.0144962716978069,0.2081199224265235,0.0972885193033263,1.6373024274420256,0.6150703790092373,-0.4776515333109656,0.2100195865503456,0.4969883440930813,-0.0046521896352028,0.0311765113355471,0.05268886222734,0.063570177361425,0.0448299623910916,0.2141525129548668,0.2064481845669007,1.670039540936702,0.5857377101108845,-0.3446669437954291,0.1714011898656109,39468.1
2022-04-24 04:00:00+00:00,0.4951074353385405,-0.0025823671894089,0.0011247190561736,0.0108370530283097,0.0204401249767109,0.0143718290448127,0.3160381956700357,0.0974574979944193,1.828786223110005,0.5820327557347976,0.7860603444140551,0.210642784399872,0.4974357173734119,-0.004674103134253,0.0217349376903173,0.043291766953045,0.0544524271464483,0.0441434970032088,0.2574613103803369,0.2019725465801503,1.7120154672672112,0.5992284053452431,0.4501956624571777,0.1715324486022635,39794.54
2022-04-24 08:00:00+00:00,0.4950603940771271,-0.0018456896116158,0.001356923893792,0.0104421819441167,0.020296369909414,0.0139818591212268,0.3286986288139737,0.0964535042641039,1.8775338115940956,0.3838074794518757,-0.1466004909809027,0.2103904959617027,0.4974139347690008,-0.0046746493473854,0.021606681759819,0.043311632733912,0.0548110594474617,0.0438445204940305,0.2566766619247922,0.1987778925479672,1.740559380520209,0.609370762159411,0.2464974682364592,0.1716621539610246,39767.06
2022-04-24 12:00:00+00:00,0.4939296963664877,-0.0012698929318029,0.0044506148444591,0.0130116955465804,0.0231099232794431,0.0133910889545657,0.3105019977551999,0.0938477811343883,1.6284632450083325,0.2886421837991598,-0.5374706372660428,0.2104676189096222,0.4972414560788638,-0.0046830162806384,0.0244381858999223,0.0463462768043831,0.0582152792634003,0.0436730459505039,0.2410725997117436,0.1961540087648742,1.6718393682935446,0.5867578815537765,-0.0350563822186321,0.1717903243253023,39625.19
2022-04-24 16:00:00+00:00,0.4950101929427394,-0.0009451764783504,0.0018664104144177,0.0101456845916572,0.0205185150883548,0.0131719616873802,0.3489343222653422,0.0901604693286493,1.3657683898096729,0.5256273522777284,0.1113030095759306,0.2124434273474723,0.4973575807977927,-0.0046947550907802,0.0218630827634507,0.0439005492954995,0.0560956749561565,0.0432775671892206,0.2520594081509446,0.1925056732054333,1.597655232495713,0.559451711516474,-0.1932683048056915,0.1719169778609463,39690.12
2022-04-24 20:00:00+00:00,0.4959061709040184,-0.0007125538665666,-0.0001218528592549,0.0079616781264597,0.0186199788374072,0.0137018913835974,0.3817127562314631,0.0800673838057332,1.2800574603630754,0.7673066834890984,0.0479489988061969,0.2157741471897549,0.4974455967344675,-0.0047164330134222,0.0199828282145877,0.0421753041956001,0.0547093418913364,0.0429946724219462,0.2601153999544641,0.1895657060957048,1.5772266602525,0.5935720045760845,-0.0406038308207905,0.1722580917107886,39727.38
2022-04-25 00:00:00+00:00,0.4940275476104854,-0.0004201570728475,0.0051741335490846,0.0129608286949933,0.0238695540181925,0.0137092803235182,0.2938508237516951,0.0570082284714495,1.086819765643751,0.476556594940459,-0.6750646178316768,0.2198479939513035,0.4971549542504242,-0.0047447606669766,0.0252548181660443,0.0477206730302883,0.0606666165543705,0.0430294076844252,0.2294415632404622,0.1859640759503764,1.55500551765873,0.5543807783664801,0.0242244168587521,0.1726516625444108,39489.71
2022-04-25 04:00:00+00:00,0.4927855834853683,-0.0009983250470082,0.008006523743637,0.016774998372963,0.0285093527650448,0.0145199838871261,0.1757691466978509,0.0443806580272441,1.0471564106221525,1.500138438598863,-0.2771483207840328,0.2316780077749369,0.4969004940565414,-0.0049360543785575,0.0299492017387144,0.0529216449805196,0.0663853975058157,0.0431350384605764,0.198811420288524,0.1821151345135597,1.5293840885995,0.6926202088908444,-0.4235528340498428,0.1732449679898332,39260.54
2022-04-25 08:00:00+00:00,0.4861369234720969,-0.0016479132328588,0.0265878273692086,0.0366489053334606,0.0495253359235048,0.0149767068711698,-0.2607795473460554,0.0451065005886333,0.7305177359952366,1.4970949943686394,-0.7962880503263791,0.2454229516448628,0.4958363902884696,-0.0052510803744197,0.0510519036362033,0.0749726771619647,0.089212890705183,0.0439822383531353,0.077818340967694,0.1805963113407616,1.4824424935698142,0.8538717733907054,-0.7766581735591527,0.1739501783254872,38419.75
2022-04-25 12:00:00+00:00,0.490682744649634,-0.0024782278915993,0.0114884777023869,0.0230593554082685,0.0370224889665586,0.0153020823823544,0.0632215117110193,0.0486665443743668,0.3417980138321705,1.4356211296431811,0.5352126018350566,0.2618503096785747,0.4964096752848692,-0.0055126624384448,0.0386098204808806,0.0628943016114342,0.0775443692959432,0.0435478248179141,0.1339662803108012,0.1735757520124714,1.4202314625598385,1.0252776101003531,-0.4665341400172851,0.1749038572694441,38815.36
2022-04-25 16:00:00+00:00,0.4927501004921675,-0.0019921063743809,0.0067814666765309,0.0180846281355153,0.0324507278196519,0.0157565984916745,0.1455859325239721,0.0447790533902321,-0.1176496005443784,2.7636197375851617,0.1547307959351126,0.2662554622858504,0.4966392526268985,-0.0056133735034797,0.0340701652761221,0.0586141496742471,0.0736583876594811,0.04341315956027,0.1505936828171856,0.1677385207775261,1.364750384650144,1.3879667861419451,-0.4682797745726424,0.1758464331103577,38938.1
2022-04-25 20:00:00+00:00,0.5036406153457493,-0.000185340693898,-0.024308861890943,-0.015631765237663,-0.0023008123472003,0.0160880325626719,0.9835251203529785,0.0388890324127957,0.2010925953535796,2.286524198507901,0.9095575004089632,0.2593064245964722,0.4984251712874898,-0.0052714407852721,-0.0007528130739167,0.0229205908745377,0.037726025090411,0.0419985495896797,0.3584566369440538,0.1570758886941433,1.4077256690143063,1.6579443986570677,0.2516491480748006,0.176581640750979,40272.52
2022-04-26 00:00:00+00:00,0.5050851757435592,0.0020592649658599,-0.0247495282158112,-0.0195291299808855,-0.0075870841362506,0.0164682762654066,1.1122877882437294,0.0390934454675354,0.7305410453945377,1.0538575539473627,0.3893192681720773,0.2437898919319062,0.4987266092143933,-0.0048648435372655,-0.0061094866682809,0.0170538244181543,0.0318910413067625,0.0419320546973453,0.3965075972375231,0.1505591527033299,1.520015180770162,1.7620308890083174,0.4166826718328564,0.1767734933686846,40490.41
2022-04-26 04:00:00+00:00,0.5053931269033116,0.0039010749054842,-0.0214454102825889,-0.0195166758600126,-0.0091326702804072,0.0162753268211725,1.0482694668326995,0.0446300581600025,0.7282567582035734,0.823570266607131,0.2001555411535946,0.2288228285338849,0.4988379362751379,-0.0043951439550417,-0.0077364861693997,0.0148684971148627,0.0297232270373282,0.0421000413903636,0.4129309481150337,0.14578298136137,1.5147029953938846,1.6461377850515275,0.5081920058461563,0.1766262199428474,40567.63
2022-04-26 08:00:00+00:00,0.5054277201163551,0.0049930099919884,-0.0180636232749505,-0.018652069280816,-0.0096997168969464,0.0156534845840162,0.989715842875796,0.0494614969397346,0.5783326913126052,0.751764576547872,0.1166350913646581,0.2152500882250086,0.49889723673964,-0.003938972797623,-0.0083820374172745,0.013683396793819,0.0285592991489178,0.0423125012070218,0.423418276679355,0.1404790884945296,1.4303131466485897,1.533157288247153,0.8496830092162473,0.1764535495251528,40605.79
2022-04-26 12:00:00+00:00,0.5041587193612131,0.0053169261921655,-0.012009433197451,-0.0141411541426476,-0.0063058096442457,0.0154354598135769,0.8787287762210002,0.0528593835110607,0.343328124244273,0.7555045740282563,-0.2244069208475855,0.2029329301664481,0.4987410582626359,-0.0035554579743916,-0.005050265357643,0.0166317070357924,0.0316107382685593,0.042666191067642,0.4043862794849681,0.1359057296697875,1.3371176421169897,1.4319918994038194,0.7584201975209465,0.1762493028433823,40477.35
2022-04-26 16:00:00+00:00,0.4896739549969183,0.0041834444834937,0.0341363391668942,0.0327757211626191,0.040828170415035,0.0167866551260678,0.0215058692001213,0.056824698657897,-1.4226424479375437,3.0781161410535582,-0.8834135993578699,0.19522638847074,0.4963805680324051,-0.0035818073073422,0.042127758003378,0.0647446359858106,0.0806546277325228,0.0448186417116967,0.0651336070516524,0.1390764170654363,0.98220222254792,1.4939620843746408,-0.135652600416905,0.1760530951979469,38628.33
2022-04-26 20:00:00+00:00,0.4886359802354557,0.0006752443386705,0.0353353075433411,0.0384875761248566,0.0483097448604736,0.0189241563098733,-0.0406997770141889,0.0643971803486053,-0.4369883674792396,3.260462108311792,-0.3363786407767001,0.2027085631455832,0.4960300150490825,-0.0039890989403598,0.0497076413226644,0.073165653415981,0.0897597296283048,0.0455221708717756,0.0078694093782728,0.1398363607126051,1.0679159591929412,1.7280137435381857,-0.671554617883767,0.1764495419445157,38285.22
2022-04-27 00:00:00+00:00,0.4884608948912183,-0.0019031969777822,0.0327495215293869,0.0397329294453587,0.0513333714674963,0.0193280305825966,-0.0215791243319719,0.0724171174910684,-1.2269799504643828,1.504103567083778,-0.2404956498813639,0.2126481203606458,0.4958686026959127,-0.0044211295555162,0.0528319981452305,0.0771092116649998,0.0943626632791396,0.0461644852657004,-0.0184329289478175,0.1402840859740024,0.9333020211297892,1.866415208431601,-0.7659664566464335,0.1771202993625477,38102.78
2022-04-27 04:00:00+00:00,0.4905438725044216,-0.0031522690340267,0.0215654887188814,0.0308569475390669,0.0437249168411508,0.0191871005784133,0.1100009686004031,0.0771220486611431,-1.5270697059742104,0.8327933752539256,0.351035731490557,0.221571567603382,0.4961791822793239,-0.0047263174243537,0.0452926042689287,0.0700376252483343,0.0877355567738487,0.0463293771581133,0.0296894140411507,0.1397575664231006,0.8629798103215136,1.917393335395665,-0.7229401121533708,0.177788605873377,38314.1
2022-04-27 08:00:00+00:00,0.49622915116322,-0.0031976459425425,-0.0005660370655757,0.0093845656193505,0.0227889800436653,0.0182670987073691,0.3817612267971134,0.0780450233207116,-0.3543974825688037,0.8828677675145982,0.8849820853828904,0.2268191154950217,0.4971429506803162,-0.0048337547540578,0.0243778715105604,0.0490802096202696,0.066907827316023,0.0458718875666678,0.1722055542710643,0.136705066342816,1.387328648491128,1.9997784925554325,-0.5018029231736589,0.1784490033292751,39042.46
2022-04-27 12:00:00+00:00,0.4962138572506015,-0.0022284914638337,0.0005249436610574,0.009667476594811,0.0231150566790343,0.0183787265452282,0.3767286264062545,0.0784825915344748,-0.9850646924761208,1.0330267839788074,-0.0806077515210576,0.2224523613867284,0.4971246045156697,-0.004836295472556,0.0247168312485621,0.0495901270109033,0.0677803571093773,0.0462792677440883,0.1668769852329563,0.135538936426452,1.2340966862246583,2.119062980674196,-0.506833588453969,0.1791015853297343,38993.99
2022-04-27 16:00:00+00:00,0.4969119380573057,-0.0015699323875494,-0.0008010600381188,0.0077826062549899,0.0212916063106727,0.0185171099191689,0.401016514146188,0.0786376745114467,0.2038868398747396,2.286460953029737,0.0312469646638357,0.2165231637639935,0.4972305455820486,-0.0048406855149319,0.0229051850509571,0.04791492801269,0.0664376640446822,0.0463765468596778,0.1767764575052164,0.1339896918045251,1.386468457190848,2.158038301800248,0.2228644067796616,0.1797464443665448,39026.16
2022-04-27 20:00:00+00:00,0.4959567726782756,-0.0008605522715398,0.0037652756137145,0.0115949811300939,0.0250630131362559,0.0188495446519282,0.3549707805374353,0.0788061404052564,0.792997213876609,1.537296965660536,-0.2702252924091312,0.2106214977885155,0.4970485955480269,-0.0048217921239027,0.0266872113186786,0.0518974837786028,0.0708221493424845,0.0465744532999232,0.1457249381253251,0.1328301530824562,1.4569896981712251,1.9204020611249777,0.3191920903954809,0.1803836718369071,38850.19
2022-04-28 00:00:00+00:00,0.4983600046325395,3.236971451087784e-05,-0.0040290384201986,0.0025528857389753,0.0155575760934181,0.0185888861058304,0.4726109373757887,0.0777974413077388,0.8134215831293151,0.6853861442432034,0.6012592001418776,0.20416825118866,0.4975028313784251,-0.0046697151940721,0.0171570514069467,0.0421353212738864,0.0611670155672219,0.0461487654800552,0.2139902007299366,0.1296947663807597,1.4544298878734776,1.776167887363698,0.6840099044210769,0.1810133580563833,39188.42
2022-04-28 04:00:00+00:00,0.4995209424734728,0.0010560711361909,-0.0064690256235857,-0.0014908290592533,0.0108251861539399,0.0182286869354887,0.5303539576572114,0.0772007024600856,1.048261083504743,0.6886854811236237,0.3137122109976148,0.1941902596964166,0.4977393346604412,-0.0044536310574876,0.0123899829875571,0.0371204534912437,0.0562822496386428,0.0458430531760333,0.249140244204236,0.1267568375268971,1.5363709507992591,1.7739436522477725,0.7533765219654698,0.1814454952348161,39355.79
2022-04-28 08:00:00+00:00,0.4998618818215538,0.0017211518266502,-0.0062150166034663,-0.0024835720645268,0.0092198806917922,0.0176422490412567,0.549293589855316,0.0768113215654187,1.0038448019674049,0.3489147798806194,0.1100779090223675,0.1835804262092537,0.497817322562113,-0.0042518885047243,0.0107547329323791,0.035306917092762,0.0546496975054013,0.0456337012937759,0.2607409190258117,0.1240289623533396,1.531119361802728,1.663900347351629,0.2876701412132241,0.1818019481901983,39402.93
2022-04-28 12:00:00+00:00,0.5019815008672633,0.0026329750769652,-0.0114054081497229,-0.0094764964806745,0.0011889801784137,0.0172292031628153,0.6421170536484035,0.0766373366656626,1.1841332929607744,0.5526474224278647,0.5928142578457948,0.1729293016624042,0.4982295405183182,-0.0039160694358563,0.0026624438944624,0.0267130712039673,0.0460311377601627,0.0451547478959108,0.3272400928735923,0.1200601087724578,1.6039732808696914,1.572390315717905,0.4950744999039594,0.181991571863851,39715.67
2022-04-28 16:00:00+00:00,0.499782815599177,0.0026877341893828,-0.002850737768641,-0.0015245786858159,0.0086888491890142,0.017674561756221,0.5326323911248494,0.0768600085699595,0.4011490134093765,1.5240573894703608,-0.2156777430787061,0.1639588351570259,0.497890040253338,-0.0037436710055066,0.0101441182864689,0.0342070444642748,0.0538583120456022,0.0454122833158558,0.264624116023207,0.1185017123371941,1.3946168238715384,1.442589912234252,0.2339691200865293,0.1820057473584937,39407.36
2022-04-28 20:00:00+00:00,0.5031730390191533,0.0036678356952406,-0.013078158765434,-0.0138592669495233,-0.0050426993709564,0.0186204870793994,0.6927997457311607,0.0751840521074191,0.3181116075173732,1.2046408743584345,0.5108654564229342,0.1532355411961299,0.4986087642588011,-0.0032831207398752,-0.0036783945490537,0.0195728164715842,0.0389930625400494,0.0447499313909009,0.3864742259391248,0.1144656531405215,1.368345766322258,1.3803635987301397,0.7110912171883504,0.1816192759714152,39961.44
2022-04-29 00:00:00+00:00,0.5015575977892168,0.003808286053283,-0.005619511869974,-0.0073631922151631,0.0006198731545237,0.0186518540138286,0.6041515836700846,0.0754526455190587,0.9591458514383678,0.6613527437601422,-0.3525802441589958,0.1433596975121563,0.4983498807782947,-0.0029772156400474,0.0019376045026797,0.0249479574899722,0.0445589317563257,0.0449210469785944,0.340512508681929,0.1136669068381185,1.450477592345141,1.3773702554780254,0.3618855405396498,0.1811876331203234,39737.71
2022-04-29 04:00:00+00:00,0.5001158326813228,0.0034972463161676,0.0004053948760915,-0.0016486056964652,0.0057425119400293,0.01824909697191,0.5349819185176955,0.0756133413384265,0.8024972220483945,0.4342812714718357,-0.3077302504817059,0.1350683479283429,0.4981107060457579,-0.0027257799127961,0.0070240475199225,0.0298534759136899,0.0496737628283656,0.0450736309442212,0.2979924001053415,0.1131287488658019,1.3925590641300698,1.3024620908767257,0.1172955539286469,0.1807610985346224,39532.59
2022-04-29 08:00:00+00:00,0.500679882422653,0.0028414880465118,-0.001797637485542,-0.0035683365939274,0.0034576891931659,0.0178302505284552,0.5770043084524832,0.0729382784623825,1.100518096001835,0.4641739336673632,0.2902888086642725,0.1310409290673184,0.4982257935646526,-0.0025263223213391,0.0047078027406166,0.027286333521558,0.0472104919156046,0.0449027557968319,0.3194449391448759,0.1116208791535105,1.49224928723101,1.3224628846745137,0.1387245493579229,0.1803396117606872,39613.0
2022-04-29 12:00:00+00:00,0.4950217999905844,0.0016046940113208,0.0176687968281707,0.0172216348477538,0.0245760923958735,0.0181212829150475,0.2976762580890742,0.0697954852362922,0.1340850833946484,0.7199049889077352,-0.8215996799469225,0.1318686731237356,0.4972066377218362,-0.0025274771538056,0.0258522578432909,0.0489103022317936,0.0694964836779004,0.0458171616582546,0.1324851381082895,0.1130381140767291,1.2116794153183674,1.3524441582042357,-0.5272023916159084,0.1799816132370547,38772.98
2022-04-29 16:00:00+00:00,0.4966952514695051,0.0005134977601129,0.0102152896069449,0.0111195239653378,0.0187525921573881,0.0181779550899139,0.3883559351725615,0.0631979122335806,0.02795462175511,1.2630048356339068,0.253852065071562,0.1361018499817557,0.4974926694073612,-0.0025080307189425,0.0200303963072425,0.0430304818686146,0.063771881346857,0.0455930198961729,0.1804925500017505,0.1115515544986346,1.2448654857480714,1.263405463291622,-0.2470048817628088,0.1797907605965693,38966.13
2022-04-29 20:00:00+00:00,0.4930770391481365,-0.0009553550484312,0.022139134355982,0.0252086416955159,0.0337580512047588,0.0186785712431371,0.1499124119758321,0.0587154186070718,-0.2393046393586728,1.150926298963799,-0.6659069242485613,0.1429285625150746,0.496785115634162,-0.0026795981912528,0.0350915101617395,0.0587114011320073,0.0801290564733374,0.0463578439211301,0.0456432606696731,0.1126851001318136,1.2080632157132802,1.2314654827398084,-0.7736043308038092,0.1797570026608547,38358.43
2022-04-30 00:00:00+00:00,0.4949278424338821,-0.0018009727013655,0.0124893129472003,0.0170697225247717,0.0262541270698601,0.0183180969602686,0.2752251805514148,0.0562013945463257,0.6375325404308464,0.4007570393178736,0.7197210082021253,0.1522484730293979,0.4971054187608735,-0.0027811102763613,0.0276118067785484,0.0513265034966461,0.0729536787067259,0.0460848760061426,0.1056679754728219,0.1111544318883683,1.2865031041694688,1.1487244789003697,-0.6431117028811026,0.1799258276680653,38597.17
2022-04-30 04:00:00+00:00,0.4955507750651861,-0.0020178340599966,0.0086567407794497,0.0139619277264555,0.0235540372901845,0.0175773348916526,0.2936959102816741,0.0545473037156943,1.2374198131751446,0.3374628045999645,0.2547793821085652,0.158602879599021,0.4972063994357416,-0.0028328227595452,0.0249294943574105,0.0487604772550394,0.0706567468440186,0.0459633143656879,0.123963974453138,0.1094941293189124,1.515124983686329,1.1098874466456514,-0.5888917480396012,0.1800926547203934,38662.95
2022-04-30 08:00:00+00:00,0.4955914105627363,-0.0020440418997804,0.007267081614346,0.0130555696038097,0.023010269183497,0.0168653019488405,0.2615669043134871,0.0512939526539071,1.3546848639814677,0.2121710614391615,-0.0527358256994165,0.1647867977312438,0.4972038733560137,-0.0028803466057142,0.0244042144729563,0.0483889333541027,0.0705948018282753,0.0458889373098548,0.1233374349262891,0.1080403197493932,1.598841550532691,1.0341888619066688,-0.6546988637133152,0.180257507462582,38648.16
2022-04-30 12:00:00+00:00,0.495275614129338,-0.00200827020461,0.0072440815025207,0.0134201495189101,0.0237295755693607,0.0161385165935303,0.208324358014076,0.0489922566803936,1.3304807384224715,0.2599236240390591,-0.3091168792789361,0.1706523328452592,0.4971406437539047,-0.0029319337763768,0.0251437163383212,0.0493145000925936,0.0718594005005945,0.0458074339695172,0.1115849871850828,0.106918686827234,1.6026242184354,0.9058915702958776,-0.1506379598255551,0.1804204092595498,38585.4
2022-04-30 16:00:00+00:00,0.4948969700761122,-0.0020764853999886,0.0076277645437026,0.014333295426292,0.025088952667027,0.015565791972017,0.1632583463421264,0.0493148399489638,1.0073400889202713,0.579477919797153,-0.1797053542278799,0.1781056880961505,0.4970551767852085,-0.0030144274998741,0.0265299091520592,0.0509471476269673,0.0738673572396377,0.0457126761783881,0.0927300178889045,0.105716919034674,1.4923088386202603,0.7024198357581086,-0.5109933659786499,0.1805830377018875,38495.5
2022-04-30 20:00:00+00:00,0.4948117604121757,-0.002162560122097,0.0069853247717255,0.0142588214474075,0.0255071322176119,0.0153469951686979,0.1683677226893451,0.0522235598565612,1.1759145927450725,0.490995434380827,-0.1436949438880199,0.1878643918348951,0.4970133583971602,-0.0031167682851224,0.0269780396143455,0.0516563842636397,0.074949968137792,0.0454492544946707,0.0789526867776019,0.1035330150206485,1.5142576704104151,0.4970537015210367,0.1273438595944392,0.180748902439886,38438.44
2022-05-01 00:00:00+00:00,0.4891527132556422,-0.0025045709324127,0.0250082079399029,0.0333175742658169,0.045458548399093,0.015464968598943,-0.1513443202561275,0.05743732481785,0.5314525115902997,0.8247344683351038,-0.8974702995275491,0.1986800388094624,0.4960586373784024,-0.0033360818545717,0.0469990726087066,0.0724996942537821,0.0966591930328131,0.0460844089925283,-0.1168170119158985,0.1040741528588,1.429281405665143,0.5455603802152502,-0.7811203319502075,0.1810166914210179,37658.53
2022-05-01 04:00:00+00:00,0.4930280305825804,-0.0030405758731297,0.0100635148062493,0.0196763168072637,0.0326679878178464,0.0158026994906579,0.1097022452743,0.0633931773363864,0.6767801358263732,0.8834604969551028,0.5960194358921875,0.2152022643682621,0.4966211887018779,-0.0035567989522593,0.0342511340491644,0.0599410342957977,0.0842923291576667,0.045463644353914,-0.0021596000865831,0.1032331392089829,1.440720272230659,0.61613904322353,-0.4324988937812395,0.1817249842446893,38066.84
2022-05-01 08:00:00+00:00,0.4924076471111976,-0.0028710380491689,0.0108762069069412,0.0208741339208786,0.0344776321254154,0.0156490895151981,0.1086975892410703,0.0673437526382602,0.0245020034442028,0.307646156524028,-0.4098134315148566,0.229453653372329,0.4964971218405448,-0.00372365462333,0.0361048044298688,0.0622006589896273,0.0870222855692999,0.0454871079536031,-0.0247171468936586,0.1031269773822675,1.3448068666526056,0.6200613275155432,-0.5194218541516087,0.1824632471250021,37951.34
2022-05-01 12:00:00+00:00,0.4928241249548582,-0.0025715980142741,0.0084489546929764,0.0185743708975976,0.032648334457948,0.0150275802531147,0.1560208657405884,0.0697929769152336,0.0593155195154551,0.2313517164519576,0.0777408063610257,0.2421256728523857,0.4965419140814615,-0.0038589152771532,0.0343100898933395,0.0606988904213752,0.0858970665132932,0.0453200436628215,-0.0102124933853819,0.1033911017901975,1.3553376492019835,0.6024091102040421,-0.4932032740179126,0.1831927730536625,37970.76
2022-05-01 16:00:00+00:00,0.4978857773161231,-0.0020730272513804,-0.0073751284412294,0.0024293990220556,0.0166280553388655,0.0143232710713169,0.3926758011607517,0.0703746993412979,0.198156897582387,0.5260876435245583,0.6987633402458184,0.2525258122624044,0.4972843093472694,-0.0039050110909359,0.0182941551373012,0.0445632358268761,0.0697671086852693,0.044519222622432,0.1410137067953966,0.1030969018923229,1.3795579252818282,0.5654543241031864,0.0204876000355285,0.1839129277307556,38523.35
2022-05-01 20:00:00+00:00,0.4922310541607113,-0.0012597327163658,0.0112887825052034,0.0203598803653135,0.0347479536080026,0.0150607327538077,0.1480523954123939,0.0698028407817159,-1.4947129576885825,1.2146021888067349,-0.7475285332428229,0.2497172999055267,0.496406937320135,-0.0039684648681878,0.0364515346783202,0.0633168257705145,0.0892974776215602,0.0452148590027853,-0.0271771686114031,0.106161013270163,1.1886677869646252,0.6551970814350809,-0.491584076837971,0.1845578653526054,37814.7
2022-05-02 00:00:00+00:00,0.4983002235886276,-0.0004988186266128,-0.0065507031390846,0.0014969555540695,0.015524199568222,0.0153908681941958,0.4274079029014259,0.0672692484892128,-0.396255005314407,0.8553524656658779,0.7068588448480527,0.2485847862936763,0.4973305967102315,-0.0038801623442799,0.0172020400260253,0.0436830975366187,0.0694986671650559,0.0442803098632153,0.1497503549699433,0.1054831763138728,1.3048343771895845,0.6321361451567062,0.6576190588290637,0.1851921680458203,38496.42
2022-05-02 04:00:00+00:00,0.499946090616661,0.0007070151068421,-0.0096627100703782,-0.0034101281188786,0.0099233624590242,0.015492233773446,0.5335830628430871,0.0589202399412737,-0.6320352897557786,0.8716659436850087,0.4258040536108596,0.241521662049992,0.4976056204799777,-0.0036940480680545,0.0115676548251835,0.0377922493913556,0.0636759037157652,0.0439163005040272,0.2015850864916465,0.1056200920441655,1.2723315161968125,0.6026197033590567,0.5444172068150332,0.1856485788732715,38691.16
2022-05-02 08:00:00+00:00,0.5014815812770073,0.002088512146618,-0.0116339647746996,-0.007684340923927,0.0045754932206203,0.01549884991257,0.6592751315025204,0.0519210506664086,-1.1407657022125046,1.5246584091684323,0.3411288237828562,0.2284384487662974,0.4978832895293791,-0.0033918341519138,0.0061629997827756,0.0319565221520974,0.0578242810762856,0.0436078001976433,0.2536179600014942,0.1054796036572588,1.2126732846917028,0.7564848447479521,0.6237263125710426,0.1857374482359881,38891.16
2022-05-02 12:00:00+00:00,0.4979931047224448,0.0026994908711847,0.000813872596667,0.0034326441708532,0.0150541079630535,0.0153846794721435,0.4739373502600975,0.0455721462506446,-2.148395452686239,1.0374322081430063,-0.6783491917163275,0.2158709672353401,0.4973749729264179,-0.0031930071897965,0.016619776181094,0.0424524267506978,0.0687369874267989,0.044015379929154,0.1576004595684856,0.1070716497735734,1.0428965928662557,0.8632216822580723,0.3381943382807501,0.185730779532023,38479.55
2022-05-02 16:00:00+00:00,0.4998769613678249,0.0028660402707029,-0.0038911067800098,-0.0021288463721524,0.0088233568584978,0.0156949593944127,0.6436356259026378,0.0393032525426559,-2.1370447329094038,2.649695800907629,0.2453013468380953,0.208801835681534,0.4977139564286213,-0.0029756297469067,0.0103481544529924,0.035838197390857,0.0621240718715396,0.0437021748027727,0.2165851692072727,0.1069353265697868,1.0219660236834478,1.1590692950720476,0.1227326203563961,0.1857241897486507,38704.09
2022-05-02 20:00:00+00:00,0.4990111087343865,0.0023108282475524,-0.0011603007888649,0.000850606305438,0.0116852588064706,0.0162792395685448,0.5869158228616621,0.0359822988331614,-2.8084041034650324,2.5207887954727,-0.1685837438423638,0.2041632866093051,0.497582126350597,-0.0029013678268217,0.0132061113896506,0.0387483290141184,0.0653446148087673,0.043796377613916,0.1896858332631378,0.1081684060973383,0.946065381366298,1.3595921876396415,0.5002625474413259,0.1857176779518874,38570.32
2022-05-03 00:00:00+00:00,0.4984518052322954,0.0021654272752768,0.0010689757703454,0.00283942059846,0.0133512353603064,0.0164411565071445,0.5467663200841962,0.0338317261629011,-4.350304092081575,1.4249212398911577,-0.1301106415309329,0.1987978702008317,0.497503163406563,-0.0027692602527531,0.0148553641557096,0.040336882536422,0.0671730630603921,0.0437345012631541,0.1744914763814577,0.1090962885231158,0.6177496991689805,1.450006314755907,-0.0070597314671112,0.1857112432188029,38488.36
2022-05-03 04:00:00+00:00,0.498792919360583,0.0018446017404134,-0.0001219724944585,0.0016878252550884,0.0119674370517668,0.0162000167950124,0.5771063096492698,0.0333359412174242,-4.026232432374171,1.2546207550802988,0.0998826030396401,0.1914707538998313,0.4975640035826606,-0.0026579436317615,0.0134560445123508,0.0388385422719212,0.0658489571433262,0.0435319110627204,0.1872414695754911,0.1097857992085655,0.4655358295233531,1.5138302093069624,-0.1520341673463311,0.1857048846373892,38519.86
2022-05-03 08:00:00+00:00,0.4991605681696876,0.0016456576105731,-0.0012364567990416,0.0004960090026062,0.0104995111781578,0.0155755172275639,0.6091636223251602,0.0331521047415447,-3.386724425522617,0.9055582973053468,0.1932693322080339,0.1851368900601227,0.4976272693848679,-0.0025320408250925,0.011969451660033,0.0372253954257884,0.0643928378114877,0.0433203378747907,0.2010289363973557,0.1103997546619658,0.4822102413578539,1.4406963469742915,-0.300562326795279,0.1856986013064315,38556.49
2022-05-03 12:00:00+00:00,0.4993731566205555,0.0014753887306722,-0.0017807875236685,-0.000131738837716,0.009596696116719,0.0150037520355621,0.6307134299235827,0.0326670629706071,-3.1168652990373693,1.0969481401195735,0.0436366495439806,0.1781332192388221,0.4976658413850663,-0.0024030014337876,0.0110477341108445,0.0361797041739604,0.0635105817631254,0.0431319606086985,0.2096412011603395,0.1110563224130059,0.3932260498655705,1.4606931512766712,0.083577725760309,0.1856923923353804,38572.53
2022-05-03 16:00:00+00:00,0.4974774487787886,0.0011102800987781,0.0038895315735871,0.0058131271079917,0.015498442849219,0.0148000876869663,0.445678629524113,0.0324108487287976,-2.6103030483384626,2.073915419476661,-0.5776741543778237,0.1745796626774834,0.4973764320084647,-0.0023331802410502,0.016948906396047,0.0421863233166635,0.0698914492629529,0.0432109547631985,0.1578135200824022,0.112348901226423,0.3866184130279733,1.4128015114809995,-0.4438183934807892,0.1856862568442258,38325.97
2022-05-03 20:00:00+00:00,0.4927434260468474,1.4691749700066367e-05,0.0175643698146386,0.0209669639851695,0.031284048755253,0.0151530975930649,-0.00334425201593,0.0346728206645884,-3.298562341221217,2.45631191136068,-0.7069514114569809,0.1770881298150778,0.4966080426226676,-0.0024451194468595,0.0327800382365099,0.0586039483600162,0.0870666625234994,0.0437466498561643,0.0218216207698352,0.114869133279668,0.1128295912477274,1.4502040009632953,-0.6228790170538839,0.1858765974332397,37701.65
2022-05-04 00:00:00+00:00,0.4932753808299984,-0.0009822545547123,0.0139804973512549,0.0189217159227492,0.0298904375961019,0.0152829218012228,0.0665811054239353,0.0374873138169137,-2.748394155603933,1.0534704148389666,0.0130939237220874,0.1841413058501053,0.4966532614438973,-0.0025788711587192,0.0314196379336393,0.0574984875301527,0.0862963247375934,0.0436321588717611,0.0335142474652477,0.1156916194314795,0.1310286295127283,1.4204928460873147,-0.6851036917968792,0.1863351860095511,37708.41
2022-05-04 04:00:00+00:00,0.496085952081137,-0.0011282775178408,0.0040029004349417,0.0093670034739314,0.0205108995716551,0.0148872792652343,0.3089483316990023,0.0382878567689726,-1.9976710690744328,0.6978747561775792,0.7147991301361808,0.1898498617807549,0.4970769241892756,-0.0025950948536365,0.0220417399972563,0.0480324673457968,0.0768757502606591,0.043117437999591,0.112403069715802,0.1150689850318726,0.505295980537152,1.3599386930264286,-0.439537273709453,0.1867883474320308,38019.45
2022-05-04 08:00:00+00:00,0.502696498307163,-0.0005534923671352,-0.0152586185286471,-0.0105740674610564,0.0001655129152042,0.0142944826468902,0.8251996434166639,0.0373802963372151,-1.6478151188185164,0.8154616964056167,0.8849516959311763,0.1890833505251438,0.4980782853612189,-0.0024617087263098,0.0016568128218255,0.0270981061615962,0.0555847901598565,0.0421321258870754,0.2894989834937763,0.1127761623613457,0.7081551617030759,1.3771854438486422,0.1671556552708804,0.1872310691902726,38768.96
2022-05-04 12:00:00+00:00,0.5046326660716521,0.0011683312558119,-0.0179927432878258,-0.0158363381638219,-0.0063297784006386,0.0147555184607063,0.9580230002592492,0.0378366410850742,-1.6654164702351453,1.079444124741853,0.6035794077102105,0.1791466152577854,0.4984376403115408,-0.0020879581257598,-0.0049128034055901,0.0199160028257496,0.0482355837099539,0.0418191250296182,0.3521795218700547,0.1114429974312808,0.6384645624920221,1.4128417743394626,0.2917377901199973,0.1871670849422019,39028.06
2022-05-04 16:00:00+00:00,0.5036118660726912,0.0021421804560649,-0.0129351477844577,-0.0125060315265841,-0.0039753382676344,0.0145606863256466,0.8598300752474206,0.0388930023557441,-1.781200857750826,1.5816043716595445,-0.1709736918745722,0.1702157941520762,0.4983432443052343,-0.0017633993035998,-0.0026141382172674,0.0218549991416996,0.0502659731071051,0.0419199755286492,0.3350076413290492,0.1114656097215382,0.5238505409907744,1.3935001702032457,0.3709994257910464,0.1869405759470425,38939.78
2022-05-04 20:00:00+00:00,0.5101294278293623,0.0033107334861689,-0.0314234490307016,-0.0332609062198825,-0.0262679291191282,0.0149000581908232,1.335868679467549,0.0418225489948072,-2.125882128795201,2.9182265426104355,0.6194690869853249,0.167036437002025,0.4995523545977532,-0.0012873622661961,-0.0250181835769026,-0.001687187239647,0.0260193909198183,0.0410944620956015,0.5457237109256278,0.1090254173252672,0.3776863948269202,1.587900938231956,0.8497362787808301,0.1862058400199564,39849.18
2022-05-05 00:00:00+00:00,0.5082694255123752,0.0047815265344317,-0.0214045081490183,-0.0261724447333869,-0.0209951389408462,0.0158761165066445,1.0793074182565705,0.0491753842168638,-2.7690775474653475,1.1495004257794816,-0.5421034935965938,0.1687499605077275,0.4993278121996954,-0.0006963192239786,-0.0198522772428622,0.0027564614158896,0.0304131287867834,0.041517103870024,0.5052027886766488,0.1094931110685356,0.1625896496994149,1.655559886207027,0.8230961627892361,0.1849491359066227,39671.83
2022-05-05 04:00:00+00:00,0.5083522310431853,0.0053741757691118,-0.0183564307510945,-0.0250156376190883,-0.0214007583172674,0.0152590594703849,1.0159612749983322,0.0541503582451363,-2.563617588164565,0.6362642990454804,0.1487919503524705,0.1689747877126441,0.4993971806138026,-0.0001555888638524,-0.0203607712099673,0.0014542958101473,0.0289173716410917,0.0416214179403438,0.5173282597946512,0.1093049135360549,0.1566265304127547,1.667109268444347,0.8086404535930014,0.183707304223385,39721.72
2022-05-05 08:00:00+00:00,0.5068535309390068,0.0053969159658802,-0.01149036474965,-0.0192964095762584,-0.0169832609062252,0.0148175906970879,0.8900407819797634,0.0578019148946469,-2.5513783364693152,0.5828751167290405,-0.4368866028142408,0.1697923265474799,0.4992070553870011,0.0003370953411131,-0.0160318325777309,0.0051474252847436,0.0325648433471057,0.0418462578866381,0.4841092345155621,0.1096247650949172,-0.1320790953871381,1.6427769126618874,0.5458761020849976,0.1824801689628802,39573.42
2022-05-05 12:00:00+00:00,0.5058212689777267,0.0049181047333169,-0.0073225389613198,-0.015502541474171,-0.0141880441701163,0.0143360706321748,0.8169317995476402,0.0606715640393123,-2.42057447895572,0.4803748013267929,-0.3794975653897523,0.1679437893781078,0.499096970954402,0.0007592079564176,-0.0133129750946705,0.0072821329397636,0.0346401082754759,0.041882128962988,0.4650971686084433,0.1097535408004511,-0.2756172098755284,1.5484290217589205,0.3124492067719772,0.1812675562006999,39485.35
2022-05-05 16:00:00+00:00,0.4839422234066795,0.0027025425130752,0.0606267950916759,0.0545854517561676,0.0563362250166494,0.0164873527473545,-0.2395434820653692,0.0687744980202153,-3.000957610576791,3.0217341883309534,-0.8731412179761945,0.1679944391360775,0.4956831354353143,0.0008864162850742,0.0572648444479213,0.0791873874976525,0.1086019129219699,0.0449989921305407,-0.1393472825526814,0.1182671588760543,-0.8468617163230795,1.94964248138337,-0.5962819506583527,0.1805113358499771,36837.67
2022-05-05 20:00:00+00:00,0.4821776275933671,-0.0028686733725889,0.0630303181232456,0.0648899335144843,0.0697920693679747,0.0203221748759679,-0.236505695850661,0.0864916760080375,-3.255382164529255,2.7604716060635086,-0.3120893523662983,0.18346102037193,0.4950877703613831,0.000184149145849,0.0708813868459168,0.0941104989216492,0.1245579593232553,0.0463770198650533,-0.2361917296810988,0.1235786808807433,-1.0398001194550173,2.070099612124471,-0.8184998056743095,0.1812416681164282,36290.05
2022-05-06 00:00:00+00:00,0.4850874417840145,-0.0065468586029557,0.044535268472259,0.0526823263175744,0.0605423920493117,0.0211292479280509,-0.0355124009446971,0.1006729000220048,-2.7739596125356307,1.1287490825518764,0.4741868223519577,0.2018155388117864,0.495439367979102,-0.0005508927400266,0.0617751023372581,0.0858891319787167,0.1167718322665292,0.0469375912425974,-0.1579438128307494,0.1265829997660661,-0.9756316956540136,2.103681515031804,-0.7344357682326514,0.1823885852925488,36516.79
2022-05-06 04:00:00+00:00,0.4853856213565903,-0.0085793899809067,0.0371999868408445,0.0498592554377423,0.0603429208915871,0.0206984955565162,0.0258846070452227,0.1126835829939442,-2.691436209694355,0.9221708739332778,-0.1491034740381052,0.2181030152095224,0.4953833202135264,-0.0012274978732912,0.0617168412666924,0.0868547151135188,0.1184163421383026,0.0478781958976956,-0.1497593662599933,0.1303680083510269,-1.2233267351740935,2.183658655923521,-0.7697052647367632,0.1835219293090475,36436.97
2022-05-06 08:00:00+00:00,0.4849207919653585,-0.0094559951512227,0.0344670998116762,0.050285248238393,0.0630863478477687,0.0200726303923344,0.0479236618273957,0.1229719317027743,-2.5307778769109177,1.017414973839219,-0.2499930228014858,0.2336422852518297,0.4952022693077949,-0.0018544822031021,0.0645947189433804,0.0907724988702185,0.123088375316047,0.0488941749174544,-0.1627139790221191,0.1344145791005834,-1.3593737583658716,2.294119197488653,-0.8176587423975136,0.1846418607971068,36259.49
2022-05-06 12:00:00+00:00,0.482930215845855,-0.0100794698226146,0.0397496345679841,0.0585229073706012,0.073795661578641,0.0203677815907842,0.0136853762673434,0.1349106294716474,-2.665864396828146,1.5265150882130176,-0.4808210391276395,0.250945289447837,0.4947002422325925,-0.0025444477051793,0.0754598334003153,0.1029707044179684,0.1363438866633397,0.0502522798398826,-0.2269558672366568,0.1399880119880465,-1.831629043428546,2.5636909831966554,-0.9250685724351384,0.1857485384869244,35809.69
2022-05-06 16:00:00+00:00,0.4865091102420598,-0.0100840682579747,0.0278860018720747,0.0487572323374487,0.0661852091952051,0.0208220231640546,0.1036107843163584,0.1443979000861918,-2.360945585314965,2.239214075274372,0.1383678503520246,0.2690909246803222,0.4950524057139018,-0.0032100821889014,0.0679808177843173,0.0964104667882717,0.1303124198182088,0.0505306447374525,-0.1672128878416964,0.1434856363308895,-1.7944214286758968,2.502672077207408,-0.4183414351012129,0.1869628777718993,35972.82
2022-05-06 20:00:00+00:00,0.4872198618954775,-0.0094023235877629,0.0237819669793737,0.0457009022699073,0.064932382324393,0.0210416990183296,0.1376680775099682,0.1520310064861076,-2.139679691808052,1.0497560580017882,-0.1056392243660602,0.2853481306873632,0.4950682414055469,-0.0037973636293144,0.066850692711547,0.0962475272348497,0.1308341746217729,0.0505347493782173,-0.1515028174505068,0.1475178684271796,-1.7608493840369317,2.107167824035169,-0.2558268275372598,0.1882412493011502,35928.91
2022-05-07 00:00:00+00:00,0.488347977853118,-0.008375530925498,0.0170033238048017,0.0392658079281138,0.0599655430967187,0.0202085603585022,0.1878957728195008,0.1580222217685448,-1.8877537554093335,0.3513704524138242,0.3279275074864876,0.3004844491819763,0.4952146115999716,-0.0043194589247276,0.061989617022377,0.0921955381912758,0.1273306912403102,0.0502828093114165,-0.1138324060993761,0.1507283450884748,-1.4553023994457992,1.8941081031096745,-0.3574024130589082,0.1895044919778702,36013.22
2022-05-07 04:00:00+00:00,0.4873899503253494,-0.0073309772559324,0.01881702575109,0.0412425554085762,0.0633804473960577,0.0193949198719716,0.1826124788546249,0.1649129102085814,-1.825007532910449,0.328970159579411,-0.6193999177969678,0.3147453569821368,0.4949967999438269,-0.0048389747752732,0.0655191445934488,0.0967382505770477,0.1326941526521026,0.0503862282986923,-0.1288690466452405,0.1550993943863436,-1.6525096494428062,1.7343153412156933,-0.4874014639639635,0.1907527848440472,35815.39
2022-05-07 08:00:00+00:00,0.4885657170895509,-0.0063288628693392,0.0124705377489386,0.0348119184343012,0.0581384819568211,0.0185416965143109,0.2247320961081084,0.170593895651747,-1.7238257354617037,0.310397739037359,0.3921237930598213,0.3291066473067598,0.4951498130457002,-0.0053141066761254,0.0603736535565135,0.0923636137077466,0.1288639666798028,0.0500769534996133,-0.0914313085000181,0.1583152622824687,-1.634218153247839,1.551157258403123,-0.2806004803843026,0.1919863048228,35908.98
2022-05-07 12:00:00+00:00,0.4898424597671005,-0.0048510158942118,0.0073555544231314,0.028661503763663,0.052660055970767,0.0178129776062902,0.264280506552779,0.1740978193622437,-1.6140504296966998,0.3230650161402372,0.4232686156364006,0.3386939031354028,0.4953263350391066,-0.005656906080263,0.0549650513040083,0.0875399444073716,0.1244991193273825,0.0497139553231487,-0.0547154518142206,0.1607875696088814,-1.525395960891494,1.243485413746499,0.1801223084433961,0.1932052267434571,36021.57
2022-05-07 16:00:00+00:00,0.4895747823782139,-0.0036356377402899,0.0078977765966619,0.0283274955747989,0.0530241054081956,0.0170970829525215,0.2721891735228868,0.1773825156073074,-1.5350438153390602,0.3429635401964099,-0.391922795462873,0.346955824893397,0.4952456977742866,-0.0060045016946081,0.0554066188551725,0.0887205912940325,0.1263381445116991,0.049538512399464,-0.053059793324697,0.1640907392507382,-1.600307523155647,0.7347666145744818,-0.0695113687697642,0.1944097233663335,35935.89
2022-05-07 20:00:00+00:00,0.4892371076047411,-0.0025986602256351,0.0084999871794348,0.0280709571900277,0.0533648484068567,0.0163619099940634,0.2813887858168344,0.1767350502630735,-1.4439062603362924,0.3440904191809891,-0.5456026058631922,0.3549681994215753,0.4951622971118805,-0.0063266534336358,0.0558200378800299,0.0898480489925643,0.1281200573236482,0.0492215425799859,-0.051093860379246,0.1674739963532043,-1.5702549793298686,0.526264371707127,-0.1818332701062261,0.1955999654072168,35852.21
2022-05-08 00:00:00+00:00,0.4873533480591719,-0.0025773200917238,0.0160860858656044,0.0362644249571966,0.0628949895920314,0.016907094452504,0.2440634019615906,0.1786408938869521,-1.5294986005208693,1.1617014110117516,-0.3784852015847092,0.3675464960161783,0.4947276926463955,-0.0068496869131796,0.0654739712113527,0.1007450888993306,0.1401279404091933,0.0495129517729628,-0.0985426034454603,0.1732999377668442,-1.7601282362874635,0.7187281273604279,-0.4222089552238821,0.1971133500555345,35445.54
2022-05-08 04:00:00+00:00,0.4815627904776232,-0.0036064002007797,0.0376477373731205,0.0602863428904669,0.0894312151430465,0.0185891516440058,0.1235082660905752,0.1823286819248752,-1.8281972566432247,1.6885160154766978,-0.7431578299061515,0.3834892231539779,0.493589220144434,-0.0077038899519531,0.0922204911523318,0.1296565082182825,0.1709743645925834,0.0508383633936583,-0.2265273852448006,0.1836636931707672,-2.0146016121328234,1.0518868551674376,-0.6942567567567568,0.1989939019880948,34480.23
2022-05-08 08:00:00+00:00,0.4836038015537454,-0.0042397091939344,0.0273736644985624,0.051625701772719,0.0824878978103365,0.0188891358832639,0.1669680199479247,0.1732603798298622,-1.6876112764053146,0.8632182920097283,0.1748267275697381,0.3983483828453497,0.4938063044596345,-0.0083735026179474,0.0854128860005338,0.1239744705951424,0.1660341737287978,0.0507307523993793,-0.1805075911804531,0.189074371638373,-2.003584394562739,1.178857859275766,-0.6832068607068597,0.2010500388777868,34593.28
2022-05-08 12:00:00+00:00,0.4856818611910183,-0.0040340316676629,0.0176269478844239,0.0423130608811335,0.0743850826893164,0.0185234736381283,0.2118522124613106,0.1583959661446023,-1.748725888740325,0.3834449899544416,0.4172480721817156,0.4079315167253489,0.4940661486012258,-0.0089177087573192,0.0774196071842276,0.1169145478283368,0.1596102409037922,0.0505530166768016,-0.1321278089273229,0.1937286655358458,-2.341911274048381,1.1841215509787932,-0.6793395065032367,0.2030818424722865,34752.37
2022-05-08 16:00:00+00:00,0.4836391491683424,-0.0038033813177716,0.0246524302017803,0.0499759692894214,0.0836775805301008,0.0184024967715002,0.1405047959090996,0.1401625513009759,-1.733804045323312,0.7136218536213107,-0.709310006248324,0.4169541095415379,0.4936226692967332,-0.0095887002781601,0.0868677627403138,0.1279326702930261,0.1719695053438847,0.051174856779164,-0.166506639899843,0.2015610546879746,-2.484236590176408,1.2657496626959224,-0.8845711028146034,0.205089600743303,34353.25
2022-05-08 20:00:00+00:00,0.4870924390874372,-0.0035857759128208,0.0124344272910128,0.0380330017780292,0.0727974779062157,0.0186473808374235,0.1855083763606947,0.1129927755445826,-1.6512372697039974,1.2024491710356693,0.2351369729939795,0.4280611031110857,0.4940422884530284,-0.0101080862173267,0.0760898858315781,0.1180242331518073,0.1626283509983608,0.0509436669803353,-0.1080654892637871,0.2055832774825547,-2.4935444717556488,1.476393464200644,-0.5824829025153573,0.2072784234845862,34595.29
2022-05-09 00:00:00+00:00,0.4843777428377688,-0.003234272931964,0.023031155321959,0.0490658381812409,0.0854433874634348,0.0193524313818093,0.006765023994358,0.0902536970204514,-1.707377525267498,0.7265910862905667,-0.7209166357698916,0.4368941063198075,0.4934748786541608,-0.0107979291253532,0.0889005109463305,0.1325710060918612,0.1787109897631578,0.0517978520497563,-0.1564164593479714,0.2134217123758581,-2.6760723908815445,1.3674139992479792,-0.7536591195877542,0.2095128837548537,34089.76
2022-05-09 04:00:00+00:00,0.4817357045491509,-0.0034742609738968,0.0335118638812752,0.0608413504755882,0.0992645698454177,0.019813551255181,-0.0886006699234346,0.0972654056322889,-2.016756878277812,1.4328077766241718,-0.5503208479406279,0.4471697300863194,0.4928812636315282,-0.0116201886321788,0.1029153451484159,0.1485826299565458,0.1964373020276237,0.0525549146848305,-0.2045528436854745,0.2224463914834586,-3.2967557327456007,1.275280810960146,-0.5547755897789473,0.2118073363768065,33549.69
2022-05-09 08:00:00+00:00,0.4826557965082895,-0.0037336751062312,0.0282942722310972,0.0567039782669591,0.0967567955611556,0.0200026289611852,-0.0154040093608524,0.1054639396804307,-2.0443539656712613,0.7116659652789169,-0.0768680160655267,0.4590783195504289,0.4929139046819362,-0.0123275513363673,0.1005594187847118,0.1476640525338408,0.1966031868359263,0.0525839328161535,-0.1834151063440277,0.2287970081273813,-3.426327804349809,1.216636197655058,-0.6745231683882551,0.2142237697145182,33508.65
2022-05-09 12:00:00+00:00,0.481427978600131,-0.004230073621608,0.0340035989107814,0.0641499764902766,0.1064855203619377,0.0204613125682048,-0.0435357686528708,0.1158511393486994,-1.9570500656180871,1.6348375650075566,-0.3713192879075596,0.4715993953864144,0.4925091216285551,-0.0132428760680881,0.1104974149684983,0.159702457557409,0.2103611533021205,0.0532859264464321,-0.2094316137112396,0.2383610717719081,-3.524245403251101,1.4682807737983148,-0.7535217659659418,0.2167434965059118,33090.23
2022-05-09 16:00:00+00:00,0.4784346571884794,-0.0051992121493793,0.0506205818582514,0.0836397206128287,0.1292472242580069,0.0217600225441068,-0.1426740641833005,0.1303029648079129,-2.6922920729294946,2.614983294930169,-0.5879636449341518,0.4855657289415802,0.4916846146139309,-0.0144742142378835,0.133549088086738,0.1857217474766455,0.2388725431316343,0.0547792452321504,-0.2791617108033032,0.25141450518735,-4.325572492570524,1.879614695648421,-0.7712988226499708,0.2194732853671905,32289.63
2022-05-09 20:00:00+00:00,0.4758106580771799,-0.0087092627428696,0.0723168146450363,0.1125826200865514,0.1640761735621423,0.0255462704128449,-0.1982223603190978,0.1656673440541343,-3.0547321994476047,4.640549870262699,-0.5001362613404613,0.5038788594699775,0.4906133882698762,-0.0164890071291732,0.1688423502144569,0.2255517893064791,0.2823076221227856,0.0575239260917704,-0.3706990588533005,0.272096050423766,-4.711047094159175,2.729740641069674,-0.800316942480981,0.2228121191949549,31151.05
2022-05-10 00:00:00+00:00,0.474098112883817,-0.0109351921439566,0.0913316231554091,0.1376398165293879,0.1948918880945223,0.0284293139118764,-0.2266716643749266,0.1976229500747345,-3.722170532249135,2.542545211012885,-0.508446581643321,0.5228502451753115,0.489762836092262,-0.0185333591174797,0.2001254751255621,0.261404294769709,0.3217521548917887,0.0602829366470935,-0.4355119033429027,0.2928902828216663,-5.672241985136807,3.19876929462421,-0.9261596479010036,0.226380436594956,30176.73
2022-05-10 04:00:00+00:00,0.479447502349722,-0.0115689429151922,0.0615345844159651,0.1105972209586814,0.1707868022743655,0.0301075604880716,-0.0472974494378841,0.2164388824237515,-3.4175501793991088,2.716048122929488,0.2591512833370254,0.5418665004514134,0.4905816172374478,-0.019724168118034,0.176248316350821,0.2393467896249645,0.3005903090047845,0.0603514619026013,-0.3404794566068135,0.3005740747343476,-5.660560379298931,3.59349945626429,-0.7144039512779876,0.2300937336022374,30621.19
2022-05-10 08:00:00+00:00,0.4857797590576481,-0.0086416080484205,0.0247607395758877,0.0707419035708878,0.130625136766985,0.0307236074300891,0.1369599304751872,0.2154248713705862,-2.897302776593839,1.555427747966605,0.4608762355194422,0.5488054322389764,0.4918793496548428,-0.019983295356598,0.1361066934581367,0.1991842332469187,0.2600103202162884,0.0593680118548352,-0.2100079299418304,0.2994747293369841,-5.077847079138178,3.822998584958884,-0.4828212189918964,0.2337727265942558,31564.43
2022-05-10 12:00:00+00:00,0.4871439912541534,-0.0065210265790634,0.0173837036516191,0.0617396306308299,0.1227581582971701,0.0313411988787253,0.1843793184956428,0.2175520709664123,-2.501196416729913,1.2129289738746352,0.094035042514813,0.5459062563560341,0.4921023176620505,-0.0207192025880681,0.1283977492228294,0.1931190601412724,0.255197219249706,0.059949081583267,-0.1766687477740076,0.3059090491513328,-4.336583456744627,3.782338709097046,-0.3931454737775211,0.2374081806453921,31642.1
2022-05-10 16:00:00+00:00,0.4869706955669765,-0.0044691416734232,0.0242482057459547,0.0670590104194286,0.1295680944106993,0.0320842768357653,0.1675923144422256,0.2198976562849788,-2.298549722406015,1.775071081538863,-0.2141720056891585,0.5388307548776546,0.4919384400303462,-0.0216004143926064,0.1354153029149845,0.2024715203826441,0.2665626721170357,0.0611116348296862,-0.1872014285271173,0.3156205423296249,-4.06617274885616,3.730604580620318,-0.3343789942414211,0.2410006110160384,31315.69
2022-05-10 20:00:00+00:00,0.4879072789462262,-0.0028185920095078,0.0206718183582366,0.0618273252008485,0.1251881017062572,0.0325551665273487,0.1932741041863288,0.2162280420909462,-2.263023204805461,1.3781275917598714,-0.0191362110538493,0.5325094743526602,0.4920790641142201,-0.0222596427930546,0.1311846460585815,0.1999350591776423,0.2654430299163077,0.0615187997868208,-0.165229083904916,0.3230263836204169,-4.224589186869795,3.09601677959249,0.0517688047168119,0.2445505268687533,31300.16
2022-05-11 00:00:00+00:00,0.4875810060893256,-0.0025601671363418,0.0248053904659371,0.0664575346806766,0.1319636492474938,0.0334012203025671,0.1765340623677202,0.2156424709199008,-2.28991757091394,1.051183377457609,-0.2834260438308421,0.5293615662315926,0.4918852537772767,-0.0233201821775092,0.1382067198873164,0.2096406070693839,0.2773936237404386,0.0625674887504442,-0.1731096949989449,0.3347431048170957,-4.561182135294969,2.798021099449177,0.2697530270337137,0.2480584313404233,30961.83
2022-05-11 04:00:00+00:00,0.4895304148187933,-0.0011397713058952,0.0129650417965698,0.0526129697500974,0.1181922632737837,0.0333214902648119,0.2371819324849208,0.2044497403118318,-2.1404479278538915,0.6905732670437412,0.2269809670877598,0.5252313409648329,0.4922958074955121,-0.0237104503371392,0.1245198500762627,0.1969997831912939,0.2656238453859518,0.0623119305279077,-0.1287566018531569,0.3386829802731105,-4.397212766280305,2.3225531590217683,0.2344426390644104,0.251524821613577,31205.51
2022-05-11 08:00:00+00:00,0.4875437792068798,6.608068465339054e-06,0.0308504357703516,0.0696478853494406,0.1369986948635146,0.034525505909945,0.1553499865902128,0.1999388496877024,-2.1623159510357857,0.6817600670387898,-0.3819710602969443,0.5171205830260108,0.4917511786221697,-0.0247193878124786,0.1435819539112102,0.2191417391028913,0.2906243065185161,0.0638130709560245,-0.1694533776313712,0.3522204408492787,-4.847920601704349,2.123673439427189,-0.4550546884490623,0.2549501889868491,30557.71
2022-05-11 12:00:00+00:00,0.4924050978025808,0.0021239301744255,0.0009388560001577,0.0353586385537607,0.1002616867253858,0.0351399187981789,0.3236813833536693,0.1861316567443528,-2.01095669986698,0.813457152793286,0.4950904080049713,0.5085644929930252,0.492912849808533,-0.0242431926893609,0.1067237779277363,0.1812640019812299,0.2519213820693484,0.0620856823761263,-0.0706568672451826,0.3461477874267483,-4.587182805826845,2.0472223898909614,-0.0828267921658966,0.2583350189446142,31459.87
2022-05-11 16:00:00+00:00,0.491318097617061,0.0025407582029765,0.0170429543459089,0.0511453727516941,0.1174455901374418,0.0388555284730148,0.2439051088950142,0.1864721743828285,-2.29713505918404,2.0454293935760464,-0.2895545626861626,0.5042754435206223,0.4925860265944389,-0.0250391100173189,0.1241156498031794,0.201238919693014,0.2743632129290974,0.0635921400806904,-0.1117328048191763,0.3561051348107631,-5.029415622516962,2.286262388676068,-0.0264555455684825,0.2613128737658468,30869.77
2022-05-11 20:00:00+00:00,0.4871789403354069,0.0009130096677254,0.0556833205173796,0.093380910738527,0.1643942031308591,0.0440681294413311,0.0374824332630036,0.1935352710958853,-2.72618931492289,2.103198303328497,-0.7128586458024774,0.501228145761059,0.4913811604470585,-0.0270117088995572,0.1715606954875648,0.2543481559095555,0.3326111542927177,0.0670841694655569,-0.2147466398331853,0.3807953546193608,-5.500011472873226,2.596265560881786,-0.6292267473509637,0.2650155396722804,29473.95
2022-05-12 00:00:00+00:00,0.4871709091853206,-0.0026794648411718,0.0558755593419657,0.0994060036262518,0.1748114440232411,0.0468849645340272,0.028814135122175,0.2042584868381755,-2.5831330131588417,1.697272459913475,-0.2357155622838283,0.5036097068655528,0.4912162642023531,-0.0287046666783463,0.1823673309853919,0.269184749880077,0.3506901132831168,0.0690075550327144,-0.2217017107759732,0.3994218271934827,-5.294870844084863,2.9030458829456545,-0.4770135360784456,0.2689819544470831,29027.82
2022-05-12 04:00:00+00:00,0.4855771333790491,-0.0037026159970405,0.07365722570095,0.1202724440718336,0.199796848377713,0.0493979183206543,-0.0572516927413116,0.2097252455472967,-2.446529690126185,0.922894956421708,-0.4000707463742485,0.5002519040236515,0.4906785986555368,-0.0304536437541167,0.2077778820989624,0.2993364641257352,0.384981875098634,0.071927633132123,-0.2582179736438447,0.4218920740438981,-5.26576720371383,2.988622543187443,-0.6971324652716103,0.2730025641322555,28260.76
2022-05-12 08:00:00+00:00,0.4863795921718954,-0.0088304335228318,0.0677906695498444,0.123598506280169,0.2097316680233056,0.053880680652573,-0.0181942136142551,0.2353831001931509,-2.66677705547883,2.165011716826249,-0.1504879956756911,0.5030294654553074,0.4906506332702954,-0.0328363533316793,0.2182460366271761,0.3150441485523552,0.4046546567901545,0.0746629902816717,-0.254946968149501,0.446811528080943,-6.007762465424006,3.667539195879185,-0.4058317280941442,0.2772903488201256,27808.01
2022-05-12 12:00:00+00:00,0.4892339943906125,-0.0087727701650919,0.0347107156877828,0.0914534932944399,0.1788167787255075,0.0560573300335442,0.1171952420908524,0.2349983777189491,-2.5107809854134318,1.037532605795617,0.2896856104472745,0.5075036818926508,0.4913981683418357,-0.0334682054732314,0.1874485856340575,0.2853025650869671,0.3754339638289965,0.0752252974885463,-0.1814612631522528,0.4523982603349365,-5.698560575314985,3.7759079625137177,-0.5089677558253152,0.2817999797978469,28344.6
2022-05-12 16:00:00+00:00,0.4919385990890024,-0.0059352673668941,0.0098062315108466,0.0632179136513002,0.1498142655171175,0.0553543943049081,0.2306881563514831,0.2245787074948179,-2.244539663591746,1.4409327404297396,0.2706594160297869,0.5047855479641936,0.4921627386958671,-0.0335446886696295,0.158454142034633,0.2565839985888587,0.3469011928570014,0.0755818644999438,-0.1158004161043449,0.4547615067582389,-5.079192699219062,3.6974166624898936,-0.3442026776834744,0.2862562416724022,28893.52
2022-05-12 20:00:00+00:00,0.4915984623649243,-0.0029812597150139,0.0194017495247946,0.069948353928317,0.157567684161594,0.0567649454121052,0.1978461673592619,0.2159140958048369,-2.216826882055597,0.8325366517887244,-0.1936713233253877,0.4965731748090198,0.4920582619731229,-0.034389392426875,0.166431276281487,0.267518519185685,0.3606908503006507,0.0776462246362787,-0.1210083999170009,0.4706446560027051,-5.124613404165212,3.302020638447024,-0.1945727349048011,0.2906597660389677,28551.51
2022-05-13 00:00:00+00:00,0.4933164902956461,-0.0008101838304075,0.0015867486841179,0.0487459066405893,0.1352135214179992,0.0551387069451467,0.2906876251953977,0.204598053506975,-2.135116579475157,0.5188813481490826,0.3162210616571828,0.4894170305874198,0.4925615793660868,-0.0343450878471594,0.1440725880393498,0.2455137672899374,0.3391484959886521,0.0775874202196697,-0.07114233480472,0.4742797975615628,-5.078282285734853,2.8675420212399803,-0.0123299113971722,0.2950111770181237,28959.93
2022-05-13 04:00:00+00:00,0.4980890897911327,0.0036307555677001,-0.0410569767534793,-0.0026530657617596,0.0777193414749304,0.0525959868752626,0.5497591391710751,0.1903260277898397,-1.9780962017306816,0.6805974525093158,0.7039093768922879,0.4751601577824736,0.4940024610810502,-0.032541154754044,0.0861571381037331,0.1836692803923281,0.2742353123328624,0.0749313736481111,0.0456671876086604,0.4587759327680925,-4.7059859921154725,2.7754788053623325,0.3979803713607091,0.2990696732022232,30387.6
2022-05-13 08:00:00+00:00,0.4973946714084006,0.0084007145728252,-0.0249036578185604,0.0057281549807675,0.0833922695327404,0.0526095081595564,0.5135717280926013,0.1896858355204184,-1.8724143504314503,0.5602988996979462,-0.2685205300890685,0.4539998955794152,0.4938656142935364,-0.0321873274035373,0.0918098976093937,0.1903343077869927,0.2827030562092563,0.0767245859943087,0.0385493358525354,0.4673928268953186,-4.521529821316864,2.138448243138789,0.594599260235232,0.302205859820958,30143.97
2022-05-13 12:00:00+00:00,0.4989563222061221,0.0111476015107721,-0.0331249762034477,-0.0091049913817307,0.0643427353802672,0.0499444592484713,0.5969782072039983,0.1857097985873566,-1.773707764576128,0.4732143415586035,0.7205224889822339,0.4339145895063071,0.4943495273052691,-0.0310989380495017,0.072548572096234,0.1698048039572091,0.2618418250013397,0.0760789207778378,0.0805147791697597,0.4650914375543134,-4.362879172127285,1.8797674887745568,0.686258952565085,0.3052083141675129,30598.54
2022-05-13 16:00:00+00:00,0.4979565592389521,0.013524645746466,-0.0164730576504261,0.0019453848217028,0.0727545164299401,0.04859436039596,0.5511956039308872,0.1826184631119373,-1.753255383637054,0.6924996000246729,-0.3890480223174252,0.4138782065076805,0.4941444154257715,-0.0306521015802595,0.0809281105989783,0.1791442565963836,0.2730702496768371,0.0771893143789639,0.0674977779564089,0.4737435301089608,-4.378103076975027,1.5256271509463244,0.4557634436739501,0.3081751998504946,30286.88
2022-05-13 20:00:00+00:00,0.4973921641048307,0.0131895876431721,-0.0081318638235298,0.008222402970599,0.0774716075272416,0.0485283437587371,0.5266419398934447,0.1772557404728045,-1.7145354254806813,0.6326854603140007,-0.1975928575817983,0.3983875460587107,0.4940392680145832,-0.030411006109876,0.0856493781335741,0.1849650521988473,0.2807159309360549,0.0780516158842665,0.0619188602393694,0.4820992924025652,-4.329399971306104,1.3878370222539191,0.4929674211696971,0.3111069071760696,30061.35
2022-05-14 00:00:00+00:00,0.494858886434758,0.0124994446786454,0.0174746936748426,0.0329898808010622,0.1022401826346444,0.0483388418773203,0.3953236261467191,0.1731328259042408,-1.6315208450176488,0.4276857803538122,-0.8125715726547796,0.3858106933085395,0.4934065106849815,-0.0307698028611815,0.1105833268615064,0.2129227946594696,0.3123544971880634,0.0802595437486867,0.0194556219492476,0.4997065407315768,-4.205625896770967,1.3082591179349867,0.1437846431487136,0.3140039192923284,29292.4
2022-05-14 04:00:00+00:00,0.4957924628068733,0.0109825481467633,0.0080636442973816,0.023088431243033,0.0904174066510463,0.0465996656598518,0.4550920208990193,0.1646247139267675,-1.5448163943422808,0.2679991590096863,0.3667047862500414,0.3764499482733354,0.4936676293567598,-0.030178046609035,0.0986647957446877,0.200749414724459,0.3006431317930753,0.0794869075676664,0.0449939951028748,0.5013530578652217,-4.039808433768394,1.1115759264134,-0.4765120645897918,0.3168666467987664,29510.59
2022-05-14 08:00:00+00:00,0.4954552948505387,0.0096153254145268,0.0101203024485787,0.0251247736597199,0.0914909162530208,0.044756039349605,0.4427483125319472,0.1609838837488895,-1.5079069182761378,0.1561698102952936,-0.3288707650483435,0.3684773700408124,0.4935970329203449,-0.0299559597767489,0.0997430772847089,0.2027821735982871,0.3043177963556076,0.0796351706951612,0.046735193135276,0.5086911219183299,-4.07575363833539,0.9403932617768131,-0.4134212135478376,0.3196954954356513,29381.68
2022-05-14 12:00:00+00:00,0.4940819190634476,0.0083354762438673,0.0211312020411558,0.0364959326066172,0.1026325842715238,0.0431785417694057,0.3731690249109397,0.1571421337709853,-1.4484008155327004,0.2273205500346874,-0.5023839204246048,0.3618685372328158,0.4932882523659069,-0.0300141254141371,0.1109677935256741,0.2159257054481771,0.3200672485224975,0.0805490509348701,0.0307316245529809,0.5207584076027243,-3.997099774297996,0.8334976403860588,-0.7210509852987168,0.3225108266401558,28985.63
2022-05-14 16:00:00+00:00,0.4935417281989671,0.0064213993370675,0.0233135219721942,0.0401115691911508,0.1061949461610176,0.0421876510338386,0.3463732429918753,0.1498300002106374,-1.3991129408420535,0.3427393993246038,-0.3458076417237411,0.3586390581372373,0.4931697077060398,-0.0300209350980578,0.1145889448324781,0.2210011373319949,0.3271919416602407,0.0810544923359209,0.0284786560449202,0.5302605012381132,-3.898673034868838,0.6894639640693998,-0.802590275256786,0.3254140118484625,28783.05
2022-05-14 20:00:00+00:00,0.4957556825594416,0.0063003397471394,0.0053764215454581,0.0206960805984921,0.0841242256970806,0.041164429974326,0.4815074272212409,0.1357360862265157,-1.3385792294573138,0.3563829303898991,0.3775693974786658,0.3507871345968965,0.4936994273383605,-0.029012038840496,0.0923172558964624,0.1971940514738945,0.3026900398291627,0.0794042795453177,0.0702698943320018,0.5257797398636584,-3.783346736901448,0.5729225941303422,-0.5142335957318842,0.328316352344966,29279.32
2022-05-15 00:00:00+00:00,0.498932689225698,0.0069043642102871,-0.0174763169144847,-0.0048473670727998,0.0549433332864888,0.0392726602299215,0.7005875147857612,0.1209233238025689,-1.2292795368766674,0.4675991381917493,0.7130910010307867,0.3397174446119474,0.4944395289139225,-0.0276225754965847,0.0628410784153126,0.1651236323650216,0.2689877937931593,0.0771617629516583,0.125804504345449,0.5163884296763382,-3.594811734076304,0.559212342957652,0.4178737233054769,0.3310602251887954,30012.62
2022-05-15 04:00:00+00:00,0.4975826501155954,0.0076469967651478,-0.0040778020561423,0.0062802844014524,0.0644248544120595,0.0388240538624343,0.612081971974554,0.1208547075256512,-1.1876193532672048,0.342463313825969,-0.472623937876314,0.3264983641695261,0.4941841152038403,-0.0271471995786761,0.0722961944560458,0.17553157757344,0.2814406057441514,0.0777948693031953,0.1117835604801908,0.5256431869113536,-3.514578728186023,0.560173374182092,0.0976729340761381,0.3334562471005473,29678.22
2022-05-15 08:00:00+00:00,0.4980684760083234,0.0076629012224539,-0.0060150711102568,0.0027625192349751,0.0587075176784261,0.0373389954682194,0.6250331755753443,0.1199015548693211,-1.1318518067734096,0.2956668950951687,0.1563996169805315,0.3154747332213634,0.4943147865526952,-0.0263243810944939,0.066448760895968,0.1692063409454576,0.2756715417053321,0.0773244909164834,0.1250999562823289,0.5275296925952078,-3.407326882348104,0.5791203224743876,0.2278203342618393,0.3358239133572075,29769.13
2022-05-15 12:00:00+00:00,0.5003600438880249,0.0074832215499712,-0.0207106189064688,-0.01344403477434,0.0396348712544007,0.035422639562263,0.7513587819475832,0.1177231354365641,-1.0949610823146156,0.3477448993681984,0.6333359765284244,0.3038253601735605,0.4948047484997315,-0.0251503830955549,0.0471435391569909,0.1480461689409402,0.2536525181651625,0.0758730448573351,0.1626528683970385,0.5228575959128036,-3.344982274141909,0.5846003220112171,0.7328458681522746,0.3381635595329919,30248.35
2022-05-15 16:00:00+00:00,0.499146364411989,0.0080713398852287,-0.0089836600336019,-0.0039601307307618,0.0470722752770678,0.0353690848011057,0.6650024253424752,0.0970171940661405,-1.0623235899295789,0.4894379838343248,-0.3438167069873367,0.2874782238263725,0.4946146162210955,-0.0244319547274605,0.0545014518886128,0.1557862040826183,0.2630287217731539,0.0764060368133958,0.152207338815159,0.5301069909356951,-3.285651778046762,0.5773196355652394,0.6154804763223477,0.3402390000150223,29982.6
2022-05-15 20:00:00+00:00,0.5012866860044104,0.0082377406115666,-0.0207292929305796,-0.0177671960553977,0.0300740669512422,0.033763195511223,0.8244944331852048,0.0822604741402503,-0.9756664851438812,0.6249209207415801,0.8017182623668325,0.2716127034164249,0.4950753830400168,-0.0231217103686324,0.0372454889620359,0.1364717902460732,0.242787607273184,0.0749150390211472,0.186252484568931,0.5240553115646475,-3.1432041695597013,0.5793779507169894,0.9164913790356012,0.3422809060500957,30429.59
2022-05-16 00:00:00+00:00,0.50505153230694,0.0099404896854261,-0.0389582064540557,-0.0405666393396517,0.0023266216259703,0.0333060148489417,1.0982962318624745,0.0811745115886503,-0.926069406381205,0.96880369663119,0.7560758447127659,0.2582347664017166,0.4958986829847008,-0.0211867193528974,0.0090846730133657,0.1045242225759746,0.2083737793233067,0.0727677159973215,0.2427952584431276,0.5096309635223624,-3.0639673045856672,0.5994877275172507,0.6278445636107741,0.3435383519791266,31258.75
2022-05-16 04:00:00+00:00,0.5001984114501526,0.0101709988434124,-0.0042981707943602,-0.0079209524790747,0.0334857868043982,0.034008002456548,0.6838689051612482,0.0824527473436971,-0.9847665743701962,1.0056603518236171,-0.886018946501302,0.2442063556356609,0.4950400081986052,-0.0207051593772405,0.0402699938102402,0.1378117438655024,0.2454301134571472,0.0749789598509249,0.1867467906060109,0.5251723991074498,-3.103357001071212,0.6534903218212048,0.3076290552845457,0.3446024745740078,30290.74
2022-05-16 08:00:00+00:00,0.4968439838664747,0.0082189067348263,0.017282229052274,0.0147966636561229,0.0557011800462625,0.0346603939022179,0.3676213009540671,0.0756366314201094,-0.966948556256133,0.8261219670403219,-0.5914918865928854,0.2307979657931987,0.494457510155606,-0.0203700571813458,0.0625217267445417,0.1618474286334676,0.2726234095936337,0.0766143937419458,0.1490259611585374,0.5373107348577156,-3.072499481518728,0.6961355489418036,-0.0776565229984395,0.3456840875189003,29602.9
2022-05-16 12:00:00+00:00,0.4985280720620215,0.0062375748977859,0.0047220468430075,0.0036045924309213,0.0429184677882916,0.0341229279099766,0.501965367628783,0.072940558869549,-0.9515180655635768,0.79092919290537,0.4055360338588967,0.2214247106534342,0.4948036685905616,-0.0194209600841894,0.0495620338616538,0.1474592313772997,0.2577656113924478,0.0757748809403526,0.1739966258313216,0.5317717182411308,-3.036065939167514,0.7217296509258558,-0.1576161601061393,0.3468145622774869,29910.97
2022-05-16 16:00:00+00:00,0.4972967364064522,0.0045579526467558,0.0118912023979351,0.0122067205745843,0.0509090276822354,0.0339970179854881,0.3862375962904872,0.0721504951351659,-0.9038370490977736,1.5595979668326487,-0.2966494461806666,0.2102299068293436,0.4946224877741562,-0.018903473219744,0.0575166203143961,0.1559749744294563,0.2680174422041288,0.0764492723865603,0.1619134747549192,0.5373236884076895,-2.9699320947789745,0.8175005202267495,-0.1658335591288341,0.3479316584637869,29627.62
2022-05-16 20:00:00+00:00,0.4970511961548103,0.0032502755301942,0.012306166335549,0.0138342340580497,0.0517398976148693,0.0338103353473782,0.3638338268507075,0.0712291469976822,-0.8214728316284636,1.2564526511110006,-0.088346410927057,0.2018165431313495,0.4946086920905653,-0.0182712837198147,0.0582695362875971,0.1566249789178597,0.2696458117853331,0.0766785423143042,0.1629786602916572,0.5409990264584674,-2.867636366475588,0.8634447224644802,-0.3717138807201651,0.3491080123140972,29548.07
2022-05-17 00:00:00+00:00,0.4986550212039779,0.0030006784688003,0.0020258991740114,0.0033287105801866,0.0394255263570491,0.0329159515369406,0.5272259758568387,0.0665431111271138,-0.7070862831207353,0.9448889416812442,0.4260598071185688,0.1914015020177733,0.4949417415902837,-0.0172566381771373,0.0457630706163478,0.1425039186754735,0.2549172426086399,0.0759165820242004,0.1876031701585447,0.5373544297749703,-2.721660801735615,0.82257583316585,-0.6371338076741574,0.3502862021271328,29854.67
2022-05-17 04:00:00+00:00,0.5011557152944046,0.002988137290961,-0.0128052912637345,-0.0120646355947598,0.0219497234938819,0.0313265764683118,0.7626301161788305,0.0654952240742848,-0.6845360643690797,0.815431804182312,0.6470790425253987,0.1807624342084191,0.4954267726253258,-0.0161290079429039,0.0280562264972739,0.1226035706228307,0.233757882519189,0.0745087924947541,0.2221151308753919,0.5305771560995615,-2.680532100277391,0.7712288771591803,0.0253536652581278,0.3514473920744684,30326.62
2022-05-17 08:00:00+00:00,0.5012821062659808,0.0036678262473086,-0.0111411516975143,-0.0119561429989759,0.0200235931757675,0.0304982177888782,0.7586811489138892,0.0668546493862397,-0.7051676174787536,0.7559498131222491,0.1003760061100946,0.1686177856765544,0.4954871849390628,-0.0151078615797831,0.0259619306507972,0.119481494091769,0.2308863281828805,0.0741084976890454,0.2287478214061872,0.5308000886796059,-2.7120553309953874,0.7419191084811362,0.5116014052501331,0.3525423767901498,30359.23
2022-05-17 12:00:00+00:00,0.5007758519535138,0.0042976052355333,-0.0057037482736794,-0.0081518888668805,0.0217840729968885,0.0294806069428254,0.6943414375971596,0.0689446081889924,-0.7057173205406658,0.818852525477759,-0.1377912867274587,0.1596230815867592,0.4954538838152783,-0.0140854098265096,0.027563477053889,0.1202619379430685,0.2322295053419132,0.0740506453101917,0.2287251166177966,0.5319290287071409,-2.704588338199684,0.7281360621331361,0.2256224188790562,0.3533878919749243,30289.12
2022-05-17 16:00:00+00:00,0.4998841035815556,0.0040577844758938,0.0004066378579909,-0.0024909200897684,0.0259542139948483,0.028956895588601,0.60225172494889,0.0689691814789175,-0.7203299313305093,1.460547714840506,-0.1791592715956305,0.1504510729083844,0.4953615383275655,-0.0132086630774034,0.0316109376700879,0.1238500376274625,0.2367098209094849,0.0741975888807084,0.2240362521906334,0.53455062858697,-2.7007488678632137,0.6952996982163432,0.3036165191740419,0.354189607036089,30141.74
2022-05-17 20:00:00+00:00,0.4992981532263208,0.0030698746646355,0.0032579231788447,0.0011232847217326,0.0286466533665039,0.0289919289973904,0.5313178890453839,0.0663696677349623,-0.6053755388202903,1.5152610515751193,-0.1303408684000782,0.1435661379851598,0.4953103760066943,-0.012471017270481,0.034204658951084,0.1260756659099708,0.2397795986287114,0.0741485756760301,0.2216875018556558,0.5366341102121417,-2.602289806608301,0.7157171162517607,0.3599727338781542,0.3549970735287086,30028.19
2022-05-18 00:00:00+00:00,0.5013196810708905,0.0030061831671308,-0.0075114726818423,-0.0100997879745297,0.0156114321768987,0.028687958479918,0.702895321694481,0.0574271743811876,-0.6004116955906509,1.035211679619595,0.582903593747489,0.1367791860534927,0.4956924825001683,-0.0114143307521391,0.0209580924569203,0.1108118781583435,0.2234632901490818,0.072916109676285,0.248499701754014,0.5297074510420534,-2.570082902536412,0.7250252176418157,0.4007970097154291,0.3558164680930195,30391.04
2022-05-18 04:00:00+00:00,0.49769798001951,0.0026010228028222,0.013323286126275,0.0108027261399068,0.035802652700241,0.0287936449536145,0.3127215725305809,0.0548638711722655,-0.6785962383414534,1.1895603519439333,-0.6325459317585312,0.129936952514336,0.4951452544672854,-0.0107890133716546,0.0411242543303624,0.1319595946056733,0.2472648889825643,0.0740771022166497,0.21438776771378,0.5397259060238324,-2.599917030858359,0.7755017566682154,-0.4127970996037431,0.3566261655550062,29773.98
2022-05-18 08:00:00+00:00,0.4981782914807063,0.0013984015806028,0.0089637186713571,0.0078206169496626,0.0321998755235777,0.0281603757906719,0.3437150327565432,0.0532336984067909,-0.6400110067292684,0.8183531853354531,0.1639598405433359,0.1274960332476288,0.4952481302048991,-0.0100923412318133,0.0374104509456003,0.1274041398206729,0.2428608595887458,0.0735665338502667,0.2230708456251584,0.5377562679584655,-2.5553508755263232,0.7915001372602402,-0.3889692057618408,0.3574262806747583,29840.57
2022-05-18 12:00:00+00:00,0.4978641821562609,0.0005730396509497,0.0093867533012657,0.0093007859999341,0.0331717267044666,0.0271376755520307,0.3026264655542653,0.0532134568197102,-0.6289008684578365,0.7241256682625682,-0.213867758923348,0.1256044432486428,0.4952211966369551,-0.0094492664388189,0.0382952985877647,0.1278331982164742,0.2439317988729892,0.0733737248793152,0.2234426480205079,0.5375407887903213,-2.540188737322812,0.7890072146115965,-0.3931974457842404,0.3582169268542394,29776.19
2022-05-18 16:00:00+00:00,0.4931579687531862,-0.0012212683612548,0.0334363012363498,0.0360225460040306,0.0608521182240022,0.0276770907817141,-0.164406648584524,0.0584409060976298,-0.7170437746331462,2.324445628334868,-0.7904078802658603,0.1284285681964947,0.4944903486769501,-0.0092786465187509,0.0660686247103439,0.1578232595530135,0.2777768294101539,0.0751912743739524,0.1764982800657908,0.5521969169622313,-2.5690495006431973,0.9156926086037686,-0.6454687060554266,0.3590928939454079,28947.61
2022-05-18 20:00:00+00:00,0.4952989308706752,-0.002849656970295,0.0178724404462327,0.0232899106464774,0.0485319618959085,0.0275015971627854,0.0690215605488,0.0644316445673993,-0.9351835339609847,1.9518544966992124,0.3529604558232168,0.1354416319516709,0.4948230646345899,-0.0088816990198074,0.053670217472924,0.1443773474754515,0.2637803154219689,0.0743910016883314,0.1988828736805718,0.545620172085178,-2.605180437113285,1.0009772588879438,-0.4056012345991354,0.3601741592570138,29226.59
2022-05-19 00:00:00+00:00,0.492875490593313,-0.0038942431620866,0.0293818443251081,0.0370651057703534,0.06325691122954,0.0275701536490516,-0.0911807716607968,0.0719356275951939,-0.9383438429476314,1.0889806480346451,-0.6036296412018961,0.1395324358988087,0.4944362039020437,-0.008702629815899,0.0684466012992572,0.1604170160644944,0.2823305143730816,0.0755109833926262,0.1745782781134556,0.5529031732477594,-2.5754199137434144,1.0279199154044691,-0.7861288702605604,0.3612464077698322,28762.93
2022-05-19 04:00:00+00:00,0.4957691126656494,-0.0044107119641669,0.0103929931082844,0.0197208094619969,0.0460952278951711,0.0270016080843319,0.166184524135758,0.0773191030312558,-0.9199909623823892,0.8876664237980633,0.6375568208262887,0.144800650112322,0.4948885857930363,-0.0082914464120888,0.0511860005752573,0.1416982987415382,0.2624818870931258,0.0742556929091919,0.2052899410975044,0.543723756550657,-2.529811299586296,1.0080749964738385,-0.4151172917156236,0.3623438415825352,29173.34
2022-05-19 08:00:00+00:00,0.4958944479189178,-0.004039873237372,0.0084726600349891,0.0182065556121704,0.0446354656101766,0.0264435168415504,0.1834818742792714,0.0726569455252063,-0.9408616425020156,0.756647076455884,-0.0213490176448473,0.1469605692218437,0.4949127919639785,-0.0078860006062102,0.0496778285907848,0.1398782862026333,0.261205871578015,0.0739840385393709,0.2092179240078781,0.54239442171042,-2.511894015653645,1.0124316773070858,-0.4837400977942882,0.363428287845114,29162.33
2022-05-19 12:00:00+00:00,0.4980662851823594,-0.0036006666329054,-0.0039813569201199,0.0059303928612286,0.0321173823130447,0.0255712177433223,0.3585430695438536,0.0697124133212505,-1.0652364409645383,0.8612564093637074,0.4366762260652947,0.1487900812249482,0.4952493897301356,-0.0074108294583147,0.0370596053467444,0.1259953932204358,0.2465665395965102,0.0729078191859107,0.2329688689189331,0.5354807038557059,-2.544258126459872,1.042291476970351,-0.2447757661815145,0.3644999002583705,29463.81
2022-05-19 16:00:00+00:00,0.5034851220210136,-0.0014612572289757,-0.0296501896799034,-0.0223303449400571,0.0019548372219919,0.0251512658439218,0.78582361432459,0.0670414290076585,-0.991881446229372,1.9190402159954756,0.7211320374321685,0.1437170311174573,0.4961441247099076,-0.0065009595465133,0.006646331322011,0.0922619319815043,0.2096706476262178,0.070507051584445,0.2916477610419679,0.5185146664949695,-2.483439653287808,1.0241856496704822,0.7268654353562004,0.3653105352213793,30324.0
2022-05-19 20:00:00+00:00,0.5009175942847878,0.0008027332684448,-0.0124530074015806,-0.0082141987402247,0.0146068314679883,0.0259265986789975,0.5857995111123576,0.0686809295014685,-1.362846248730338,1.659454639870107,-0.7373096921407983,0.1375092325332398,0.4958078374654284,-0.0056998624314033,0.019211444183327,0.1048506283312638,0.2239044268489443,0.0713254732045092,0.2705967971817625,0.5231598998786096,-2.5000575147195896,1.0087340825301765,0.3742110817941957,0.3654062323831278,29935.72
2022-05-20 00:00:00+00:00,0.5028439244169932,0.0023733280851156,-0.0190026330196143,-0.0173695049671576,0.0035056551480221,0.0250773398752221,0.728731916045052,0.0687828705420572,-1.6057494367359744,1.1461934208688789,0.6339841067399189,0.1323399225440711,0.4961519536406075,-0.0047662841582613,0.0079148028071989,0.0915392145400484,0.2094138068497657,0.0704697354344268,0.294880771325323,0.5155819271470475,-2.4750525345714003,1.0273992602324706,0.8071423562979715,0.3655007970194597,30258.84
2022-05-20 04:00:00+00:00,0.5018627144359522,0.0034894400006612,-0.0111697859706101,-0.0117108076266253,0.0075452028694382,0.024709696408938,0.6513227481978773,0.0699985938488509,-1.8915550460797608,1.200824871539669,-0.1951325443236266,0.1303989192273529,0.4960650017711636,-0.0038979826197596,0.0118226859950307,0.0946439165912094,0.2130636457305146,0.0706822537912971,0.2903111461478483,0.515262691491812,-2.4609825316659397,1.0801178585247804,0.5020427543529186,0.3654488803276007,30133.04
2022-05-20 08:00:00+00:00,0.5024336575297671,0.0036332141166265,-0.0124921346331033,-0.0139792971163704,0.003961288584523,0.024228052003502,0.6928466845126596,0.0699973896408197,-1.8511338115260096,1.0143852092628236,0.1835575028220534,0.1280077636080028,0.496190253703978,-0.0031135359795133,0.0080971602447299,0.0896378360875169,0.2077725415017282,0.0703734245627033,0.3001629671106476,0.5111682184729379,-2.409406090987735,1.1244686948355451,0.5567770919317727,0.3652978843728099,30229.4
2022-05-20 12:00:00+00:00,0.5031549574314687,0.0040338062444392,-0.0139749917570013,-0.0168215813574852,-0.0004445294710861,0.0236274484281326,0.7456051128884686,0.0705445246975369,-1.945020219098812,1.0406898747820006,0.294417277913608,0.1262201922129559,0.4963493144625948,-0.0022615462154397,0.003531487674756,0.0835843340315427,0.2012324888186289,0.0699336184072178,0.3120634461647597,0.5062102397184606,-2.369286204029484,1.1616447394041514,0.6293962330575613,0.365148675375473,30359.45
2022-05-20 16:00:00+00:00,0.4943631071259766,0.0032606142565494,0.0304521159776862,0.0280042395473114,0.0443840823042234,0.0248272973310086,0.1371202669414685,0.0732188335030539,-2.622961033781585,1.8994114033038472,-0.9604789464915664,0.1236687042745261,0.4951014627222156,-0.00170282449428,0.0484339463274683,0.131211112037499,0.2543284143314861,0.0728178000891426,0.2295462427413654,0.5266675927099597,-2.4171590400367817,1.1945533775387605,-0.7628974471154412,0.3650781754754573,29039.55
2022-05-20 20:00:00+00:00,0.4961157916044088,0.0002822571174811,0.0167786001073926,0.0182316296432563,0.0354893900986816,0.0259740323874283,0.2701767469323325,0.0738704755328884,-2.0621462282323173,1.764071539003541,0.306779310454551,0.123420346347172,0.4953501137606878,-0.0015240829200023,0.0395020503545753,0.121496558043519,0.2441943681697178,0.0722853050946548,0.2468338087523338,0.5216492341983324,-2.353345752363641,1.2466664319752718,-0.3431637492581816,0.3654028966878306,29236.05
2022-05-21 00:00:00+00:00,0.4956547441053589,-0.0009065168941478,0.0166553484756311,0.0199058527571223,0.0375353755709653,0.0254973032265998,0.2467273948073909,0.0730195448120914,-2.4189656803967226,0.5724372071306539,-0.3550935401630178,0.1222854405192015,0.4952875218189004,-0.0012031499354276,0.0415193235505235,0.1233300702106872,0.2467404196847988,0.0724979448652659,0.2444523155801191,0.5214918452970989,-2.4011638592553752,1.1694602416221067,-0.5496515294936984,0.3657381170636904,29138.15
2022-05-21 04:00:00+00:00,0.4964342329110378,-0.0017060575576358,0.0105524501193221,0.0152354973299599,0.0331178764851507,0.0245624923245384,0.3077375061396882,0.0733635884593538,-2.179677685315087,0.4293582216041967,0.2102556531581337,0.1221499218661398,0.4954043476284624,-0.0008915759550127,0.0370508646728788,0.1181826030127262,0.2415350779413765,0.0722101951469709,0.2541015345527856,0.5187338200485618,-2.335627988997944,1.060090299894345,-0.5002689263800313,0.3660693702832767,29221.94
2022-05-21 08:00:00+00:00,0.497602765249619,-0.0017838523165486,0.0036626725271786,0.008847025531955,0.0266397436725642,0.0234809512251719,0.3980243464684216,0.0705178830927644,-2.038337985131536,0.3787574914464361,0.4087573251547191,0.1217569890519187,0.4955758296789418,-0.0005163634249693,0.0304999001342349,0.1106758733372073,0.2336426462383549,0.0717273610374538,0.2678907997509325,0.5141664751251902,-2.298732282123712,0.9684304768799874,-0.471049251945601,0.3663967032957906,29371.12
2022-05-21 12:00:00+00:00,0.4969115211936352,-0.0017082167361584,0.0061627101634589,0.0116255691114959,0.0293976272396441,0.0227713545567132,0.3610863741407608,0.0680055776685974,-1.958245441047323,0.35149597811059,-0.3324982851689443,0.1185364750825598,0.4954880135316779,-0.000134091458645,0.0332162417481733,0.1131222599872152,0.2367762556890764,0.0718853547816789,0.2643335309141604,0.5140118291265467,-2.2865609956528723,0.8662771277925624,-0.6401199060196058,0.3667201624948156,29259.38
2022-05-21 16:00:00+00:00,0.4987153042157291,-0.0014786591008308,-0.0024118548701435,0.0030584563132534,0.0205477969799896,0.0217379543433861,0.4867818336480235,0.0670761978001032,-1.7858311788147676,0.4121774494773659,0.4746442904049567,0.115820725518595,0.4957389216812969,0.0002523122300911,0.0242802169454605,0.1029953668003242,0.22591684070616,0.0710489663585533,0.2829330250203962,0.5078977644152564,-2.226011968198993,0.6368760442309462,0.4817397808773682,0.3670371658771207,29481.17
2022-05-21 20:00:00+00:00,0.4981891494285937,-0.0008481947548164,0.000454946439647,0.005285551175868,0.022338513776801,0.0212108567032808,0.4577257966963829,0.0664123504228254,-1.840032993793272,0.3006594174154118,-0.2826004404951705,0.1096278296202157,0.495685723094289,0.0007217232075836,0.026005819722449,0.1042015612382412,0.2275694630337039,0.0707212595695132,0.2814118340392752,0.5059428565712761,-2.230995183862939,0.3921429768756836,0.240329676608387,0.3672540636180076,29405.29
2022-05-22 00:00:00+00:00,0.4984405285712291,-0.0005309921239865,-0.0005247687070212,0.0040031837468497,0.0206908232643594,0.0203098338395302,0.4680711236023167,0.0657906438026638,-1.7531604671628995,0.2351982789619382,0.0932592624994517,0.1046769104135499,0.4957281692895199,0.0011480473169186,0.024288207000422,0.1017493216625928,0.225164077772028,0.0701152529439776,0.2864604696305386,0.5025389575230811,-2.206925243193538,0.3304634084750489,0.4143954976574052,0.3674676489973782,29426.6
2022-05-22 04:00:00+00:00,0.4976366118845991,-0.0001872054302768,0.0029828063548664,0.0071107510936305,0.0234306666418757,0.0194873111191913,0.4042681788287236,0.0646503170836336,-1.7017405408071928,0.2562085526024222,-0.4632561544797179,0.1001700774255698,0.4956402018031247,0.0015931037920966,0.0269698052528526,0.1039889379996494,0.2279458094338091,0.0697708009602701,0.2829221512603388,0.5002000835033209,-2.190841080312883,0.2945505937190782,0.2025775750966634,0.3676787067064793,29324.02
2022-05-22 08:00:00+00:00,0.4984694878877445,-9.661662589523807e-05,-0.0005123055053481,0.0035151219510933,0.0195001259376199,0.0186841926372298,0.4413127294732731,0.0629647264536175,-1.5737535140549046,0.2406402116155785,0.4100553283618001,0.0976377250025172,0.4957484691334755,0.0019828956515404,0.0229663432484898,0.0990974425697486,0.2228083202956814,0.0689442845942564,0.2922532575500331,0.4938953480665001,-2.1550580247229725,0.2645860192764022,0.0794487954793294,0.3678872666589556,29410.94
2022-05-22 12:00:00+00:00,0.5023383517646317,0.0012670592814091,-0.0129757744162687,-0.011027878765534,0.0035303725635755,0.0186352462479218,0.6711564945951748,0.0604341509086728,-1.6140450873049974,0.724461205783007,0.5166407673646437,0.0972640239325701,0.4962665656506809,0.0025808320651273,0.0068330867814219,0.080780274022985,0.2025279912640705,0.0674196456365755,0.3273125307512819,0.4807810102410776,-2.146047426865142,0.2994517462170372,0.5364214652585158,0.3676746014409349,29873.06
2022-05-22 16:00:00+00:00,0.5015251169413066,0.002303718816394,-0.007553461212912,-0.0074614986177863,0.0058488883079246,0.0188575609181414,0.6105530705070983,0.0601947750924104,-1.575475974842684,0.5661571952591261,-0.1254090990829011,0.0999327022816663,0.4962240353031411,0.003252948081572,0.0090412244323525,0.0820783431291056,0.2040117395091638,0.0672068407442138,0.3255335945598099,0.4763850831163874,-2.1240953661229653,0.3058738324125256,0.3036025893611034,0.367133900411952,29803.32
2022-05-22 20:00:00+00:00,0.5023382086194956,0.002830228004134,-0.0089102654300518,-0.0101069032205102,0.0020318794354936,0.0186743031182342,0.6534734188798068,0.0583646021609941,-1.5509342902206322,0.6058635359169238,0.24480604066853,0.1011071264977344,0.4963676023902938,0.0038666350300184,0.0051012822539353,0.0768190901570073,0.1981965953942155,0.0665853600546487,0.3365924201653291,0.4693410637335194,-2.107512600558613,0.3341284685805972,0.4781499202551826,0.3665995982943514,29914.94
2022-05-23 00:00:00+00:00,0.5047381293833524,0.0035288474690906,-0.015732557441454,-0.0185785254590622,-0.0079223274552321,0.0182189877792339,0.8109291408783023,0.0589536626309478,-1.4761252383771108,0.7894422189293582,0.5209713024282535,0.1049516788652945,0.4967190833850293,0.0045189889852716,-0.0050090336369902,0.0648225094107961,0.1848002283897387,0.065576553162473,0.361684576830019,0.4588944145491304,-2.082203486578041,0.3927237644087949,0.638270911861416,0.3659914636866713,30221.12
2022-05-23 04:00:00+00:00,0.50385057448981,0.0038473348044263,-0.0106591453504353,-0.0147255738434951,-0.0053170298822809,0.0181287499115242,0.7682832415525122,0.0593282896620775,-1.6332085674514307,0.9239984843553636,-0.1732519876059873,0.1111016764228653,0.4966678122144645,0.0052069148332062,-0.002519762500588,0.066314834716749,0.186390268791543,0.0654449489358601,0.3596785396037869,0.4540937427652637,-2.08584284108893,0.4596667684501352,0.6602694682813377,0.3652707530839156,30149.0
2022-05-23 08:00:00+00:00,0.5061222914854577,0.0042191986914551,-0.0168994712237214,-0.0223083030296796,-0.0143814957634529,0.0176148666107434,0.9176875471761546,0.0600033546949705,-1.5836591988217523,0.8620944962277772,0.513087800647754,0.118495814082393,0.4969991383982116,0.005868096154165,-0.0117415070275198,0.0552054566163779,0.173898088190725,0.0645297045722193,0.3842346176435204,0.443558130969004,-2.067211123970141,0.519821959252843,0.8204280994110041,0.3644957573383534,30438.91
2022-05-23 12:00:00+00:00,0.5050094792742059,0.004469055042712,-0.0111225376691341,-0.0177696669562033,-0.0112274956668547,0.0174669726548602,0.860966758541692,0.0615152335145158,-1.5525557918429955,0.8957567971061935,-0.2252844426103892,0.1286946600323515,0.496937122052877,0.0066069086712703,-0.0087143932100842,0.0571366977327503,0.1758709515899115,0.0643531755470464,0.3814631497833645,0.4381651582176165,-2.052931739809678,0.5201198095785999,0.4843112958669751,0.3635968646423324,30357.72
2022-05-23 16:00:00+00:00,0.5043130818317055,0.0042115640381654,-0.0081914493489384,-0.0153625509633308,-0.0099530420123089,0.0174763988642258,0.8295464725766096,0.063476211773426,-1.4606088133092932,2.0977449310445317,-0.0380378209576649,0.1341091619234804,0.4969460930373699,0.0072685713667037,-0.0075592815198461,0.0571454306237644,0.1757200370343736,0.0640343331406861,0.3827584094392917,0.4319465012584229,-2.036378036190168,0.6619726146276942,0.5619298320402428,0.3627086098670771,30331.33
2022-05-23 20:00:00+00:00,0.4937298408371325,0.0029203405881939,0.0326132608797071,0.0264305969690636,0.0317178473951675,0.0187754445951285,0.1959839912038095,0.0653201001351772,-1.632431452163977,2.153948105317364,-0.8204072096128179,0.1336869027657425,0.4956756520067556,0.0080306797419852,0.0341302423974902,0.1006133926603272,0.2240321634928559,0.0663402450563901,0.2913070236498818,0.4439953347977028,-2.050045471500086,0.8092474700137476,-0.4963013723774629,0.3619249132159332,29103.17
2022-05-24 00:00:00+00:00,0.4940937599122318,9.864555303822124e-05,0.0270796706402363,0.0246212096611773,0.0308826206288217,0.0200058327496969,0.2092369777470684,0.0651005544612703,-1.1754230858721053,1.287975049042683,-0.0120897543361918,0.1314124837540732,0.4957106691113528,0.0081062649082045,0.0332880194143319,0.0993696601084181,0.2228827211756014,0.0662480716590668,0.2938234025598653,0.4389746674202893,-1.9800505802447368,0.847175881602047,-0.6295625031465549,0.3615806985745571,29095.68
2022-05-24 04:00:00+00:00,0.4957654545091172,-0.0016838160769649,0.0164707474426402,0.0167753646531347,0.0238375256759524,0.0196691126599334,0.2836726691529399,0.0623031567751371,-0.8909815551785517,0.6221448916164524,0.5894007108421032,0.1306783468685411,0.4959183731932334,0.0081375448965374,0.0262195362972919,0.0914932415939682,0.2143416230586894,0.0658073182812256,0.310283374584777,0.4307368600342284,-1.894261984306952,0.8013727087313632,-0.4942746703809984,0.3613098584076107,29265.4
2022-05-24 08:00:00+00:00,0.4968181866597805,-0.0024029333965375,0.0100584616590979,0.011857201411437,0.0193600227205048,0.018834337817234,0.3354809176045348,0.0613327388360661,-0.9223725760729418,0.5758217020841024,0.5340260274677218,0.127542201470213,0.4960517320265724,0.008262627298328,0.0217082982773753,0.0862160006896313,0.2086231043521411,0.065516024132515,0.3215825901974414,0.4225323606278019,-1.9098018738509572,0.7585021308419052,-0.607431460725457,0.3610422234911353,29369.76
2022-05-24 12:00:00+00:00,0.4960018622026661,-0.0028973410790195,0.0114162726795858,0.0144981024531554,0.0225150486991796,0.0182962891976821,0.2645864992259958,0.0607429329513973,-0.9193463536501632,0.8139107059904006,-0.3630297904332286,0.1259957852832879,0.4959525470286925,0.0084248310347979,0.0248514574425442,0.0891103573017879,0.2120034961284289,0.0657063145398735,0.314762324022751,0.4153087002984306,-1.9072545205318212,0.7353602553104528,-0.629979227064167,0.3607777558926806,29253.74
2022-05-24 16:00:00+00:00,0.4977971557639166,-0.0034757057299317,0.0029294796285379,0.0075194031985807,0.0161946937877481,0.0182571676317412,0.3572570235037151,0.0618091419308408,-0.9901263077409724,2.402422518331346,0.1502886715127597,0.1283472202896402,0.4961697304492423,0.0084303290243438,0.0185131587534523,0.082051491016621,0.2043560483853876,0.0653137048441101,0.3300235306058101,0.4037797218087859,-1.9284747387982053,0.7311863629883015,-0.4913612288135586,0.3605792291432819,29404.45
2022-05-24 20:00:00+00:00,0.4974750746969443,-0.003181130120734,0.0038255572403007,0.0087065221450119,0.01762926573425,0.0190433329206458,0.3215704399845119,0.0618808038925062,-1.0700824070451178,1.3160768253910469,-0.1279990498060018,0.1285706845573183,0.4961394525675791,0.0086061601521706,0.01992450299352,0.0830523825704667,0.2055884780996495,0.0652693475497499,0.3269732452038875,0.3940746684339857,-1.929286784664088,0.6316880833476333,0.2368502398117394,0.3604530451766563,29340.71
2022-05-25 00:00:00+00:00,0.4998300467566051,-0.0022411362264345,-0.0046900054513346,-0.0005586864872511,0.0080704898406658,0.0187700090358285,0.4606734917375643,0.0604745047254918,-0.6957467442293087,0.6935339216138926,0.4384171475680156,0.1260501399183074,0.4964543288299221,0.0087924439883129,0.0102952109148235,0.0721569679408649,0.1934848107763969,0.0643378769749762,0.3521340583061616,0.3769655271194233,-1.8467815082477024,0.5660399611205306,0.4263224181360202,0.3602781831373389,29605.66
2022-05-25 04:00:00+00:00,0.5045494761267472,-0.000784088678672,-0.0203202705046233,-0.0179277975078078,-0.0101740831960849,0.0183122539605965,0.754538910165353,0.0594588514626155,-0.5317902210128782,0.9964548775764726,0.8065347855078894,0.1200453330488184,0.4970782411742731,0.0090261716020428,-0.008065844896303,0.0517910642825734,0.1707207680942921,0.0629521877657423,0.4046584459601964,0.3561721564111335,-1.7974584239513072,0.6043876927139558,0.5591241429908667,0.3597763508535264,30149.96
2022-05-25 08:00:00+00:00,0.5002542035422293,0.0002339224906027,-0.0026415623441043,-0.0016480984366098,0.0054513514951701,0.0186813196518139,0.4798713351599645,0.0600090896555115,-0.8842970986668178,0.7222657921499772,-0.8810590320797489,0.1149441981012003,0.4965867575796364,0.0095829346451683,0.0075113038020708,0.0673699820920046,0.1879290238332662,0.0638163177198461,0.3630021361409053,0.346594741955975,-1.8417129448031488,0.6269175650297576,0.1981556910466256,0.3590029867427086,29682.93
2022-05-25 12:00:00+00:00,0.4972402555767081,0.0004129860420292,0.0091986481061154,0.0098642763741669,0.0166878948881932,0.0187281559517502,0.2824644263813519,0.060082043685131,-0.9943610405763308,0.6448995510641019,-0.5586893963616751,0.1078345899416487,0.4962457986442798,0.0099927866519125,0.0187117370026321,0.0784585393522105,0.2002024879639661,0.0644172503389984,0.3308531716029459,0.3347689354935295,-1.8637473328616216,0.6233922575080296,0.0599337161939952,0.3582387749880855,29348.49
2022-05-25 16:00:00+00:00,0.4994949972166088,0.0004282937502144,0.0007893535331615,0.001348430356401,0.007872105881737,0.0186306755458254,0.4135148617500876,0.0585161262850759,-0.9556066605494584,1.2411462725560751,0.4186623608396342,0.10342547214964,0.4965586316307394,0.0101691625796153,0.0098266804008324,0.0683305306740829,0.1888749478999212,0.0636956337510685,0.3576867246908718,0.3168868431887471,-1.8324580867512767,0.5431258928431086,0.1703839512985297,0.3574836072763511,29596.81
2022-05-25 20:00:00+00:00,0.4990451155071447,0.0005747819015077,0.0029553461196156,0.0032175601859716,0.0094159877514514,0.0187052741102871,0.3872522335048923,0.0580269068085008,-0.844180213619724,1.3335735982475811,-0.0804809922832928,0.0984448690562362,0.4965397488239857,0.0104663976104298,0.0113170955025336,0.0691436992397678,0.1896917343673783,0.0634883655727253,0.3548474594540917,0.3093004951795467,-1.804929116782202,0.5643291002231032,0.206676834774931,0.3567373765760295,29545.73
2022-05-26 00:00:00+00:00,0.4984946438839327,0.0006611539156427,0.0053513434616776,0.0053597483686844,0.0112291487438451,0.0185737258725539,0.359962336299349,0.0576853266309407,-0.8198336063132109,0.7017841901748219,-0.1444995145879054,0.0925548282530719,0.4964974064088116,0.0107636629619184,0.0130770206646533,0.0702327985544701,0.1907989413232569,0.0632235382101551,0.3511058780065657,0.3027580200520954,-1.80039588776317,0.5759743825361047,-0.1315237287378858,0.3559999771223059,29487.83
2022-05-26 04:00:00+00:00,0.501139409056544,0.0007557839851848,-0.0043464949842346,-0.0046260732528299,0.0008213525170721,0.0180153352456899,0.5443486028300588,0.0567466676088869,-0.9750792707824658,0.9476356527275572,0.8283171299466016,0.0882837676165971,0.496860016073934,0.0109294488357812,0.002593100247068,0.0583809173667346,0.1774893050191934,0.0621959852083528,0.3883950464061991,0.2919611615553097,-1.8084024765917304,0.5860322048206013,-0.411121292612481,0.3552713044020373,29790.72
2022-05-26 08:00:00+00:00,0.5003859819815696,0.0006660517477189,-0.0014216869705682,-0.0017295731263531,0.0034735793789637,0.0175510280842641,0.5080509495559127,0.055274372380871,-1.030970564195822,0.681655204562438,-0.2206090095746405,0.0857227367847891,0.4967873524134378,0.0112033461032223,0.005198697500097,0.0603932697094533,0.1796113098865008,0.0619344140015961,0.3819034449231298,0.2846684439200145,-1.799134045445236,0.5918420182178505,0.036277951297714,0.3545512551389366,29706.73
2022-05-26 12:00:00+00:00,0.4944114746941377,-0.0007591754697564,0.0193503219360577,0.0210845098473175,0.0271446196822418,0.0187029151430823,0.110530906721695,0.0571897266002029,-1.241426134960931,1.4557350044411457,-0.8202697691665874,0.0941563242603455,0.4960331752174285,0.0114432057236841,0.0289146327011065,0.0850908078300773,0.2071626880268955,0.0631529972056816,0.2995020093508283,0.2838485037618423,-1.8077082139241167,0.6925705791624938,-0.3013370075525637,0.35408120101228,28996.19
2022-05-26 16:00:00+00:00,0.4980395689604184,-0.0018353673831127,0.0033557766285368,0.0069294746920129,0.0137513784856548,0.0197885830186614,0.3624832675495688,0.0564017157315837,-0.9841329513776078,2.7980938508954987,0.2339108246038141,0.1090353933969751,0.496496661514999,0.0112164798542532,0.0155130131324452,0.0707302818825705,0.1913007719104464,0.0623715983266851,0.3454714786536147,0.273484581764002,-1.7892607634875437,0.9027895168896434,-0.1227855622122086,0.354006903968594,29348.74
2022-05-26 20:00:00+00:00,0.4981607635527341,-0.0011954773789939,0.003557686664857,0.0065314646320373,0.0131338793007762,0.0209391454554354,0.3813019032878709,0.0501397503448611,-0.9365603038725454,1.068032617496263,0.0213315791946579,0.1169943375938852,0.4965411637642958,0.0113972136869774,0.0148530780525149,0.0693801762561003,0.1897015319575938,0.0624100540387216,0.3487698411674811,0.2650957815347732,-1.7789703443426317,0.8964199825956433,-0.1006766819918408,0.3540747173029805,29357.82
2022-05-27 00:00:00+00:00,0.4966044002634742,-0.0008657252390544,0.0103305150728416,0.013055365401148,0.0195960569527506,0.0206462088691315,0.2423689189692524,0.0436384142595985,-0.8965084935280072,0.6919836889681551,-0.3720041086509941,0.1253476426843707,0.4963526498449506,0.0116228054753288,0.0212913780995442,0.0755561481696112,0.1964879486565605,0.0628392313264954,0.3247972676459755,0.2582676919386403,-1.7571535260634616,0.9067519007369204,-0.1769189189189185,0.3541417281023351,29160.96
2022-05-27 04:00:00+00:00,0.4955038380059682,-0.0016811421369622,0.0135706620108648,0.0177196803656036,0.024967419696924,0.0209876049177759,0.1199173033763476,0.0418863196505821,-1.5096855698703704,0.946224136447302,-0.3281712925095855,0.1372822922264187,0.4961958174909928,0.0116226243626043,0.0266809483395675,0.0809615262100675,0.2025703333154498,0.0632357115927709,0.3018479742406171,0.2510071612080694,-1.8124933917671289,0.9161847697071982,-0.4394388203509004,0.3542079458642361,28981.06
2022-05-27 08:00:00+00:00,0.4954749476496514,-0.0023915981410837,0.012179909939719,0.0177693360629187,0.0258238766039689,0.020757923679096,0.1126708168303893,0.044691293969083,-1.660689085547622,0.8443375423647801,-0.0852557833816955,0.1505310047775928,0.4961793350799107,0.011518710668394,0.0275584817306469,0.081701827153094,0.2035004775495568,0.0633353976282756,0.2950435565764721,0.2427282671986363,-1.8198673123067497,0.9369264855972628,-0.4418995491863779,0.3542733799738646,28925.75
2022-05-27 12:00:00+00:00,0.4950115933351778,-0.0025858176345722,0.0131201188362835,0.0195028818400786,0.0281647779312894,0.0206982724117469,0.0686125997408967,0.046764226176191,-1.943297325823158,0.68706771523113,-0.2499339777108833,0.1626431012624181,0.4961098710513891,0.0114703410038004,0.0299143192342801,0.0839387871010546,0.2060637494217783,0.063512468985358,0.2810141376791333,0.2334994000619114,-1.8427327676870335,0.8503818906077144,-0.0956587897300815,0.3543380397053319,28831.92
2022-05-27 16:00:00+00:00,0.4949296142460222,-0.0023690762841638,0.0135749402182834,0.020144698689503,0.029162394521363,0.020723400611495,0.0590232487469755,0.0486695735356826,-2.2984354078735385,1.4907015900498566,-0.0758040640559793,0.1695534035070302,0.4960979982822388,0.011457483332375,0.0309135048093418,0.0846678706298977,0.2069063481023625,0.0634561961941869,0.2713294368875568,0.2230874058720929,-1.828719560778302,0.6877289272181043,-0.4750340425887417,0.3544019342229932,28780.11
2022-05-27 20:00:00+00:00,0.4956199820921209,-0.0032415358472621,0.0087308619947832,0.0171021993745996,0.0272370227095792,0.0212465708590428,0.1434704729052316,0.0553497396766602,-2.1645817654614703,1.378020051383451,0.0160669434943387,0.1787082020176547,0.4961691522419854,0.0111899335691697,0.0290306926024781,0.082724187103192,0.2049429206590531,0.0632197779217872,0.2716483470150937,0.2120069991062029,-1.810575920194503,0.7206171254565548,-0.3922343608656328,0.3545884776219163,28792.85
2022-05-28 00:00:00+00:00,0.4944340049426239,-0.003041414883388,0.0132516931794715,0.0219951024287441,0.0327398296468868,0.0216463577523386,0.05638127339528,0.0579566900384051,-2.076591806821073,0.6368834217368932,-0.3867030413256537,0.1867598694248312,0.4959927009661042,0.0111377126728805,0.0345605436542928,0.0883723391196307,0.2113281825566613,0.0634351298836669,0.2377341848650383,0.2028384237423955,-1.7984142260421625,0.7109440860676732,-0.487105865774177,0.3548477077348104,28608.55
2022-05-28 04:00:00+00:00,0.4959728359509001,-0.0028774738636592,0.0054091739946127,0.0144950234293605,0.0257725483941435,0.0209244935414044,0.1909712543845815,0.0610881157947718,-1.9835580571901912,0.5432402877174826,0.5216720257234778,0.1942847053337703,0.4962053442414613,0.010924001532843,0.0276035834575025,0.0809330993155594,0.2031677087678332,0.06279937975157,0.2638528007836614,0.1924951450864502,-1.7775139654162808,0.6601336929943853,-0.1849738048750312,0.3551038699960983,28769.56
2022-05-28 08:00:00+00:00,0.496911810877823,-0.0022043718641893,0.0012516033748195,0.0098750307594992,0.0213289817797546,0.0201858626024454,0.2717384581191418,0.0621702009856848,-1.8381552676118005,0.2677684889057712,0.5031018000610127,0.1992198499511747,0.496338273840105,0.0108273938784763,0.023155689938838,0.075997397214421,0.1977235376249526,0.0623082015869587,0.2812643805666208,0.1839566913733402,-1.7421687384841544,0.5946441765571953,-0.0515774501055765,0.3553570007121855,28868.18
2022-05-28 12:00:00+00:00,0.4965987765622887,-0.0016406266800987,0.0024710593079135,0.0106805682064359,0.022320704603683,0.019236153527262,0.2647564587256487,0.0610293925864748,-1.8941349329738708,0.2880727307182321,-0.3293772176679336,0.2031731355316547,0.4962955488218504,0.0107956056930934,0.0241509373227597,0.0767772766398366,0.1986319359357753,0.0621507466720386,0.2690333251637186,0.1753248621347498,-1.7484757568695546,0.5495933568417161,-0.0195248654904615,0.3556071357598091,28814.34
2022-05-28 16:00:00+00:00,0.4977975176131908,-0.0007364438152289,-0.0014472114568403,0.005676362198258,0.0170885795699375,0.0187859731363855,0.3563071915326532,0.0573411335093945,-1.771383573662701,0.529652063186973,0.269951335658639,0.2009488418858036,0.4964673359500816,0.0107842325979651,0.0188928481959047,0.0708471701393271,0.1920000115227451,0.0615809102512701,0.2924477941274601,0.1649030473020256,-1.722588356841212,0.4341972408843515,0.1603401600753306,0.3558543105911247,28943.59
2022-05-28 20:00:00+00:00,0.4981972720136352,-0.000146833725551,-0.0024321861039675,0.0039133301210676,0.0151743496542253,0.0182842674357656,0.3964380461161615,0.0553325641985682,-1.6388371476306995,0.3336426638116285,0.1053773065271171,0.197992023977408,0.49652480776166,0.010796923654401,0.0169605123500966,0.0684305244553786,0.1892797944651407,0.0611664794744348,0.2980452743075387,0.1556411748356177,-1.6984236041746903,0.3020580937674277,0.2390362605626248,0.3560985602387311,28978.69
2022-05-29 00:00:00+00:00,0.4982010672024383,0.0004662416927993,-0.0016403418728264,0.0037790137841327,0.0147625520066343,0.017518086605037,0.409613864811619,0.0532217460439741,-1.3333630956528464,0.3534522176881956,-0.0226640568661861,0.1949869262139299,0.4965340100205662,0.0108626561969883,0.0165251389928964,0.0675263934500454,0.1882070852856503,0.0607569483442064,0.2932600699222222,0.145314491789652,-1.6593847519936855,0.262306629321704,0.4962408048463859,0.3563399193206327,28974.3
2022-05-29 04:00:00+00:00,0.4980963183844327,0.0006997357593026,-0.00092791914567,0.0040138780596956,0.0148567877655103,0.016926827884573,0.4155225393400338,0.0502183570194489,-1.3753976087735922,0.3253839681891803,-0.141981132075482,0.1917623653595899,0.4965260524661312,0.0108997428845182,0.0166033997502697,0.0672131281971992,0.1878093836698167,0.0603567605080343,0.2845646917331889,0.1362141191742463,-1.65146894852577,0.2323307898830439,0.3575954287491211,0.3565784220451504,28953.23
2022-05-29 08:00:00+00:00,0.4983382500941842,0.001000844611944,-0.0013043437534456,0.0030116022523321,0.013596445419429,0.0162064867069987,0.4503068182709815,0.046162365909033,-1.346025710868183,0.1712622964465687,0.1291132719428112,0.1888969607038352,0.4965610774834576,0.0109483973189589,0.015318938916814,0.065426474072773,0.1857444001744983,0.0598072263628608,0.2862366511413671,0.1277091976297563,-1.6377650751261643,0.2188856094233726,0.2087222464948134,0.3568141022157672,28973.28
2022-05-29 12:00:00+00:00,0.5005987301020987,0.001453813941261,-0.0077934471870003,-0.0044274613135041,0.0056411715278499,0.01555802825499,0.6552529293421497,0.0405506344075573,-1.264216939199591,0.3306885810497534,0.7178557299222004,0.1826851301067376,0.4968412109221749,0.0109753943124309,0.0073172981960158,0.056510467635974,0.1756974568427454,0.0588591404048996,0.3447842878259629,0.1185900181804352,-1.6201881559215792,0.2181999164496105,0.7790370615486432,0.3570469932359188,29191.02
2022-05-29 16:00:00+00:00,0.5005669774036056,0.0022196221102462,-0.0058202464579151,-0.0039534408816829,0.0053188230492537,0.0155262049311543,0.700933609482464,0.0358165395196987,-1.1191463526290049,0.530860805521936,0.0291705470604114,0.1704659042667959,0.4968680502570188,0.0111851934835579,0.006940195756387,0.0554292097824848,0.174280519882489,0.058432401395375,0.3467285122361314,0.111876398420969,-1.6030065409613623,0.2094342090663175,0.3536576729693327,0.3569799447160107,29197.78
2022-05-29 20:00:00+00:00,0.4995909550858169,0.0024246033367651,-0.0016588851924753,-0.0005772611720432,0.0081530382065679,0.0151229713733637,0.6133684475414218,0.0359469958151696,-0.9041828244318134,0.4177306408421889,-0.3060132082029827,0.1592813864524872,0.496776278340271,0.0113775809635696,0.0097352521797895,0.0577471516607022,0.1766711584628078,0.0581873923717802,0.3215424677896445,0.1093918899463074,-1.581232078148644,0.2108171470033465,0.2009168825991644,0.3569039077610647,29109.74
2022-05-30 00:00:00+00:00,0.5031429206706335,0.0026732376314494,-0.0114372048871267,-0.0112734559478708,-0.003297781589799,0.0147446697246303,0.9204071200016538,0.0352391750365121,-0.4645747243425472,0.7894994275132661,0.6817087969723762,0.1514556406630226,0.4971968835943851,0.0114352853286816,-0.001782997662723,0.0450262115728381,0.1623003324056682,0.0571260919542191,0.4294849956135946,0.1068012010421005,-1.5490575895381562,0.2376884825892695,0.6185689580631168,0.356785914270699,29441.17
2022-05-30 04:00:00+00:00,0.5122398200239053,0.0040224923313708,-0.035631114046255,-0.0381301052118309,-0.0319063635325767,0.0150289598124803,1.570029672120724,0.0403963136058013,-0.1716174753507109,1.9708437203875653,0.7977834612105741,0.1538963063395939,0.4983066445845652,0.0115296144311408,-0.0305338150278907,0.0138992284009638,0.127266806225557,0.055223921053876,0.7162796774936799,0.1028900263271144,-1.5290982382308442,0.3533280610252257,0.9193379314028578,0.3560911528398623,30330.15
2022-05-30 08:00:00+00:00,0.5143789929712643,0.0061566435874991,-0.0371126067720481,-0.0437171927033172,-0.039985010199469,0.0157998930766558,1.402453825764622,0.0564794311161517,0.4194398447252838,2.274076469172712,0.4374626843937036,0.1667009870787139,0.4986890298750648,0.0121206868280889,-0.0387784105314401,0.0038095084540883,0.1154038211743226,0.054694482349874,0.821978285271314,0.0997511082960133,-1.5011752337115942,0.5194942692986315,0.8424768953912792,0.3545420814433315,30630.55
2022-05-30 12:00:00+00:00,0.5136833301140661,0.0075735574702899,-0.0302052513799974,-0.0402605428878495,-0.0389498187970989,0.0157100390516831,1.179917979968722,0.0718800577089261,-0.1137393079755115,1.5190035986773354,0.0815609481870136,0.1818690201969463,0.4987197234896734,0.012847502168739,-0.0379026554120022,0.0031848445037376,0.1140061752815757,0.0547509337790599,0.8375872100247398,0.0975590965033741,-1.5051146782718412,0.619256762349879,0.7926861052288656,0.3526991981735984,30647.96
2022-05-30 16:00:00+00:00,0.5122331525942373,0.0078047453884254,-0.0240448030254567,-0.0360199649783385,-0.0366231581246978,0.0160013574191306,1.0569590547791758,0.0812631405134185,-0.9350989776016616,1.827593835944725,-0.0458985982077409,0.191256898995678,0.4986975063112083,0.0134833573476412,-0.0357122162649337,0.004073533015849,0.1143361928604564,0.0548740133853941,0.8396785783938863,0.0950425771509946,-1.5267811265021214,0.7326168730758037,0.7650146589635248,0.3508634850014317,30617.28
2022-05-30 20:00:00+00:00,0.5115535937605382,0.0078680298543962,-0.0191663433274882,-0.0328400234005867,-0.0353636355940966,0.015796907528193,0.9726025363319551,0.0903045570212984,-0.8768969783229706,0.986620243984037,0.0253737804269008,0.199195860802184,0.498715436262897,0.0141252768383773,-0.0345950674199746,0.0037850126659062,0.1133101310065318,0.0549271554334596,0.8504204931841074,0.0933952784345313,-1.5104863715492052,0.7893490693047152,0.8232293047616986,0.3490483165938288,30624.9
2022-05-31 00:00:00+00:00,0.5197921891545325,0.0091575754757841,-0.042876964861806,-0.0599784516764164,-0.0654034779066315,0.01729674566599,1.1721641314314355,0.1056045258629154,-1.1150857810187735,2.631212089876694,0.6157860705708477,0.2172045164888692,0.5000397698259106,0.0146059017782809,-0.0648645012599872,-0.0296213177630096,0.0752956209964501,0.0534687676540947,1.2111082037755827,0.0915914581801871,-1.4939081373869465,0.967436011161219,0.7606531666277967,0.3461784011160549,31691.54
2022-05-31 04:00:00+00:00,0.5191414092222769,0.0097890561616708,-0.0362782442627107,-0.0562041818424876,-0.0643831405315019,0.0175869447396923,1.0744928170590486,0.1176300511504316,-1.0633307913653618,1.4992317454111623,0.1258484637708907,0.2367677705297248,0.5001014153347594,0.0155137772590892,-0.0640442091778902,-0.030697340461215,0.0731125931001126,0.0536769047128817,1.2160912104865065,0.0927770713742267,-1.4734287646720277,0.9507325928449968,0.6954583998895655,0.343015095330235,31740.78
2022-05-31 08:00:00+00:00,0.5165422020283508,0.0096102394018114,-0.0248951976803241,-0.0465924454482723,-0.0571936881227252,0.0172682708443501,0.9555325487624768,0.1279206828894384,-0.4404363900935086,1.1839097911890606,-0.4309901016373448,0.2535346141635147,0.4999008091599091,0.0164498583909117,-0.0570381897487317,-0.0252902147553927,0.0781164527084459,0.0540642951359111,1.1535348420676204,0.0941581678249142,-1.4246598701158142,0.8708265193121435,0.4747978720206789,0.3398892255993085,31578.37
2022-05-31 12:00:00+00:00,0.5172862795336635,0.0089051353501218,-0.0246136432286222,-0.0471249821697156,-0.0597427869154141,0.0166830246844057,0.9381309392718988,0.1334160369867824,-0.3821564213701835,1.0224841645744192,0.4621013667425983,0.2669938105659188,0.5001044960293818,0.0171564197485129,-0.0597608969072476,-0.0298788219709796,0.0720679339238061,0.0538940547603377,1.2008110091632462,0.0945347163626674,-1.4100228721454091,0.835855889267519,0.5478344504222914,0.3368003488873186,31741.58
2022-05-31 16:00:00+00:00,0.5187648953295794,0.0077897938265702,-0.0304533316384567,-0.0529365090052826,-0.0671438964656934,0.0166208062475606,0.966885534897984,0.1363776699038446,0.328054239751494,2.5061880957225475,0.3368469956638419,0.2771048065365952,0.500511606916191,0.0176899030888724,-0.0673186404901291,-0.039345102090994,0.060660316622372,0.053403227362672,1.299407507617263,0.0945727583514358,-1.3686306284876286,0.9172613443709262,0.8374341862183631,0.3337480274014039,32067.85
2022-05-31 20:00:00+00:00,0.5131121481858254,0.0073464247728372,-0.0128810502357679,-0.0364193265179282,-0.0527845941148841,0.0178559155104658,0.8275555021217315,0.1429830229417396,-0.6453756861738104,1.778819606829719,-0.4853866743832754,0.2881748733801527,0.5000057111309197,0.0187109506654981,-0.0531367188945441,-0.0265709034502966,0.0737087089085877,0.0541363495457903,1.138902847855065,0.0991445510836706,-1.3936624170879874,1.0255203309302734,0.5522304082889222,0.3306067137298115,31665.28
2022-06-01 00:00:00+00:00,0.5136902658181867,0.0061139019662133,-0.0140253882234407,-0.0370621042102043,-0.0547461247715578,0.0177253001442959,0.8235312290282291,0.1440556926248484,0.0429268065271326,0.6940843356875062,0.4062445893691882,0.2986833905630326,0.5001779841756998,0.0192733748960128,-0.0552423767063121,-0.0303614319477628,0.068548570817108,0.0537267690377635,1.159848218766987,0.1010191596312813,-1.342160696844516,0.8647588836959755,0.0976044980893215,0.3274761939541936,31804.27
2022-06-01 04:00:00+00:00,0.5111090806454004,0.0049486875069997,-0.0058036266128821,-0.028344837581994,-0.0473374244748804,0.0172865257830528,0.7546299268943875,0.1444253971729258,-0.1495294818002983,0.8219711618631923,-0.4639957966635973,0.3093303648117851,0.4999558547475727,0.0199819722674293,-0.0479744172036694,-0.0244883151114265,0.0740356951048053,0.0538309482099631,1.0837081605615235,0.1040949366445273,-1.3487767522082077,0.829464217085752,-0.0947174385132056,0.3243827222283373,31628.25
2022-06-01 08:00:00+00:00,0.5087674529533516,0.0032228808765983,0.0003556762241982,-0.0205808913606144,-0.0402573484486565,0.0173407502940471,0.6932774056854111,0.141533144960621,-0.4039579787385819,0.8120066644869947,-0.5315495565443322,0.3114099064741762,0.499736314142353,0.0205214248448119,-0.041002306930273,-0.0186932623008228,0.079524489486515,0.0539381832698883,1.0320537369419354,0.1021261731265496,-1.3587846362889509,0.8298516909402582,-0.1067370334831587,0.3213258601081217,31452.48
2022-06-01 12:00:00+00:00,0.5096986994253476,0.0018348626291582,-0.0034973398449246,-0.0228230380897499,-0.0428991443201701,0.016632667906525,0.7049406891230191,0.13461458858789,-0.1916645538239541,0.5756268110938828,0.5428344791115746,0.3134377527922067,0.4999180073935825,0.0208220803148981,-0.0437390290554722,-0.0228022210141715,0.0741145422259164,0.053502437133927,1.0690048137441728,0.1013233809641007,-1.3335247938110502,0.8205603437508836,-0.1223843913607071,0.3183051743381805,31596.18
2022-06-01 16:00:00+00:00,0.5002172936688819,0.0002270750511115,0.0248926178117285,0.0071837826772054,-0.0135442522194846,0.0173636350721708,0.463804914384309,0.1297323871731389,-0.9026828959925652,1.9878226736158189,-0.7473177579464569,0.312466822304203,0.4987949644777651,0.0217051969317543,-0.0144849976046885,0.0059232834870266,0.1048417961365293,0.0549103721734281,0.7806286027335805,0.1048950649356375,-1.3416650627298947,0.8383250023728013,-0.8067607164799855,0.3154701339866743,30702.23
2022-06-01 20:00:00+00:00,0.4949282017549755,-0.0037015327252071,0.0374643346849248,0.0254351694820462,0.0062712974447256,0.0199536704871911,0.2805053305507354,0.1224839190526259,-0.8103194986663675,2.9606075335221256,-0.7006210891158224,0.2942063331151192,0.4980572182481833,0.0218355050846584,0.005349709447014,0.0258439210850764,0.1262738558232379,0.0561837495496545,0.5893817710294417,0.1063679922209648,-1.337419281415664,1.1069801774748382,-0.7419912313097166,0.3136019743644752,30096.36
2022-06-02 00:00:00+00:00,0.4927637102831365,-0.0074563980665655,0.0385073734856535,0.0328974505671928,0.0162552893771126,0.0211603219439715,0.1767543513919868,0.1192811488033637,-0.3154695924694564,1.1896485771877532,-0.3852334656325459,0.2827813969863889,0.4976892962207508,0.0215091907733101,0.0154111414031559,0.0361643672943816,0.1373402757204989,0.0571407352084952,0.4872229001659174,0.1064190450660161,-1.3059587406679627,1.244468577888785,-0.7625341137942057,0.3122232872929046,29779.16
2022-06-02 04:00:00+00:00,0.4925429058118949,-0.0095275810089986,0.0335831015878038,0.0327288958239755,0.0184356397224165,0.0209596250969942,0.1256598398662058,0.1132776983872103,0.6135772326615409,0.900360170478348,-0.2556111639902985,0.2729102873177328,0.4976085933147092,0.0210474220020412,0.0176685145161656,0.0384863317027102,0.1396088669256068,0.0576612444079147,0.4605786185621511,0.1064945744428811,-1.2469641256854191,1.3209840917443132,-0.7498401156593618,0.3109062379212046,29695.9
2022-06-02 08:00:00+00:00,0.494887487438362,-0.0102042823666959,0.0200162847308011,0.0223566328008595,0.0101739491272443,0.0200902024067361,0.1653823997555305,0.1059031324090209,1.7371505528388569,0.5321224297729881,0.4792549937775508,0.2629086370497425,0.49790938280678,0.0204259026958107,0.009479864290959,0.0300852392545822,0.1300825971133403,0.0575675248686215,0.5339053758628596,0.1054232056293279,-1.156318683389622,1.3283211121758725,-0.5929674146023827,0.3096047751338919,29922.62
2022-06-02 12:00:00+00:00,0.4972113282773455,-0.0098867271179992,0.0087779150311191,0.0128865592184135,0.0023427923243819,0.0193899596694658,0.2279155783097932,0.1029802867141982,2.637442180280017,0.5026882954651862,0.6387685290764031,0.2502616144327851,0.4982079287682089,0.0198984420099053,0.0017038156767765,0.0220004674124396,0.1208567210777469,0.0574773990654346,0.6059678893649002,0.1044455518929743,-1.0546377199085166,1.3546017516750573,-0.562215357423865,0.3083187144719651,30146.08
2022-06-02 16:00:00+00:00,0.4981498709552705,-0.0091459153322166,0.0041938185042436,0.0092792579832032,3.4165744560388234e-05,0.019342639622446,0.261360135615397,0.105494640115039,2.8283818296248047,1.546238388979155,0.0738421279947167,0.2391229392861833,0.4983177769917221,0.0195249851842343,-0.0005624799470189,0.0194895017050422,0.1177226425703852,0.0575495998554559,0.6277417682899914,0.1038225307482657,-1.0361885725804345,1.362172186665931,-0.3492918028584245,0.3070478736593973,30208.24
2022-06-02 20:00:00+00:00,0.4986893913589385,-0.0078866050459515,0.0018167528613373,0.0068879288843801,-0.0015058601934037,0.0194014959291255,0.2865748181083213,0.1072215839312402,3.417310360495733,0.7486455458065691,0.1090399439383332,0.227428339557643,0.4983936620772162,0.019259255789497,-0.0020800727093648,0.0176121560062751,0.115218236455473,0.0572185117477979,0.6418031198412805,0.1037284120175931,-0.9932448962939728,1.0132181294308011,0.1472992958729042,0.3057920725773011,30254.91
2022-06-03 00:00:00+00:00,0.5002446148683226,-0.0062603504888528,-0.0033429397895351,0.0009197437583119,-0.0069824182861117,0.0191111401033809,0.3429597182735859,0.1071185763926439,3.108518548674408,0.5703032755574657,0.386610693769333,0.2142746748912257,0.4986282482788455,0.0190032735722572,-0.0075497996900996,0.0115857045080667,0.1081071368629795,0.0566137474182312,0.695238927876505,0.1033309347133584,-0.9820195049361348,0.907782290773584,0.5926996780342747,0.304409791272868,30428.98
2022-06-03 04:00:00+00:00,0.5008775428366331,-0.0047876074953624,-0.0047499050632858,-0.0014445746131023,-0.0090628162026092,0.0186221961310886,0.3692884417874239,0.1074044186132817,3.1310181045062944,0.5014524310036128,0.2113569194571158,0.1998469645705098,0.4987319614371132,0.0188494663344035,-0.0096331096061164,0.0089637702585827,0.1046993584014486,0.0562310566309373,0.7158565553318348,0.103318257931585,-0.951556569692396,0.8342659469103657,0.7358896124595844,0.3028760000332026,30503.38
2022-06-03 08:00:00+00:00,0.5001417136495595,-0.0037775561307029,-0.0016222592823972,0.0010892049687518,-0.0062243851515503,0.0179961180830973,0.3601010520147039,0.106666207224944,2.8855940046284827,0.3319700549119846,-0.2731831319427524,0.1868777477268868,0.4986396007650293,0.0187654707072925,-0.0067958128873416,0.0113956493307654,0.1068395736024232,0.0561360313948183,0.6879312080315604,0.103720754173191,-0.9480323982538006,0.7934135714056781,0.4580172138986298,0.3013514311977298,30424.88
2022-06-03 12:00:00+00:00,0.4942578626165269,-0.0039294159193438,0.0184037967995278,0.0219949531667758,0.0154411536994996,0.018345983656155,0.1818841965896168,0.1090433181811483,2.447590350146343,0.7873786438240223,-0.7614823093849294,0.1800898104143206,0.4978190434517091,0.0188704761437608,0.0148912905054852,0.0332695583771651,0.1303665636719668,0.0571271773884811,0.4784108898076366,0.1058661014978238,-0.9729570280087528,0.8336023160956243,-0.3456077234846749,0.2998449048300023,29770.65
2022-06-03 16:00:00+00:00,0.4924620318090498,-0.0050981621057093,0.022697165112995,0.0288191019578156,0.023987418011139,0.0190849562247521,0.1383953161093395,0.1129023266276665,2.6730306024314845,1.5104714550796507,-0.4213990747353043,0.182739287698673,0.4975012564420011,0.0184779889472667,0.023517730087103,0.0422335293207964,0.1399532639063085,0.0574970519679439,0.3889781563491852,0.1062445294610745,-0.9566413309735644,0.8030985389508973,-0.4870405342529487,0.2985102681393823,29496.43
2022-06-03 20:00:00+00:00,0.4932185977250878,-0.0056634377250771,0.0168223982372255,0.0248339521900136,0.0216843374275765,0.0188301809076786,0.1862354444864846,0.1141711940950381,2.6716528163089355,0.697833713998154,0.1337637752687436,0.1873957445927889,0.497570803610349,0.0178842923320033,0.0213006914070335,0.0401819432828165,0.1375075006286374,0.0573265955473984,0.4010338380150728,0.105974660393604,-0.9379186639465378,0.7841979452989954,-0.4914675534389801,0.2973146367455302,29535.73
2022-06-04 00:00:00+00:00,0.4948100910957374,-0.0052355088525759,0.0094246007880334,0.0179182268579303,0.0159148668172359,0.018255311731555,0.2551985011214506,0.1118451645178632,2.702874113201135,0.4058570393752427,0.4388036090930307,0.1888936415276067,0.4977756229710802,0.0173507556637228,0.0155937686473988,0.0344146478428994,0.1309253757573851,0.0569465911851974,0.4485648505413167,0.1053895210591436,-0.9036699740710784,0.7473937524264265,-0.5097914442893526,0.2961331550183625,29684.67
2022-06-04 04:00:00+00:00,0.4934773023732673,-0.0049971214895515,0.0126466943922887,0.0218157204345303,0.0209838054810052,0.0178172090730507,0.2235780875188854,0.1059800078780406,2.464898065072505,0.2981044824142561,-0.5938947368420997,0.190043207088577,0.4975710981492138,0.0169737761232124,0.0207277290892848,0.0397500427694725,0.1365144204733961,0.0571566385188986,0.3951740176192058,0.1060309811079863,-0.9028700604930708,0.7023480241053105,-0.7425644340551552,0.2949656555040413,29515.4
2022-06-04 08:00:00+00:00,0.4950490813250263,-0.0043544432881017,0.0060563256613006,0.0152182768122546,0.0153071658552395,0.0170729637213227,0.2898516500172557,0.0983226268054196,2.519125660776175,0.3127931568541423,0.719164619164612,0.1919520532038673,0.4977704659262638,0.0164701946384493,0.0151080870712305,0.034069184750616,0.1300347315986756,0.0567256723666622,0.4421140535090448,0.1055123382025823,-0.8492892266146971,0.6925818866366138,-0.5884948243678938,0.2938119727304535,29661.75
2022-06-04 12:00:00+00:00,0.4949645095173973,-0.0036043316197815,0.005825351384969,0.014691703228215,0.0155022416689145,0.0162666485948319,0.2958835107549268,0.0875667528229835,2.340768404399201,0.1614054858789359,-0.106929421642721,0.1923151539272058,0.49775095774624,0.0161037985291297,0.0153505325320231,0.0343138024081797,0.1300114736963431,0.0564814668857462,0.43523689588896,0.1055750018645007,-0.8380364794612196,0.5829096865613442,-0.1955296166715044,0.2926719431837642,29639.89
2022-06-04 16:00:00+00:00,0.497275518629465,-0.0029582195595382,-0.001617325443369,0.0069440761727874,0.0084440505106748,0.0158535278256177,0.3935904170767108,0.0772791618314731,2.221999007031739,0.4139458798507394,0.3818543365604795,0.1928498041832487,0.4980212971702884,0.0156210255191647,0.0083413265255278,0.0271918697223403,0.12195423865595,0.0557144711081229,0.4971541907601313,0.1048718894302793,-0.8219685217354773,0.3805413038617079,0.563138895448872,0.2915078261924367,29830.0
2022-06-04 20:00:00+00:00,0.4950729341126272,-0.0022645205048191,0.0052997881029372,0.0133874582408837,0.0153996365273481,0.0158039828124033,0.3011854919520003,0.0629907505098833,1.9309746803678387,0.2923435235483069,-0.8593006332848189,0.1906107999671504,0.4977400083919689,0.0154009152390447,0.0153351273591504,0.0342779946666764,0.1293893791680951,0.0556714744661456,0.4284037945069586,0.1055826035249656,-0.831462404652948,0.2996968929403262,0.1539991162174068,0.2902957925709915,29611.55
2022-06-05 00:00:00+00:00,0.4976264781870151,-0.0014898745318724,-0.0021113200316198,0.0051735528637313,0.007503667370202,0.0152117638023966,0.4473092863731823,0.0435095700390121,1.9518743341515097,0.6419429107722052,0.6679509948526523,0.1864680909072502,0.4980450611631062,0.014994377380195,0.0074704137573327,0.0261817204436516,0.1202244913558041,0.0548035705171929,0.5022371510227006,0.1037900154157863,-0.8138070464077954,0.3226101352678203,0.2959868236050303,0.289098102727941,29832.02
2022-06-05 04:00:00+00:00,0.4966890399296951,-0.0009293025050177,0.0009414457096901,0.0076371019669263,0.0102838123433526,0.0147929804291326,0.3905768872018464,0.0421626661599996,1.8340403061771948,0.2417899184793591,-0.4161235603963976,0.1817374221683418,0.4979283351437761,0.014752766937843,0.0102804486677847,0.0289624858017463,0.1229372673959556,0.0545238301928061,0.4742541658553642,0.1035349030052817,-0.8095617712705995,0.305108102437243,0.4476760535090128,0.2879145869122356,29738.28
2022-06-05 08:00:00+00:00,0.4955132769720978,-0.0005046251672372,0.0043463115642796,0.0105519889268561,0.0134975745201597,0.0141844784832656,0.3042522105861867,0.0420485946004024,1.764977225138646,0.1670241924129419,-0.5807740734658074,0.1777344720886624,0.4977911510354227,0.0145194410509825,0.0135236366694155,0.0321892128391194,0.1261380786191244,0.054270301795404,0.440301107992448,0.103782684549289,-0.7975556046929321,0.2746510686525297,-0.0589523159121081,0.2867450773817406,29632.19
2022-06-05 12:00:00+00:00,0.4964245037338555,-0.0003944583692908,0.001566925331033,0.0076453818339159,0.0110020689121133,0.0137676421407751,0.356841898239308,0.0423846032342102,1.6932440117244054,0.2506356070283241,0.2726673260797892,0.1764808975009469,0.4978818948096651,0.0141685768875394,0.0110648832855693,0.0296740955358933,0.1231070310522894,0.0537219059545479,0.4595481344240375,0.1035825290179281,-0.7887917060775897,0.2760425657009106,0.100831559072833,0.285589408379461,29690.09
2022-06-05 16:00:00+00:00,0.4997382055463664,8.25705114589929e-06,-0.0067924639704887,-0.0013313596489908,0.0021741458683504,0.0132729093429351,0.5593786595226476,0.0421486533593124,1.648059783734874,0.5879920655833717,0.7226021493017621,0.1739140342378014,0.4982407518934892,0.0137923394325822,0.0022607228523767,0.0206170950898132,0.112905985355505,0.052827880389669,0.5409369299454775,0.1026916107520708,-0.7783115106366456,0.270519103252579,0.2490829301226525,0.2844472594803201,29940.69
2022-06-05 20:00:00+00:00,0.5013381816194138,0.0008429674502633,-0.0095171740155586,-0.0053954936818886,-0.0021495551939025,0.0134389204518344,0.6607456458588022,0.0419986624077882,1.5510567918787417,0.8456175993435184,0.3052367792402413,0.1620130753525913,0.4984345873436633,0.0135950871644398,-0.0020624284687322,0.0159591726904289,0.1074247439027569,0.0522359647334075,0.5817027370751546,0.1022200194598136,-0.7738799790463347,0.3090171124842934,0.7025383354524465,0.2830546242439485,30068.73
2022-06-06 00:00:00+00:00,0.4991632995225401,0.0013480324488888,-0.0026024785125658,0.0005571740684233,0.0036157887468533,0.0133234664558689,0.5255562856964339,0.0417983378372303,1.3462945252606726,0.8057063010613547,-0.5630443260106636,0.152033881040409,0.4982048017902645,0.0135315770398095,0.0037051879068017,0.0215841590113408,0.1131546170241313,0.0521779470242242,0.5247724073761317,0.1028050775571637,-0.783251337545382,0.2876021734428188,0.095712250494033,0.2816741828964414,29893.98
2022-06-06 04:00:00+00:00,0.514582222950916,0.0033041279780163,-0.0392444672398116,-0.0395323604476384,-0.0379732419422349,0.0138931802148419,1.4192251685245352,0.0463167713384602,1.6340634753990806,2.9831618425845083,0.9534028159241368,0.154224396029623,0.5000530524687176,0.0131521638620064,-0.0379510839065205,-0.0215300438469686,0.0655536406316359,0.0498557574879602,0.9497512147705072,0.0990148728144683,-0.7581813449126864,0.5175108243243418,0.8454667927881457,0.279614523685931,31213.07
2022-06-06 08:00:00+00:00,0.5142245624956218,0.0056137817325648,-0.0334057554073726,-0.0379503294849682,-0.038508081477788,0.0145107327123834,1.2474309719302872,0.0578910482300794,1.4570060824562536,1.3027120523500806,0.2390840220385703,0.1655261517170235,0.5001447753920606,0.0135505321283476,-0.0385956382197135,-0.023253813147233,0.0628704268502164,0.04985972691665,0.9634072904005352,0.0999505606445895,-0.7568606546746133,0.6186053589523273,0.8651523667939687,0.276924809266289,31279.13
2022-06-06 12:00:00+00:00,0.5145214733090324,0.0071813624097527,-0.0298415387544428,-0.0379894126560069,-0.0406765680106134,0.0143026281200947,1.1581037551590585,0.0693079573776811,1.386645434520457,1.649021872290278,0.2098929117797024,0.1777802381777132,0.5003165441613499,0.0139618114236083,-0.0408810792278737,-0.0267136684399236,0.058251637376065,0.0498160624374975,0.9942822106768532,0.1009015925203852,-0.7542098281521835,0.744290824316954,0.8703326820108096,0.2740975915208704,31404.07
2022-06-06 16:00:00+00:00,0.5143039794848859,0.0078626297332018,-0.0276482681244742,-0.0383552339517841,-0.0429300299798381,0.0146893324702778,1.1048393222307933,0.0792016941996533,1.325097345640347,2.769556294743222,0.2068931944309225,0.1864001520140097,0.5004898323383267,0.0143382143733604,-0.0432445426947438,-0.0302155600835247,0.0535930204691565,0.0497733588011596,1.0237312813855104,0.1019999580215732,-0.7509644479786244,0.9566718611236718,0.7912333502190171,0.271170844778354,31531.58
2022-06-06 20:00:00+00:00,0.511931351697645,0.0076128812670482,-0.0203208398286093,-0.0322894728771794,-0.0383018348096588,0.0150784105328716,0.9938487409922184,0.0866582579280439,1.1690648479191204,1.8475826997360605,-0.2101979388841292,0.193989830403482,0.5003392338700222,0.0147139721116112,-0.0387074692125815,-0.0265808738931726,0.0567439550867034,0.0500878347430144,0.9811688085335984,0.1036729995580775,-0.7524939163586819,1.0692016409370206,0.6973276857912963,0.2681802035692188,31425.46
2022-06-07 00:00:00+00:00,0.5100021101372971,0.0072884907249887,-0.0132239884943912,-0.026287403677556,-0.0337274407861519,0.0149702263034698,0.8958531453980325,0.0928845076013339,1.1396823539673713,0.9059179410839044,-0.3061305489405879,0.2015646655612227,0.5001954659596719,0.0151039727890373,-0.0342276416212188,-0.0230434304322839,0.0597554083424924,0.0503751116418398,0.9414570209632211,0.1054214741994442,-0.7514189736990436,1.0865134562817365,0.7617004514095905,0.2652249550208155,31324.88
2022-06-07 04:00:00+00:00,0.4918372784873839,0.0031990565533763,0.0384843092224949,0.029884189147799,0.0234478298436724,0.0189340905659281,0.2822231288542204,0.0982383611819783,1.1590039895338569,3.3613401943525183,-0.8281117816254004,0.1984390557610083,0.4977669210026461,0.0155728609250533,0.0229766578571353,0.0349154909379281,0.1223040049779913,0.0536297404136364,0.407792414633074,0.1118213403466063,-0.7701033260649757,1.169846545489157,-0.6484636542239687,0.2628747623446991,29559.36
2022-06-07 08:00:00+00:00,0.4924797394992135,-0.0005671246212973,0.030073046463078,0.0266018100813503,0.0220462787158124,0.0193168391490795,0.2914631721219278,0.0991462763999227,1.233405237384836,1.016228044698131,0.0555855855855862,0.1985508201678047,0.4978034916618504,0.0149837755230724,0.0216638734806795,0.033916777906958,0.1210216460495561,0.0539918830719658,0.4123880586714725,0.1118549448187861,-0.7471509086915081,1.1611807303010897,-0.6715638506876231,0.2609150581311094,29571.46
2022-06-07 12:00:00+00:00,0.4920478022666304,-0.0028370286752093,0.0270678261721506,0.0272045761441037,0.0242035809656169,0.0187728418917877,0.2622539028747483,0.099548305430263,1.2933262349107555,0.7119361591253082,-0.2147276923832467,0.1974224595236068,0.4977001929370981,0.0145011883329002,0.0238975846662321,0.0364449938240964,0.1235389839981906,0.0545326908233154,0.3867081697731604,0.1122442113274559,-0.7076408700663217,1.0893282276867056,-0.7544479371316319,0.2589785459828764,29484.01
2022-06-07 16:00:00+00:00,0.4965308038680732,-0.0038179722631062,0.0094364336366927,0.0117771002270634,0.0100101233557374,0.0183346586528409,0.3963270529125721,0.0983592691728318,1.2892267363739291,1.896283588677503,0.6040703478995479,0.1949538516461284,0.4982734507747179,0.0138623116848358,0.0097704960435096,0.0223235852610019,0.1079745378044247,0.054164432491053,0.5048597022596583,0.1105987457980296,-0.6904775944988294,1.035419471189884,-0.6949795103498997,0.2570649514341427,29877.38
2022-06-07 20:00:00+00:00,0.5085671243999917,-0.0029910290714356,-0.029976099497837,-0.027916275750688,-0.0293964498832247,0.0179274780452084,0.8028179162376812,0.0940101518841334,1.6156296492922928,1.7181359090655075,0.7301506962395221,0.1871291393124193,0.4999808667692181,0.0131323092487037,-0.0296143725049373,-0.0177147317728798,0.0641744361191525,0.0523439970697843,0.8697603233598361,0.1059919920464822,-0.636919311690411,1.0514891982235524,-0.1414899653252088,0.2551740032672062,31088.51
2022-06-08 00:00:00+00:00,0.5068790155259195,7.411235994420627e-05,-0.0223832425717082,-0.0243821263417659,-0.027549850926596,0.0200986865906807,0.7613007031870689,0.097197548338204,0.9806533412954114,2.104723640470033,-0.0168495236301433,0.1867391911391027,0.4999581309544272,0.0134795122751291,-0.027860640633213,-0.0168756486303794,0.0642925514036409,0.0526484223073554,0.8569133085340668,0.1068576736918565,-0.6838896718423019,1.2447901797959389,-0.1053928767543132,0.2533054334740887,31073.76
2022-06-08 04:00:00+00:00,0.4966405755427099,0.0010773625062917,0.018320712861588,0.0146566601658251,0.0105154418607829,0.0221905337339806,0.3636784486878222,0.1014922360151455,0.194575710347406,1.7912541546381924,-0.7775851091212048,0.1846828915540512,0.4984013910427158,0.0141268784160154,0.0101404703021197,0.0208948895704883,0.1045015814735901,0.0549276001962034,0.5073722467619988,0.1110852599511855,-0.7632171575646285,1.1559068221584754,0.1665557254655033,0.2514589772185431,29929.44
2022-06-08 08:00:00+00:00,0.5016066005904873,0.0004673917539924,-0.0024171939113378,-0.0053031889525393,-0.0091994679801091,0.0230752032429971,0.5522778461649411,0.0980623405041,0.3627977557789287,0.7620158405853945,0.7444061962134244,0.1725793263587977,0.499234929536617,0.0137089820610931,-0.0095648808832281,0.0007241431612559,0.0821998793499314,0.0540723097248084,0.685262820968518,0.1086538084259687,-0.7405408908859125,1.1631704579741426,0.4309660879733741,0.2496343727985205,30529.67
2022-06-08 12:00:00+00:00,0.5005059152871699,0.0001841410858223,0.0016483265287772,-0.000906672880777,-0.0047803277417303,0.0224810820065768,0.4980614758642082,0.0967022386851157,0.1748371296645853,0.5328965619538386,-0.4553109713487164,0.1613102671098521,0.4990702311226875,0.0136585442671306,-0.0051514574947526,0.0048838783964466,0.0861941526418386,0.0545188351162735,0.6436201130359369,0.1088177343043704,-0.7785450881887593,1.169042146989301,0.4227966761760358,0.2478313616090771,30401.48
2022-06-08 16:00:00+00:00,0.5010518203263882,-4.516572082295074e-05,-0.0010292067727896,-0.0032435219384392,-0.0070320386448015,0.0224114208059523,0.5124197334158812,0.0944498623842104,0.2317277110544759,1.27172843226824,0.0904272898961247,0.1516935276261586,0.4991871604093487,0.0135044254468137,-0.0074038844720449,0.0023326179257372,0.0829430305473,0.0545155603601518,0.6645015593657382,0.1086334546824212,-0.7645779064911188,1.1568705382557818,0.3301566514985605,0.2460496881057227,30476.76
2022-06-08 20:00:00+00:00,0.4979094785234957,-0.0005959962390451,0.0110679771100172,0.0096695006602982,0.0061627676012989,0.0227001516715856,0.3583497516008435,0.0927743315934042,0.0309016741410148,1.029935005332682,-0.6207798679456825,0.1428883924182766,0.4986613052984348,0.0134899421701324,0.0057986270114835,0.0154931535024083,0.0967133166108977,0.0552660827369508,0.5435164491662301,0.1101310915639417,-0.7801843074748409,1.1204593406619427,-0.59193359818058,0.2442890997682008,30077.56
2022-06-09 00:00:00+00:00,0.4988697194412728,-0.0009362451952452,0.0061366910554105,0.0054049107133251,0.0022339025337143,0.0222169378389955,0.3882218116695813,0.0899552356837458,-0.0056921076248873,0.4622187197963164,0.2969695454318168,0.135308277557786,0.4988299469283209,0.0132403245589787,0.0018846740995679,0.0113841665138512,0.0918356908369049,0.0550442860343825,0.5788154440729932,0.1097320080010022,-0.783189119830976,0.9174870360635222,-0.5974843193302332,0.2425493470646995,30195.33
2022-06-09 04:00:00+00:00,0.4994990637432018,-0.0013023409733252,0.0025619594324739,0.002601103755822,-0.0001396602851306,0.0214493491982828,0.4084375804793038,0.088805315056132,0.0309295945741417,0.4140760452428201,0.2710838607594898,0.1282990930686268,0.4989330021149756,0.0129803652583414,-0.0004679055818641,0.0089081235445946,0.0887513239491331,0.0547747325533065,0.5996987643711592,0.1094526211024558,-0.7649820513644711,0.7327790106370446,0.3270340222072941,0.2408301834164836,30263.87
2022-06-09 08:00:00+00:00,0.5012792943298824,-0.0011728795326321,-0.0045202632501043,-0.0043828816416037,-0.0069437111536407,0.0205057410212461,0.4793737286866282,0.086822632394328,0.0920907453262473,0.2261087908990314,0.7925740128453558,0.1203840553176057,0.4992257857009097,0.0127284926796169,-0.0072625418295387,0.0018619920467048,0.0806968819975708,0.0541370815520523,0.6621865319337747,0.1087753580378266,-0.7324059874514138,0.6600271895815444,-0.0595625304927652,0.2391313651629476,30473.19
2022-06-09 12:00:00+00:00,0.4995927676286353,-0.0007246908678926,0.0024552745280508,0.0021415338537482,-0.0005387060415911,0.0200551257477947,0.4112595455962414,0.0864706087125419,0.0318148263820097,0.4511506215959919,-0.432026593305824,0.1145628966340542,0.4989758996948588,0.0127159522799645,-0.0008665287736413,0.0080281157693695,0.0868448786769073,0.0542120248316341,0.6050318122052065,0.1095589667996956,-0.7294335145218419,0.6587072263151206,-0.116329891039194,0.2374526515270796,30285.7
2022-06-09 16:00:00+00:00,0.4998274042622532,-0.0011370752642623,0.0005977881456054,0.0010685480259182,-0.0011609203724453,0.020047474753933,0.4355755762834814,0.0843271113824758,0.097875175764149,1.3194816983774658,0.0166834429143573,0.1093121380172779,0.4990113350531451,0.0124663161080307,-0.0014652828127511,0.0073608631541148,0.0857318271536131,0.0538912215584123,0.6087666245353017,0.1094115726436359,-0.719189344947172,0.6779775773132938,-0.223049784398274,0.2357938045813379,30299.81
2022-06-09 20:00:00+00:00,0.4967470829509524,-0.0012702978560963,0.0119827360451714,0.0128701453207178,0.0109368696377782,0.0199264332539134,0.3054866295182594,0.0806587100305031,-0.051425640717032,1.1655668933163386,-0.7086494983407436,0.104305059511146,0.498521283157456,0.0124024956924142,0.0106464313407512,0.0194794431339331,0.0983781858572179,0.0542136384425469,0.4953916243654803,0.1100902863914951,-0.7215860288061808,0.7077776053184575,-0.1829783942659749,0.2341545892139281,29934.62
2022-06-10 00:00:00+00:00,0.4980212425999312,-0.001533646440554,0.0060285543163709,0.0075817397396249,0.0061335117951122,0.0193763871915047,0.3807273596545371,0.0742263980185114,-0.4334192264140729,0.815951310583058,0.4413591285969705,0.101558862260479,0.4987187923929746,0.0120839302123053,0.0058715132617632,0.0146401281675858,0.0927902923498897,0.0536348877516986,0.5345792994738778,0.1092307901632502,-0.7346707958137983,0.7739702477433419,-0.1606636415201372,0.2325347730954783,30070.71
2022-06-10 04:00:00+00:00,0.4987391971497404,-0.0018797863052478,0.0022220093187643,0.0046433369408016,0.0038275817120814,0.0194751238526586,0.431638579588033,0.0688357901445121,-0.3636611560503511,0.8819322444907329,0.0734853220723861,0.1033907481182824,0.4988158216303872,0.0117485895499312,0.0036032998463344,0.0124128227486131,0.0900616444323862,0.0533324787778694,0.550271171415111,0.1085983403140347,-0.7179477345488575,0.8548536415080464,-0.1211135984081299,0.2312619833433906,30128.3
2022-06-10 08:00:00+00:00,0.4979258847982094,-0.001742283458868,0.0048124174437769,0.0074094913143876,0.006933135958715,0.0192205259188496,0.4025917710081276,0.0597162244282883,-0.6325311198875238,0.4875524754815917,-0.5068366876632403,0.1025307580997531,0.4986870835218909,0.0115475579804862,0.0067310733873766,0.0155326210807633,0.0930453184204744,0.053318669625421,0.5179822432841201,0.1086294018992023,-0.7311895036254482,0.9016828293509098,-0.395151547454075,0.2300259836686962,30029.32
2022-06-10 12:00:00+00:00,0.4977272168734926,-0.0018337435886797,0.004668346854826,0.0077596957388139,0.0077811346813387,0.0185671536103329,0.3735137537776852,0.0568012747169587,-0.6332412968391193,0.5209944870221274,-0.1455730581205895,0.1037466811187307,0.4986477759818691,0.0112743491046949,0.0076112950295008,0.0164617893628415,0.0937091728185568,0.0531541451570261,0.5053478095294732,0.1084346418651354,-0.7100307292246314,0.9100271320749754,-0.3375626761440189,0.2288046113979905,29993.78
2022-06-10 16:00:00+00:00,0.4931064328536325,-0.0028822597697942,0.0207408820063093,0.0257950007848772,0.027006337225983,0.019541013127829,0.0268952967519866,0.0578535647205659,-1.7113917196742343,2.742878615793332,-0.6070795542886761,0.1107079987085014,0.4978691639473541,0.0110125111304913,0.0269049445597482,0.0362595293856125,0.1148150712573943,0.0540261919474857,0.3238317682825373,0.1104237857757125,-0.7276757100268829,1.1269049989511717,-0.7217881067627726,0.2278314861827406,29406.56
2022-06-10 20:00:00+00:00,0.4902926816874219,-0.0046215342747707,0.0289704128226981,0.0372827296427995,0.0404612956928278,0.0204210648783557,-0.1298282165332227,0.0658847482191917,-2.6475466984058262,2.713397283921634,-0.6722270811799325,0.1226756923578413,0.4973227235633685,0.0104559067324434,0.040475877748026,0.0506375219531547,0.13026048176681,0.0547803803779562,0.1955274673037585,0.1124670507910354,-0.7434098381711991,1.406783819298888,-0.6278384365851725,0.2272864729177055,28982.74
2022-06-11 00:00:00+00:00,0.4913985185512166,-0.005156558278987,0.0215125849762127,0.0315846940431228,0.0362638553184875,0.0199993616932178,-0.0322892117473545,0.0709770966473338,-1.9505580881654605,0.5952306855553168,0.1958078602620116,0.1326506724268611,0.497452413495386,0.0098065645648867,0.0363770730807431,0.0470688781533681,0.126356446559382,0.0546022903099378,0.221001391625453,0.1123978808667742,-0.7330287225449558,1.364387803596012,-0.6651501964817889,0.2267877718826039,29061.88
2022-06-11 04:00:00+00:00,0.4934533857966882,-0.0050053581295068,0.0110829200554372,0.0219645626177669,0.0277998649397455,0.0192484629532125,0.1155288021238284,0.0752998483552677,-1.7909543941070971,0.2984058187381868,0.7392913049665504,0.1402886944687879,0.4977480462809039,0.0091892424596737,0.0279972034657589,0.0390930207652544,0.1176855193992443,0.0541820245557094,0.2845176241994069,0.1118093234167848,-0.7087991640797633,1.2593957695211853,-0.6189679439306042,0.2262949727111199,29266.34
2022-06-11 08:00:00+00:00,0.4940380449418744,-0.0043963169328977,0.0075707574130012,0.018534548558418,0.0252102637918334,0.0184108542351215,0.1535618266420399,0.0693768812685467,-1.5818670140682825,0.2315106012106273,0.2326196140629112,0.1445659716729959,0.4978191263218952,0.0087092082201267,0.0254762506803947,0.0369352265865494,0.1152339667925888,0.0540141056770074,0.2981047702459019,0.1116718803451728,-0.6639034707254586,1.2088123753458044,-0.5365882703185472,0.2258080055578098,29310.34
2022-06-11 12:00:00+00:00,0.4896101654080066,-0.004607988095167,0.0229886909818848,0.0352335824182015,0.0433259425558743,0.0187873190411146,-0.0714708886933243,0.070452557951783,-1.7158856978395505,1.2439523689355316,-0.7125141217260328,0.1533972329014605,0.4970834888995684,0.0082762288877531,0.043692211551257,0.0559503105270435,0.1356561047606304,0.0549843252784352,0.1345729966233174,0.1144166040169816,-0.7059043696764077,1.316150668663025,-0.7620993961913622,0.2254121211889439,28761.64
2022-06-11 16:00:00+00:00,0.487293589429622,-0.0055127572853741,0.0309171230639335,0.0455355669657804,0.0556342537979304,0.0194461093122503,-0.1330796229309211,0.0811207078637716,-2.3389496086029973,1.451274031143803,-0.6361228293927201,0.16680812897501,0.4965917503702525,0.0076049100515904,0.0561376568240952,0.0694279892511553,0.1502709453288926,0.0556379342533085,0.0255483767086999,0.1173764147092344,-0.7352136003569013,1.1009071557250154,-0.8336911430001149,0.2253553751239414,28372.51
2022-06-11 20:00:00+00:00,0.4897725515713299,-0.0057258839725362,0.0195600180774981,0.0355945914890296,0.0473451784139968,0.0196408736918488,0.0253642072261973,0.0878367418900039,-2.4204353314358715,0.9247697646853362,0.2453157580087745,0.1806321025201117,0.4968720872007797,0.006804277421928,0.0479724631026798,0.0620352635542662,0.142450992228222,0.0552003162130934,0.0854540717441544,0.1181503255342793,-0.7399437798731529,0.7683134762169844,-0.3311321463451279,0.2255207395336133,28542.64
2022-06-12 00:00:00+00:00,0.4889433754830762,-0.0055645546198966,0.0210867091484656,0.0380704472347033,0.0513606712784606,0.0194590982218392,0.0248154030676491,0.0930651411834857,-2.32342591178853,0.6445378656611189,-0.3626319224104908,0.1914384174831612,0.4966767354636361,0.0061362545244687,0.0521091433281095,0.0670581921938204,0.1479764518228583,0.0554118857865308,0.0469899167966489,0.1202124088382439,-0.7373017178737531,0.7607973360163348,-0.5086695214484254,0.225691808312915,28381.45
2022-06-12 04:00:00+00:00,0.4828053398248375,-0.0064913969592395,0.0460369971986482,0.065778643923714,0.0816310075617714,0.0205974015485677,-0.1831801497415142,0.1065321982909853,-2.7872030487842894,1.7873595987753526,-0.6747228242093017,0.2061899411252463,0.4955435415046125,0.0054137444089202,0.0825614366273095,0.0990979006189993,0.1827299860310838,0.057162233883711,-0.1857307367693976,0.1265005054184213,-0.7689568969878712,0.9873509431352736,-0.804458710349853,0.2260888807156722,27522.0
2022-06-12 08:00:00+00:00,0.4847065177004325,-0.0079836466970498,0.0338625703248032,0.0571652786101697,0.075948518463252,0.0215107179334886,-0.0335286733754463,0.1224085748980521,-2.2027819781188813,1.003982924115664,0.121606196494088,0.2257811124802462,0.4956852944541517,0.0042353162786353,0.0770862441911575,0.0951034975558642,0.1789349397573665,0.0572962471955053,-0.1409817726261726,0.1303035581656541,-0.7464995024726409,1.1109898568753298,-0.796028789434664,0.2269565558353634,27581.66
2022-06-12 12:00:00+00:00,0.4841076383763575,-0.0083091344807047,0.0329480123872336,0.0584306869543169,0.0797803503613292,0.0212573300757612,-0.0013855491647967,0.1341884417030569,-1.9721630448244656,0.6672015798437056,-0.4784209394818857,0.2430163172874867,0.4954806019725103,0.0032061560340896,0.0811135285160518,0.1006461831959246,0.1853702184688548,0.0578100677545852,-0.1651136438649463,0.1348188099485164,-0.7300528345313837,1.0250321974424883,-0.8111343408398521,0.2278392416394833,27403.63
2022-06-12 16:00:00+00:00,0.4906624008465812,-0.0073832888494958,0.005623331896746,0.0310952309025838,0.0538113581570156,0.0210191538267343,0.211026000561059,0.1367283963134969,-2.006089432610757,1.1456735097445454,0.4139248977226465,0.256833520818961,0.4963850776077105,0.002236234990743,0.0552744104848541,0.0756039453267309,0.1588061748760261,0.0566476212786787,0.0153939397190037,0.1351569439265255,-0.7386285096509909,0.9946241628243588,-0.1950715228931132,0.2288014676844765,28003.61
2022-06-12 20:00:00+00:00,0.4865226660896695,-0.0057631082516098,0.0253865227767773,0.0501621726212901,0.07431933731684,0.0229071216259605,0.0821489477101344,0.137231060220395,-2.1803079885697727,0.7265372884425743,-0.6874138881234497,0.2607822504050777,0.4956154292069805,0.0016082514614099,0.0759282729366011,0.0976195511860091,0.1827990153574576,0.0579998703391012,-0.1264607623833497,0.1403897516276193,-0.7651725352462211,0.975171255368689,-0.6350338362516045,0.2298677985744669,27409.96
2022-06-13 00:00:00+00:00,0.4817256826842553,-0.0060818035887419,0.0485958723498078,0.0754432179053572,0.1023703444743364,0.0242402302004653,-0.0643976942098213,0.1465012259479473,-2.318385086812817,1.1034638267271806,-0.7832835760681012,0.2696489156031399,0.4946283943921001,0.000656787571125,0.1042043793159934,0.1279331172887918,0.2159922474705597,0.0597718438973841,-0.3013140484963785,0.1485699679459783,-0.786172574334759,1.0692412393727346,-0.8758317633382766,0.2309365952862908,26633.35
2022-06-13 04:00:00+00:00,0.4759633454904587,-0.0097903196221721,0.0836060632724033,0.1181326818471057,0.1509214481150946,0.0281143986919693,-0.218828445970501,0.1768879530722936,-3.742866331761335,4.056731821775115,-0.6241397244088533,0.2870552109378944,0.4931281541731095,-0.0010343217822758,0.1531669589127868,0.1805334070590103,0.2737789390740828,0.0632125439312405,-0.5429004337103737,0.1656048370873059,-0.8765166874561997,1.5525272981546123,-0.6220268329421657,0.2327462225855359,25391.16
2022-06-13 08:00:00+00:00,0.474780783128199,-0.0127520126715561,0.0964728888666992,0.1380240439942299,0.1766230081620106,0.0310220676030636,-0.2232723066912405,0.2057244651175151,-3.9298307741352727,1.9590087827867664,-0.4060098457655477,0.307247119336858,0.4924229649596487,-0.002953520894658,0.1792859043418404,0.2101865596497951,0.3070451586946814,0.0658363904993503,-0.6206213366442712,0.181801002045648,-0.9238915793390968,1.7932261968983636,-0.7628940741449108,0.2350005746704807,24709.73
2022-06-13 12:00:00+00:00,0.4728026576424741,-0.0180622522789284,0.1142612112786096,0.1674040760941841,0.2147519895994989,0.0349734803388907,-0.2063842769219286,0.2572312244953961,-4.706665596270323,4.736399249364806,-0.6314728310775753,0.3303039516975232,0.4914462525480377,-0.005682803959972,0.2180188771767017,0.2540221459840994,0.356259420441082,0.0698218255114513,-0.6996847657920501,0.2078446775701405,-1.025337875098156,2.8131756299878914,-0.7397637346068899,0.2377101032050987,23772.84
2022-06-13 16:00:00+00:00,0.473203143289237,-0.022285901061456,0.1165546212358961,0.1804986328403519,0.236783760102939,0.0373660802629409,-0.1491714713091604,0.3046250248659076,-4.936422630837813,3.822525472483576,-0.3477803235598581,0.3542475300350098,0.4909571813270265,-0.0086804611937976,0.2406819574127445,0.2819339820789159,0.3886039308826723,0.0734192627093225,-0.6910891358346007,0.2346020176411352,-1.1514700358914511,3.654312196749917,-0.8628164582392093,0.240733156775088,23177.01
2022-06-13 20:00:00+00:00,0.4766639735213385,-0.0228002716223911,0.0911224069491682,0.1602007133188077,0.2226424279722869,0.039176638340015,-0.0417284153671351,0.3296427465537626,-4.584786396030665,1.995824975864384,0.0917549346860458,0.3779988114774715,0.4913225574203397,-0.0112123781508621,0.2270167533024463,0.2721061984425401,0.3800366258234897,0.074976553945117,-0.5756848910282202,0.252624005466707,-1.254277568273512,4.086125356606103,-0.8409788173980316,0.2439318051730503,23279.03
2022-06-14 00:00:00+00:00,0.4737307504200149,-0.0243825944380175,0.1150262208408496,0.1926923534354538,0.2647044170433665,0.0414887349235506,-0.070625233089263,0.3744300897298334,-4.061931405337167,1.6621931622332822,-0.5200989452784337,0.401043620029044,0.490328865649023,-0.0144990355397449,0.2698062407568753,0.3212754015391796,0.4357575767985244,0.0797959459473272,-0.6339496094459183,0.2849826051705693,-1.3686893898317307,4.334561798019401,-0.8676391849434777,0.2471467895285323,22333.0
2022-06-14 04:00:00+00:00,0.4760977647493785,-0.0271278240729695,0.09935862661848,0.1866600145989732,0.2682649410282793,0.0451482985128096,0.0032844550943545,0.4259772838173231,-3.6042767647944713,2.4397945315117004,-0.1364396764737484,0.4260357156974502,0.4903348892913574,-0.018067439246089,0.2740874832220126,0.3315849442529046,0.4498988479209063,0.082575105393031,-0.5626844987899298,0.3161822730968078,-1.4643268847060116,4.326626317126534,-0.6140470785128322,0.250782995577576,22067.64
2022-06-14 08:00:00+00:00,0.4822015909441796,-0.0233005133358492,0.0474635237106968,0.1327504386798113,0.2170217440355759,0.0465144459606238,0.1356820213037418,0.4310835443274607,-3.464469899676988,1.026475572634655,0.4800826240159606,0.4420101589611562,0.491503325603851,-0.019984748696239,0.2231397668327712,0.2829886482191504,0.3994174152724195,0.0813950218765691,-0.3884866786867065,0.3256459476652769,-1.5640391384982515,4.194502838061717,-0.4650687776393277,0.2545028133333406,22818.35
2022-06-14 12:00:00+00:00,0.4795081961998525,-0.0207310828538909,0.0739304995162815,0.1619740848225832,0.254175882344358,0.0485037729140671,0.0943056198043742,0.4585073631071678,-3.1839111766686794,0.6728242098888764,-0.6744106729274418,0.4532898439774284,0.4906527459060686,-0.0231520135796668,0.2609954703787971,0.3273369131441406,0.4502834524325305,0.0854742196236271,-0.4400117409446343,0.3575396865611311,-1.6848314129515365,3.33604739665754,-0.5140128224890249,0.2581786090086852,21974.36
2022-06-14 16:00:00+00:00,0.4842057737884688,-0.0165394232082679,0.0318479138160801,0.1159043615764281,0.2094060829432396,0.0469358456731656,0.1946625096267697,0.448066688116897,-2.7188005902362327,1.0344120024702017,0.643228514470611,0.4643751394918021,0.4916138419285306,-0.0246729144106278,0.2164571766118193,0.2848529477269683,0.4062900467162296,0.0838408030852787,-0.3081802506554801,0.3655761846080779,-1.5968851966895032,2.702469215733035,-0.1647509465390042,0.2618109035817038,22616.45
2022-06-14 20:00:00+00:00,0.4830626282523426,-0.0126656514188197,0.0443986196426691,0.1269756805596575,0.2252397090632183,0.0469903359528655,0.1801374193170265,0.4535269664526828,-2.487985184665121,0.806063147193582,-0.6829993026287879,0.4725570250574646,0.4912135712412669,-0.0270873914574248,0.2328087939840395,0.306243100611453,0.4320565924826014,0.0861460253138052,-0.3187236116185723,0.3896903013613326,-1.5846144381331566,2.392937397290438,-0.3810744047313991,0.2654002118649897,22165.92
2022-06-15 00:00:00+00:00,0.4840449621856743,-0.0105403919244809,0.0342721383702322,0.1161223299716678,0.2181432420886264,0.0469595338022039,0.2099965100944686,0.4552712018458583,-2.378413493698384,0.9222033892206004,-0.0440810048705476,0.4825037143739143,0.4913075267846547,-0.0292447966232353,0.2261420160712473,0.3037104714896728,0.431876586497151,0.0866602158052151,-0.2789736418590853,0.4090752589477714,-1.630901369988668,2.2160522968840266,-0.0852941413392837,0.2689470425785999,22122.57
2022-06-15 04:00:00+00:00,0.4815103259919292,-0.0078552204752167,0.0596345329980931,0.1415742125353318,0.249624697576281,0.0479811387592158,0.1661302164522561,0.4626736859727743,-2.2840615776228925,0.7183273133074283,-0.7905225375993641,0.4923782950207008,0.4905921615451617,-0.032102079292351,0.2582635762810534,0.3422001704790856,0.4767260751881668,0.0897658318739417,-0.3169014849607098,0.4403360898590346,-1.660621940219309,1.7291385221491689,-0.3355535699780676,0.2724518984221593,21406.68
2022-06-15 08:00:00+00:00,0.4796987355591003,-0.0075301342378945,0.0808495794478838,0.1661318561032283,0.2818006131663588,0.0504277737191775,0.1254999472932972,0.4705771318971476,-2.110168672007695,1.1821014347114691,-0.8563514385554792,0.5043517946009058,0.4899641874817219,-0.0354688023344972,0.2911874892578605,0.3824342812150236,0.5240005652791906,0.0930684688884285,-0.3455728333675606,0.4764735820824243,-1.6638960466843034,1.83269268393272,-0.9047521855971712,0.2760922641803158,20696.87
2022-06-15 12:00:00+00:00,0.4834259970609759,-0.0078475038516163,0.0420433630720809,0.1277381323057373,0.2456622099002812,0.0501657177827233,0.2044266340058606,0.458256130857085,-1.998420870063568,1.3117691937743037,0.3513349718864664,0.5170964777621724,0.4906507254306574,-0.0371924035328115,0.2553500997774955,0.349520834278354,0.4909276320978579,0.091684398203712,-0.2596886001996453,0.4899863588262064,-1.660148318600678,2.1025278275475263,-0.320389317402237,0.2799006704893335,21106.64
2022-06-15 16:00:00+00:00,0.4856790685689992,-0.0040649488214939,0.0238772671499269,0.1043557402903285,0.222392252631453,0.0505260107333467,0.2538317074843648,0.4398419523770122,-1.7728970419485162,1.0016100796453666,0.332467427586951,0.5217959634632902,0.4910906558867355,-0.0383293188651306,0.2322869365946722,0.3289282771952202,0.4708605909378571,0.0910723368667238,-0.2050692369528181,0.5016235687743507,-1.597194089778567,2.138251597889546,-0.4732382168268109,0.2836805313518643,21348.72
2022-06-15 20:00:00+00:00,0.4890007048910293,-0.0011405751257979,0.0010559936758285,0.0765774906237632,0.1939833013616487,0.0509694960231867,0.3158783818583188,0.4129817252813815,-1.6198833267405104,2.1567999560812434,0.1583654729109266,0.5234107500198997,0.4917557788041444,-0.0391726553048877,0.2040186944828381,0.3025426041211243,0.444328426159593,0.0899276073142302,-0.1443648045602752,0.5104733245969958,-1.5795116781748832,2.7281013727161074,-0.2026277372262782,0.2874156595554773,21693.64
2022-06-16 00:00:00+00:00,0.493396121790307,0.0047624249146911,-0.0326931825264691,0.0311419306873261,0.1424208986991613,0.0515005877642099,0.4349768085411233,0.3604501948251228,-1.1999240050723063,0.8156663160326424,0.6213407152039261,0.5167960103131094,0.4928415429882528,-0.0382523242927613,0.1522003197870076,0.2491407308210118,0.3871371936756713,0.0868177295714687,-0.0491051642260178,0.5028105217628747,-1.4494270596840793,2.736931458445857,0.1554378604361554,0.2909128247987156,22544.07
2022-06-16 04:00:00+00:00,0.4921034549711017,0.0100219492692188,-0.0108104351206197,0.0449250254906032,0.1553784426119333,0.0516240581639345,0.4088447184418856,0.3075443563787068,-1.2302940991876918,0.4266784148540922,-0.4349785972212224,0.5068699519351748,0.4925305036958513,-0.0391052262708347,0.165377549022649,0.2656018763215801,0.4072598662762929,0.0887154560296251,-0.0650558300176338,0.521314955601326,-1.5215399862793304,2.64674254002273,0.2686851985808277,0.2939432445088503,22180.22
2022-06-16 08:00:00+00:00,0.4904776767234705,0.012093962985473,0.0089063234158321,0.0605400650910787,0.1716551026379613,0.0514019631706307,0.3566223600306118,0.253200965203654,-1.2587995619426495,0.4066488630071644,-0.6048738390729044,0.499039530998484,0.4921275466576516,-0.040346483672956,0.1819618209428224,0.2862431478591771,0.4323023082758037,0.0909812245184464,-0.0843111040205667,0.5434690484984097,-1.6341816012963717,2.386063461777752,0.3652233819021044,0.2968692187974605,21749.52
2022-06-16 12:00:00+00:00,0.4881079306998216,0.011603459229253,0.0335885817492076,0.0853150097698729,0.1996415486315192,0.0522274777359559,0.2408127376874546,0.2202634258611094,-1.3294272053443,0.5909432234719147,-0.6214752531639453,0.4951347334860974,0.4915251000926852,-0.042374348581693,0.2104404727243438,0.3205052140522495,0.4728936337322069,0.0942320909253152,-0.1178425964580929,0.5741471564462478,-1.7499054137734091,2.1443844477450806,0.001464336324989,0.2997605657242219,21105.74
2022-06-16 16:00:00+00:00,0.4886790231098164,0.0105601019547898,0.0296455570146367,0.0806289100542929,0.1952873034636113,0.0513590744929459,0.2219622158535263,0.1794635332754513,-1.3152419332337288,0.8217883066746144,-0.0826824992030601,0.4931621346403016,0.4916038812817078,-0.0433007228586814,0.2062990681815597,0.3193288031095793,0.4740906370280928,0.0949400890081774,-0.1024625887349214,0.5902370089005974,-1.771134065610964,2.0943675328120435,-0.1109080338650484,0.3026176950856907,21043.49
2022-06-16 20:00:00+00:00,0.4885987341989623,0.0100447789301566,0.0307317363995764,0.080656435380505,0.195767515787214,0.050365557594898,0.1932175066545104,0.1624178894955979,-1.165672712677744,0.8892789461065773,-0.216839554781558,0.490756193573603,0.4915525909602767,-0.0442680968606526,0.2070121789664061,0.3233051499777082,0.4810184146524785,0.0959038635845578,-0.0948633262324628,0.6083650966439034,-1.7054999529079005,1.6012243672361963,-0.3530401570491854,0.3054410118286982,20900.3
2022-06-17 00:00:00+00:00,0.4865827790713781,0.0085365442942626,0.0499263057193655,0.1017075400713347,0.2204363685362949,0.0508215949529789,0.0536838731111376,0.1611537011506108,-1.1972672147460477,0.8343407169566913,-0.7000233923888579,0.489902208999121,0.4910435933502596,-0.0463472768696074,0.2321890353391547,0.3545171886009333,0.518685159196739,0.0988721476311126,-0.1184142062224739,0.6408266499014476,-1.7360208533915331,1.566138379174205,-0.795713925237014,0.3083349045373891,20336.62
2022-06-17 04:00:00+00:00,0.4874203790500758,0.0076268064335752,0.0403911982561107,0.0916689654151279,0.2102749170575675,0.0498315631195601,0.0803080672213146,0.1501066290704963,-1.2553531614649176,0.6951283208594662,0.0496653361989544,0.4886219630103599,0.4911914429136501,-0.0469907768129082,0.2221806803745982,0.3469600109821951,0.5129086679160877,0.0989635039367285,-0.0966103763763761,0.6549678007496482,-1.7761992806751294,1.6196170302004895,-0.8510765494372065,0.31127777120961,20368.85
2022-06-17 08:00:00+00:00,0.4916581523096597,0.0078624457176863,-0.0002284357596183,0.0469873645651381,0.1605919895335921,0.0472059969130611,0.3503758528139978,0.137434481560164,-1.1623424383440557,0.3705047595528605,0.7795894736842112,0.4854114334578437,0.4921024095859492,-0.045745001346374,0.1721906701201596,0.29475533489721,0.4567113418000275,0.0954028533681564,-0.0250425229194411,0.645331293808987,-1.7402686943540822,1.5641295615629185,-0.3826732909759712,0.3141858106075352,21108.68
2022-06-17 12:00:00+00:00,0.4914536651994883,0.0094267538001576,0.0050121299678316,0.048532568885151,0.1609364901876966,0.0464873454529433,0.3190593707325002,0.1381474260662481,-1.1208013060479274,0.307410959540033,-0.2308415518630753,0.4778427068882942,0.4920521101870806,-0.0460788716773255,0.1726490825903386,0.2976301471330287,0.4621831821948181,0.0956029593882489,-0.0198216456165259,0.6609864868173493,-1.7373438450142416,1.4105355864867877,-0.0938502986997777,0.3170594348935796,20985.56
2022-06-17 16:00:00+00:00,0.4902593440506437,0.0094075135029386,0.0174246889365128,0.0599163135611995,0.1730440759589901,0.046302626523014,0.2268321086130136,0.1375620716411538,-0.9911821478142308,0.8493089810225615,-0.5135339026524657,0.4724896096775404,0.491775544639589,-0.0470516574943142,0.185027334565597,0.3140028809455157,0.4830500191994222,0.0967360277318392,-0.0292725487218564,0.6846811769810995,-1.6836109769494398,1.3248155243646471,-0.324238030853439,0.3198990513524337,20645.41
2022-06-17 20:00:00+00:00,0.4899683760057268,0.0091826496969421,0.019559730210082,0.0607915605915061,0.1734924862425184,0.0449496625994847,0.2065699187944531,0.1352314876962601,-0.93822914681716,0.7296767402222081,-0.3416493789907641,0.4684829882550758,0.4917008088123104,-0.0475101744050665,0.1856209427285333,0.317288538518732,0.4891882155315601,0.0968724172347137,-0.0238446972080483,0.7017604601487725,-1.6675073218271346,1.1915511316015748,-0.3422674980240637,0.3227050624487882,20515.46
2022-06-18 00:00:00+00:00,0.4897255727711643,0.0090741438941041,0.0204344827381355,0.0601879917316179,0.1720969159024694,0.0431671465073117,0.1969801840735736,0.13269165311466,-0.7538235166792503,0.4731436731968652,-0.2558486674265881,0.4650999548936871,0.4916449083916954,-0.047794017853763,0.1843336482372179,0.3183575714478965,0.4927992397111658,0.0968267641761029,-0.0163976699970718,0.7174074995721887,-1.5683286705123392,1.0228178482457742,0.0822076760232789,0.3254778658843761,20421.22
2022-06-18 04:00:00+00:00,0.4901713483500736,0.008893208414928,0.0160616830950226,0.0541987500631067,0.1646506003548666,0.0416042593198259,0.2229784693157932,0.1254596334621821,-0.7311879147536686,0.4468055637338181,0.0298689956331884,0.4618619870338387,0.4917214862804093,-0.0477550369443166,0.176918996292055,0.3124982142592976,0.4885417788713369,0.0962310782776015,-0.0021284152109058,0.7290950025936289,-1.5710688711605545,0.9094513920704644,0.0638482850864638,0.3282191293958101,20434.9
2022-06-18 08:00:00+00:00,0.4836952155735785,0.007861806997383,0.0747538120127884,0.1158057637541871,0.2328316473676521,0.0434457958574524,-0.1989450638560412,0.1396463202973342,-0.8007732610183382,1.1046182026146911,-0.8608009148588806,0.4612284341220948,0.4904396583631748,-0.0510361713121344,0.2459785344333624,0.3923875009513897,0.5818463253830883,0.1021436989083255,-0.0707769065532025,0.790418454955997,-1.616378534826885,1.0789922030875043,-0.8395373245287969,0.3310511777190374,19186.1
2022-06-18 12:00:00+00:00,0.485039377297786,0.0040598195520537,0.0569846245435896,0.1021757084636021,0.2202209672516506,0.0454475822387221,-0.0575613809053905,0.156831064696332,-0.9141687306632144,0.9633724420141336,0.0646214757653703,0.4676395977911406,0.4906193039492394,-0.0515785720265729,0.2335140173697658,0.3822509564366525,0.5734706555744415,0.1021647116084388,-0.0502761697538727,0.8045493351009848,-1.6549190105870462,1.2406210094693235,-0.7558912857928927,0.3342551780246332,19241.12
2022-06-18 16:00:00+00:00,0.4839921692114621,0.0017364101834512,0.0604095615203752,0.1091592200053579,0.2300360980983329,0.0449158499509092,-0.0524416239527315,0.1791429755997563,-0.8200802261493074,1.0902866057846663,-0.8141293086551092,0.4738376518345676,0.4903729794537992,-0.0529611742581244,0.2437004753015359,0.3973825683802807,0.5938600923132815,0.1038474761479732,-0.0528103825003066,0.8330760728035707,-1.6165229346656889,1.2827138479492377,-0.8196286600502282,0.3374281323651957,18948.45
2022-06-18 20:00:00+00:00,0.4797334683120873,-0.0015433396401924,0.0978019283328974,0.153830708048313,0.2830333749577896,0.0467926621864763,-0.1898746630218195,0.217794942520753,-0.9024035049929856,1.6707191152395853,-0.8694324207843793,0.4821317521381906,0.4894734117454598,-0.0565764183221423,0.2976316985285663,0.4624183763236213,0.6716435955039783,0.1094371019314913,-0.093414923382571,0.8945215322169279,-1.6496120090617652,1.5021588368332652,-0.9072800000000002,0.3406551492437804,18020.47
2022-06-19 00:00:00+00:00,0.4874278619659678,-0.0024925447956231,0.028898288859938,0.0841722114282732,0.2080957848329867,0.0470564520344329,0.1323875756488703,0.2291140506213933,-0.6477844622715921,2.4548384240865446,0.5012755168042216,0.4890185590545172,0.4907843191984117,-0.0543545601479754,0.2221343943690301,0.381320422256644,0.5823051839370159,0.104597036527432,-0.0174276742119623,0.865842627636904,-1.5879031674402615,2.0158848561608798,-0.4499567956512866,0.3440844808472809,18989.21
2022-06-19 04:00:00+00:00,0.4842916566259609,-0.0023117643108378,0.0596650657812074,0.1172492057593479,0.2464857716492861,0.0505158344140267,0.0243388868893023,0.2526372422399107,-0.9468411164731558,0.8064830392845553,-0.7382773800161375,0.4897793905796795,0.4901175878300677,-0.0569071967876074,0.2612161928738019,0.4292055640081802,0.6404941292062962,0.1093650066190386,-0.0459815732205366,0.9157195206936164,-1.7625783087349325,2.0815016286144825,-0.7377407071869874,0.347478360282752,18269.52
2022-06-19 08:00:00+00:00,0.4852024188252823,-0.0026139887087379,0.0483083761059175,0.1069119605482673,0.2370404964692223,0.0500368050334963,0.0730719964345131,0.2571484646754775,-1.0349019743211203,0.5893201419945825,-0.0006280060043498,0.4919425919257991,0.4902315286809257,-0.0574287259304257,0.2519336516557215,0.4226366893026527,0.6364326043498534,0.1097701947067956,-0.0310032620320132,0.931415550763626,-1.8789649829285748,1.9187947080096488,-0.4745553423233846,0.3508320749458458,18267.51
2022-06-19 12:00:00+00:00,0.4940983840875726,0.0013710192014841,-0.0266205921725259,0.0226801389867339,0.1415551404657387,0.0476849780024426,0.4015065613849159,0.2212017362864307,-0.9105232158866772,0.7757524985841265,0.8001683750668385,0.4837285614414968,0.4919316549751006,-0.0530197378184342,0.1553793941267562,0.315268197471015,0.5156040292188087,0.1019895478378207,0.062932108200456,0.8755484356391882,-1.7576630722003594,1.8343401557015264,0.1798441964193951,0.3539070441210703,19676.68
2022-06-19 16:00:00+00:00,0.4948473321208594,0.0052502794044077,-0.025745463036093,0.017269431828679,0.1329486370170676,0.0482112061554214,0.4360310036646279,0.2043756605209337,-0.7852041332395504,0.6118422646070271,0.05735755490335,0.4676492659690606,0.4920952347210338,-0.0522638040924064,0.1466730650246479,0.3070992172034306,0.5086056571289312,0.1020089430103694,0.0754827316551178,0.882889481139232,-1.654463651619622,1.6909529833649812,0.3181352901276443,0.3565883639194422,19722.33
2022-06-19 20:00:00+00:00,0.4974499529260255,0.0087012413574047,-0.0401728789407337,-0.0044192359641639,0.1055136946000487,0.0467652331268152,0.5569302353096687,0.1910887376155894,-0.6502130435596307,0.8533691050925719,0.4092352515799074,0.451361931805366,0.4926334922855058,-0.0503819533899784,0.118856876906024,0.2766640209591859,0.475662565442746,0.1003001263987817,0.1070121871195414,0.8734649695218081,-1.5514400618525792,1.4679543547669236,0.7661653366073258,0.3591445088105926,20117.25
2022-06-20 00:00:00+00:00,0.4997793376941804,0.0134575793282771,-0.0478960135495811,-0.0220958636139205,0.0803828260412393,0.046472458592543,0.675269491506617,0.1816429963782643,-0.6009489824781309,0.9569658276521976,0.5402951043086254,0.4282418027594113,0.4931757858386092,-0.0479544633621574,0.0932367213973321,0.2475742024263079,0.4436891322970633,0.0988070220397887,0.1369125671762248,0.8603747084952833,-1.5379642054152332,1.0559905611905012,0.5340790324553881,0.3609654380632892,20520.28
2022-06-20 04:00:00+00:00,0.4966987015415733,0.0151171476062682,-0.0155949303586695,0.0061619226010094,0.1077276173987307,0.0479125006448842,0.534232861104839,0.1792591442791444,-0.6823106029843785,0.8858816475628049,-0.5680736552180535,0.4094138055704479,0.4926363749565043,-0.048205049386565,0.1207896582231926,0.2796787346741456,0.4827608020717351,0.1021956591158923,0.1114163505639596,0.8903299592088111,-1.5781509529940174,1.0475214176578396,0.5831973015013024,0.3626433379527305,19936.36
2022-06-20 08:00:00+00:00,0.4975660443110534,0.0155297840133695,-0.0182563815285159,-0.0004774104170097,0.0967214218824581,0.0463024636991642,0.5794938581528485,0.1744645881830858,-0.5949469619855123,0.3771902444091125,0.2480564648117843,0.3930160324926273,0.4928418577383353,-0.0467310014146903,0.1095303580820552,0.2673824603939705,0.4703756645165671,0.1019561302766437,0.1257256529173396,0.8891141088706925,-1.5333860359147773,0.9916493953484922,0.7014872174502266,0.3643013807823047,20060.96
2022-06-20 12:00:00+00:00,0.5014962130497116,0.0172272276618584,-0.0420131433426438,-0.0312222949547485,0.057668583195561,0.0450147153193704,0.7745313345272258,0.1692516290461658,-0.4705237600079893,0.7140520739258132,0.6963820111167254,0.3707633062829903,0.4936831157978832,-0.0435717948926301,0.0697931024607199,0.2216386183794947,0.4187003243894376,0.0985837493019406,0.1703808865602279,0.8618599538758993,-1.471785132550098,0.9617538005297002,0.5707720294896741,0.3658013459822502,20750.03
2022-06-20 16:00:00+00:00,0.5016604286961419,0.0180793151309407,-0.0365941534079516,-0.0306387185108322,0.0533637418443395,0.0440550823868318,0.7888599114185739,0.16751189018283,-0.3462150236810416,0.7235881158559184,0.0589777942475999,0.3487199244663538,0.4938008190998464,-0.0419024714211494,0.0652114594315671,0.2159926561593537,0.413493334424067,0.0982790242978172,0.1781835397578781,0.8623356119721975,-1.428981750880152,0.9701504831463448,0.6255423794942132,0.3671884526453602,20784.95
2022-06-20 20:00:00+00:00,0.4976861445242141,0.0170627477695951,-0.001248935896175,0.0036055824106606,0.0870903951062682,0.0458575821906814,0.6031567071163185,0.1650813291931714,-0.488448956031791,1.028905667937532,-0.7167574365371555,0.330850127328201,0.4931221794819289,-0.0420432113355949,0.0991531004363128,0.2547983797528708,0.4602023696541482,0.1014626757333625,0.1449915062603028,0.8946325125153115,-1.4826383900005498,0.9935182412295144,-0.0206910461671141,0.3685139997321097,20078.22
2022-06-21 00:00:00+00:00,0.5003690035552283,0.0160183430877417,-0.0200223332622115,-0.0175795521331771,0.0602177425327334,0.0442764051867385,0.7488442579555014,0.1588168249813739,-0.4708050248129612,0.5168863098880252,0.5802491125841327,0.3142833047033384,0.4936937791462328,-0.0396354944934409,0.0717817166106069,0.2232489358936977,0.4248818925901121,0.0988635469649842,0.1761555456254436,0.8761137212919017,-1.4834406123205433,0.8870806116573747,0.0099317021602164,0.3698238596684969,20534.33
2022-06-21 04:00:00+00:00,0.5006723423108697,0.0153950859244588,-0.018731124689076,-0.0186006345677254,0.0550809115152439,0.0427972124732831,0.7666525792120943,0.157978093896041,-0.3462685640645678,0.507668341742938,0.1209956863022373,0.2967771863107779,0.4938178962019199,-0.0379802945567549,0.0663685140998198,0.2165515424418131,0.4183565300768157,0.0982315109379636,0.1845800629208158,0.8744610424928418,-1.4406422496511546,0.7980122579015916,0.5014661168406153,0.3711182181036705,20587.87
2022-06-21 08:00:00+00:00,0.5034837716466636,0.0154532717780352,-0.0353865641186693,-0.0388299874407171,0.0286343625732632,0.0410568790352591,0.9033345117984865,0.1584001408638665,-0.1883085467811513,0.5214237762430826,0.6089049485546297,0.2785209420001915,0.4944282485420925,-0.0353357843891662,0.0393691248639069,0.1847551513335643,0.3822939675520569,0.0955261802074415,0.2171501698948937,0.8539115898877065,-1.388946105127511,0.8230473948427169,0.7255670263797458,0.3723143334108594,21084.96
2022-06-21 12:00:00+00:00,0.502531517578815,0.0161958662753555,-0.0217970201339313,-0.029353691954887,0.0335484350276868,0.041304830840157,0.8382198066689738,0.1680351019974626,-0.3867021658701791,0.6163268126314664,-0.2141442868457002,0.2625995756221843,0.4943506912316425,-0.0335911151415931,0.0440187535031231,0.1886350766050415,0.3876182313203486,0.0958407376623424,0.2150411657752278,0.8578373457629116,-1.443777107287468,0.8015644359684393,0.1352171243411505,0.3731469550728423,20965.99
2022-06-21 16:00:00+00:00,0.5048941967923093,0.0161567466469017,-0.0340375105409522,-0.0449779372864442,0.0118658132379174,0.0400598933617948,0.917773799281431,0.1750374978979996,-0.4320607449215356,1.137723187848425,0.4940522309830938,0.2481236386987456,0.4948865665797078,-0.0309600356959394,0.0217957133868098,0.1617794231252345,0.356945384444181,0.093762486258121,0.2436092975864192,0.8392510660351011,-1.4405878434644128,0.8844295617942435,0.3236826502825422,0.3737783363530551,21401.86
2022-06-21 20:00:00+00:00,0.5016283872239997,0.0156153558557808,-0.0058075335765027,-0.0189000039571139,0.0350236124825527,0.0402554641631571,0.7489122922420431,0.1859985177046903,-0.482841027480488,0.7427228980683495,-0.709472501512486,0.234772681821191,0.4943907499395725,-0.0298092870376933,0.0448748351498551,0.1865262492477521,0.3865548509710659,0.0958985888457832,0.2204909065407265,0.8597939899441546,-1.441474798513175,0.8156248110267578,0.4773890465690651,0.3742619989179385,20907.48
2022-06-22 00:00:00+00:00,0.5000999516811979,0.0130523734261496,0.0056204427221329,-0.0065473121819302,0.0450916713842903,0.0402923192945164,0.667533328534131,0.1878143187179899,-0.9083351216977,0.7041030503489222,-0.4728506333179479,0.2210594805304487,0.4941907404104483,-0.0285889331764658,0.0548051985355642,0.1968205829679401,0.3995109090385627,0.0966617162042531,0.2123540682614165,0.8714458150507287,-1.4764845376584996,0.8440130742054105,0.1002046320599854,0.3747399375915655,20675.12
2022-06-22 04:00:00+00:00,0.4976110780915073,0.0098274714089805,0.0222994048203408,0.012620758819295,0.0633113403021219,0.0402173675724555,0.5433824651594059,0.1798742098160525,-1.2717191874563496,0.7111898161412723,-0.824533322246706,0.211145655159309,0.4938118904285003,-0.0278110732887276,0.0730100201093559,0.2168434948910558,0.4240155796968197,0.0981955776187257,0.1955036168662785,0.8907579907996503,-1.5062421793697829,0.8725240642282114,-0.2081074504184177,0.3752200524157394,20279.98
2022-06-22 08:00:00+00:00,0.4963573294879222,0.0064577461816788,0.0283789188984349,0.0220161743753102,0.0719112644465207,0.0396086661151267,0.4578977410534864,0.1648199279437728,-1.5089023886906836,0.746248801612258,-0.3264388064866179,0.204640980115826,0.4936370192021159,-0.0269244892299998,0.0815384976561885,0.2261149334740544,0.4360599163228549,0.098992101417444,0.1891273433595711,0.9024974788785706,-1.524746913108327,0.8880908654217795,-0.5716088043796593,0.3757884525667407,20070.08
2022-06-22 12:00:00+00:00,0.4991748499771477,0.0042824638154573,0.0049600694970921,0.0007715970320838,0.048147675848182,0.0381648907784486,0.5629885180449379,0.1454461811551164,-1.254167893303445,0.5986605420419127,0.660609076752661,0.199897007156654,0.4941387510473743,-0.0251734171274585,0.0574002933529054,0.1982062795996209,0.4044594681878655,0.0968811852786788,0.2168281111962193,0.8861133657205751,-1.496326650440871,0.8534228117999172,-0.274117421767634,0.376431225328677,20481.57
2022-06-22 16:00:00+00:00,0.4966041819027842,0.0033354886876608,0.0237777048415421,0.0203805467864057,0.0668064773045886,0.038500351735333,0.3663214441357426,0.1175271246860566,-1.582796940171752,1.8121851600595955,-0.4501748151544699,0.1926242547517478,0.4937824848962179,-0.0243377069809605,0.0760361994803369,0.2185406088960204,0.4292788238360436,0.0986349592601964,0.1998641565909806,0.9046251426204291,-1.5045158427247989,0.8909249446460725,-0.8188209606986898,0.3770663912141277,20087.44
2022-06-22 20:00:00+00:00,0.4970515600930645,0.0014320148392698,0.0178420061013828,0.0168444989523774,0.0621745700017781,0.0389753069653939,0.338085230518495,0.1001684580820243,-1.827903850119697,1.2622444497919925,0.0796168253909043,0.187417238141006,0.4938929344301286,-0.0231981156751825,0.0712275417537433,0.2126696417944809,0.4235207357778843,0.0981624285374544,0.2071062597762609,0.903876495914727,-1.5197002847084335,0.9390940135986872,-0.6457343916480153,0.3777467256092979,20128.87
2022-06-23 00:00:00+00:00,0.4964014031435571,-0.0004645775547263,0.0195593038518819,0.0213546843936651,0.0664345962714014,0.0383874726030102,0.2382949408455778,0.0925484645915939,-1.3545574070532602,0.926958883661461,-0.2797042325344182,0.1840572581026117,0.4938109484477438,-0.0223898792146894,0.0754144638841645,0.2171695980590577,0.4300118388783269,0.0983535110010871,0.2049148041355815,0.910685450958073,-1.4810228581939342,0.944587505933663,-0.6055204499068638,0.3784471601033663,19997.23
2022-06-23 04:00:00+00:00,0.4977645080753541,-0.0004091173487437,0.0091673755378818,0.0111338188952598,0.0542928553266626,0.0377294563554504,0.3091022741825969,0.0839550763326494,-1.77112190943495,0.7817161165580767,0.2708301344239878,0.176309022762381,0.4940735444945726,-0.0209748491162472,0.0630052506441363,0.2024027776728225,0.4136218971465726,0.0969183629848513,0.2200767432236345,0.9017143039524668,-1.530826769078513,0.9315908796390628,-0.0779226566608141,0.3791439221963953,20190.19
2022-06-23 08:00:00+00:00,0.4996920742998337,-5.8530307095856425e-05,-0.0040462238067874,-0.0023760669806417,0.0386103069417353,0.0361754949425122,0.4708610690543673,0.0829147479513989,-1.3861244707074123,0.5522905197787471,0.53693429499881,0.1671402965769017,0.4944147806002066,-0.0194765835772928,0.0470202187777282,0.183491101615024,0.3922610614775697,0.0951526322008049,0.2393795576006245,0.8891661255108377,-1.469238151069173,0.8903844268309283,0.3484460922808161,0.3798324384776906,20461.03
2022-06-23 12:00:00+00:00,0.5007550545006513,0.0009795164392665,-0.0091818004835022,-0.0089521231603909,0.0296162903766685,0.0348021702645694,0.5454542134968144,0.0785395435641873,-0.8666115474997936,0.5710144018581716,0.4491248372631349,0.1565553752776444,0.4946277213613231,-0.0179718847032595,0.0377472864146177,0.1718678579408874,0.3792848160446262,0.0939656152421461,0.2520313528395533,0.8818156806384323,-1.3781350075294598,0.8796338762184134,0.1207297617668281,0.3805128065320852,20615.61
2022-06-23 16:00:00+00:00,0.4987130937593226,0.0012201320826067,0.0051681783855461,0.0049465252606162,0.0423030458074458,0.0342452644054377,0.3492859165011702,0.075433564576548,-1.0328172525264736,1.2525192791857578,-0.5156948168007122,0.1466827559262164,0.4943645444417114,-0.016941321234363,0.0503453070121981,0.1850479897671588,0.3955312640548289,0.094761296583358,0.2409464967855594,0.8940146170775471,-1.3877446380355194,0.7868455297282932,0.2379152294098186,0.3811851227895434,20337.9
2022-06-23 20:00:00+00:00,0.5030013279383492,0.0010404135617816,-0.0222323682757519,-0.0223224465935938,0.0126594801413775,0.0326979357570667,0.7231806249575404,0.0736345939930431,-0.4863537445757638,1.0077902111365091,0.7297545219638218,0.1395281292167083,0.4950445809219487,-0.0153337054805954,0.0203072037782532,0.1502440389951596,0.3552868377556863,0.0917128749502222,0.2762252411723145,0.8700485917521733,-1.3369492292098963,0.7355524589196666,0.6572115262125364,0.3818400394610418,20902.73
2022-06-24 00:00:00+00:00,0.5044649072096474,0.0025718672001573,-0.0278730368855879,-0.0304111906056065,0.0016886786096417,0.0327381014199472,0.8485387478436808,0.0743329422104693,-0.0541796309750182,1.1461126807178217,0.3868046108684729,0.1343994478270061,0.4953418246631811,-0.0137139058397016,0.0090167240089287,0.1359901849837976,0.3389114717382335,0.0904175806242666,0.292014455341325,0.8599318164638506,-1.3020311618847566,0.7552489806424272,0.8382344178286258,0.3820964469420688,21121.55
2022-06-24 04:00:00+00:00,0.5036836587995693,0.0040627190788124,-0.019077138675934,-0.0243281617230632,0.0050966544159949,0.0321563491720962,0.7708159910431415,0.0749850604573217,-0.6112678452571465,0.8497072436516045,-0.1885015821169825,0.1314852266493573,0.4952929633447324,-0.0122091456868265,0.0121907717921796,0.137811000196339,0.3413431452623379,0.0902983279021792,0.2914991190063133,0.8615283397915648,-1.3458036697076772,0.7534904282389013,0.7070870296474628,0.3821956033427293,21047.69
2022-06-24 08:00:00+00:00,0.5022875960930415,0.004299811441631,-0.0085713475800163,-0.014968087687487,0.0124806036600719,0.0316293454206797,0.6499613887588249,0.0760585130749759,-0.3841176437259624,0.5975696592069999,-0.3661350907577823,0.1284694293136144,0.4951408819296851,-0.0108889871800521,0.0193963915967114,0.1443330971746448,0.3493748848108309,0.0905951525065744,0.2862230105264722,0.8666030673501435,-1.3212859559435846,0.7538373674808746,0.3568450487257627,0.3821866598815714,20886.6
2022-06-24 12:00:00+00:00,0.504236395199647,0.0042822396984676,-0.0182301878411829,-0.0253895757334802,-0.0003354150627383,0.030512172232772,0.7958118451128875,0.0761809471112649,-0.7712866634573069,0.7839626216241347,0.447922204881064,0.1237143989590948,0.4954759717518936,-0.0093862713066324,0.0062692283595253,0.1280244826314305,0.3304465179072633,0.0890858373460327,0.304236888696237,0.8540238261558497,-1.3716377355603158,0.7787598799552555,0.4461337530558266,0.3821778222615567,21147.77
2022-06-24 16:00:00+00:00,0.5014771270055384,0.0046597134606808,-0.0002132153612574,-0.0088119194293563,0.0142702348777143,0.0309282670551687,0.5960696498696788,0.0791357644335543,-1.6290866968144408,1.3169244618961775,-0.464415384615383,0.123296132195613,0.4951713725513915,-0.008058644106018,0.0207257320631972,0.1424354276425445,0.3476237676196325,0.0900444470603785,0.2907765497381598,0.8642007848969545,-1.4238750359919785,0.7840440640789633,0.390656370656369,0.3820596931821673,20843.8
2022-06-24 20:00:00+00:00,0.5044783166643438,0.0041768259891089,-0.0167939095403913,-0.0254823249431246,-0.0046234854181671,0.0299909632195385,0.8454826691239402,0.0760645520580048,-1.184458578425701,1.0164003543896507,0.8149137265538631,0.119901982629082,0.4956641015035901,-0.0066059196714446,0.0014971852893503,0.1193187265689004,0.3205794522792631,0.0879620367344764,0.3159960888648656,0.845857441826882,-1.383923614659445,0.7817462029512635,0.4138268629739818,0.3819297499312955,21235.15
2022-06-25 00:00:00+00:00,0.503936538375167,0.0045568670468673,-0.0115205459296519,-0.0215773556101482,-0.0029765799949702,0.0295621697966909,0.8329849977036873,0.075127389114427,-0.4501253398409617,0.8429222892894138,-0.0656934306569338,0.1199459639374101,0.4956675839155731,-0.0051740129284742,0.0029081620927582,0.1190037642506205,0.3202607029230913,0.0874890277239437,0.3176652077818958,0.8439547994923227,-1.3153487339324836,0.7334216731540003,0.1027493575134541,0.3817534683285501,21206.32
2022-06-25 04:00:00+00:00,0.5042534073377208,0.0043122888545834,-0.0119608664672238,-0.0225002169016901,-0.0058784613883353,0.0286072014604693,0.8761153187569445,0.0745674072005647,-0.0980074473939997,0.7424676209539556,0.2575642814430973,0.1212218420242538,0.4957774560780921,-0.0038152016943134,-0.0002382699012453,0.1137025491790086,0.3140697645045138,0.0866453965583713,0.3246408164273238,0.8381673905922142,-1.2842104884798635,0.7125658339640437,0.2699413276438936,0.3815189061542293,21272.06
2022-06-25 08:00:00+00:00,0.5059381169808713,0.0040758196496873,-0.01952350518929,-0.0304546326629951,-0.0158681058806857,0.0271853531936896,0.9746564001889488,0.0778694809140279,0.271461383383222,0.5174825423166508,0.5180817975024308,0.1231701002985804,0.4960649442101759,-0.002458345130111,-0.010509340112604,0.1004483699077691,0.2984420334445952,0.0851917010271044,0.3403819298948989,0.826113624215968,-1.2245297929772925,0.6963138365758949,0.7013636311152683,0.3812796028529345,21494.03
2022-06-25 12:00:00+00:00,0.5042164868706596,0.004062408285135,-0.0083639976356912,-0.0200973865579305,-0.0073561930476842,0.0267117997640695,0.8246047168520422,0.0830481825729358,0.4179791698018916,0.4058879986817029,-0.7180123196494154,0.1281855041089024,0.4958821493307894,-0.0011265038622724,-0.0021848603054648,0.1077770673444735,0.3070171263689618,0.0853377018266618,0.3337267751690897,0.8292796661659262,-1.1999563104185371,0.6410217174363083,0.2129177252296305,0.3809788683469431,21319.99
2022-06-25 16:00:00+00:00,0.5006835257495428,0.0028857203100568,0.0095839510581872,-0.0012455849540093,0.0106109674324221,0.0267082030364168,0.5869817185220537,0.0832050319048292,0.3118623866964668,0.6944994035640081,-0.8234578627280656,0.1265131696275766,0.4954669581433145,-1.6965495885381417e-05,0.0156880656890183,0.1260148841064863,0.3286000782162137,0.0863207057778888,0.3154637894316217,0.8405603245796854,-1.2051477531739807,0.5474366074216831,0.1165722102794588,0.3806816928751502,20940.01
2022-06-25 20:00:00+00:00,0.5030067361610243,0.0017541038995469,-0.0033943800210963,-0.0129150880666903,-0.0021129635010065,0.0256235229091163,0.7214660338786729,0.0806186703191066,0.8679276476386764,0.4497236274561036,0.7624051371862284,0.1224618906518759,0.495802559400976,0.0010297112206427,0.0027273454763168,0.1101302733176845,0.3099261449043067,0.084636400935746,0.3338073857971524,0.8257034604554861,-1.1441023457599226,0.4620155940308162,-0.0413678905687538,0.3803880343182655,21204.41
2022-06-26 00:00:00+00:00,0.5053080639824771,0.0018063784383783,-0.0137070176400653,-0.0234844316339171,-0.0142950146534062,0.0247690687858163,0.8482941389596818,0.0809043172961029,1.209294414083535,0.7322044732628471,0.6125767979761393,0.1227601641077577,0.4961509360515154,0.0021953186888126,-0.0097172301826307,0.0945616309048227,0.291452176134644,0.0829646093700294,0.3524612996270099,0.8104809342044824,-1.112043752233183,0.4332773455903183,0.3848956083513285,0.3800978510554554,21474.76
2022-06-26 04:00:00+00:00,0.5045148538782448,0.0017525329153122,-0.0087373568511537,-0.0187687695703787,-0.0109552830171592,0.0241327944197657,0.7873582813476153,0.0781289825684872,1.4961354826393405,0.4548533418694746,-0.2311429893567744,0.1243302277110406,0.4960968817290006,0.0033561635043541,-0.0065622357796512,0.0962454155673391,0.2932985390422058,0.0826085364263413,0.3520299455864512,0.8061135946026904,-1.0864564956100282,0.38458489745304,0.2026637868970482,0.3798111019584503,21411.58
2022-06-26 08:00:00+00:00,0.5040251031464568,0.0016140955614222,-0.0054549589390681,-0.0155855594838377,-0.0090610459089117,0.0231963446112395,0.7552753790252468,0.0692073252062532,1.609720580219047,0.3426442653988358,-0.1637337815832243,0.1249104664856672,0.4960769016939483,0.0044788708933069,-0.0048540892763064,0.0963379094323921,0.2932413615903431,0.0821336925944665,0.3534006814276437,0.798760630305082,-1.0748735004175587,0.3535344748958923,-0.1674965646655488,0.3795277463857081,21380.31
2022-06-26 12:00:00+00:00,0.5072220114382137,0.00134927131908,-0.019219120798449,-0.0290915415077818,-0.0238134979402027,0.0218340704680355,0.9749268217472692,0.0635442532608941,1.6933484133605596,0.4318347315631846,0.7961571800057788,0.1261819964749776,0.4965053201362709,0.0054631865609483,-0.0198526344090618,0.0780813854824895,0.2715262900232889,0.0802901106378509,0.3762862834074433,0.7772507334756913,-1.07379228456723,0.3449612859835878,0.4550570887070685,0.379240969228566,21712.9
2022-06-26 16:00:00+00:00,0.5027184117091388,0.001022119135355,0.0008230079412154,-0.0089558758141156,-0.0046227276394706,0.0226164483053632,0.6523263779425367,0.0596340780377975,1.8747950501436617,1.138843270713181,-0.5999416058394148,0.1319967969321568,0.4960371125074763,0.0065964668601483,-0.0007635821136817,0.0973386128614515,0.2940367070013872,0.0813988554360852,0.3551406136995491,0.7822099737960112,-1.0661706110802542,0.3707950350553947,0.3736749299865186,0.3785854112491076,21303.47
2022-06-26 20:00:00+00:00,0.5023296931299932,0.0001113854588025,0.0015362879112259,-0.0070267472759012,-0.0032067543039174,0.022297396220866,0.6118784758943907,0.0559752767585434,2.131173421810938,0.5399145125002792,-0.0953055117603502,0.1342088017046732,0.4960250354050746,0.0074724040883526,0.000510032367093,0.0972243248599398,0.2937813427072193,0.0809980859044895,0.3566595422296058,0.773361073819719,-1.035589446889797,0.3695518182718872,0.0958651390986982,0.3779317217452571,21275.27
2022-06-27 00:00:00+00:00,0.4995690753992187,-0.0007190081117537,0.0125746297162376,0.0051870832633749,0.0086738594016095,0.0221920325906508,0.3544935024811977,0.0497351551389318,1.54936637923388,0.988514203163652,-0.5321458213624456,0.1343610013362161,0.4957449341062188,0.0083765567749909,0.0122963599910812,0.1086839877625605,0.3071759762077128,0.0814480639958252,0.3444816164825282,0.7717885367307113,-1.0775060141070358,0.3776414305079574,-0.4844136673468495,0.3773285127858922,21025.22
2022-06-27 04:00:00+00:00,0.5011075004528637,-0.0016960835429163,0.0037240245750076,-0.0019021020466849,0.0015491516548755,0.0217932115185278,0.4461985157345863,0.0361458474995307,1.3647991878481232,0.95318962493917,0.5358122636613095,0.1311627031856667,0.4959540155455614,0.0090023112876378,0.0050329053115327,0.0994504122245052,0.2962343554289666,0.0804620189309908,0.3566390546423781,0.7597269056851412,-1.0847608505899482,0.4169204883432524,-0.2532680595012196,0.3768220024941431,21169.88
2022-06-27 08:00:00+00:00,0.503269821300733,-0.0017812987496589,-0.0060330343013823,-0.0110433224831342,-0.0080143426028694,0.0210065383276235,0.7104319307150357,0.0328781516229001,1.6238254294076455,0.6283294768269934,0.7798572621668881,0.1305017546869117,0.4962322135211189,0.0096693041155012,-0.0046937418352421,0.0873850076638615,0.2818531077730433,0.0792741705531345,0.3726409899283411,0.7462038258948003,-1.0492003064398776,0.4379946346011439,-0.0073695134863171,0.3763280044245398,21375.21
2022-06-27 12:00:00+00:00,0.5021556946436025,-0.001298127645772,-0.0006723980389511,-0.0060445931282357,-0.0037652090731249,0.0206405264397579,0.5698695209290257,0.0331710210753349,1.2584306918979544,0.90383999652687,-0.3148939388210325,0.1335776658282995,0.4961468497303148,0.010545801266203,-0.000579649684455,0.0902782629334415,0.2849959076254982,0.0791726144023932,0.3705083159351086,0.7423204323547485,-1.0847695228101883,0.4724981226473328,-0.4429046156426571,0.3758398525614383,21291.93
2022-06-27 16:00:00+00:00,0.4958251014267933,-0.0027426324955562,0.0238614652745112,0.0207495184649084,0.0235969104953972,0.0218678896521564,-0.2142898730264762,0.0357722324124575,0.7451261951095007,2.268626818691827,-0.751586960205427,0.1303546120702292,0.4954586450335559,0.0113308561032676,0.0267917108207516,0.1190716896640093,0.3189151422538907,0.080907882215378,0.3368955604648084,0.7560017251276341,-1.113373789404035,0.5563316054249571,-0.619438147076337,0.3754848366500737,20711.97
2022-06-27 20:00:00+00:00,0.4976873611238105,-0.0040000432146338,0.0124783454909578,0.0119481662394949,0.0155965780807951,0.0219023350190943,0.0440474571054456,0.0391351242838335,0.4963289062706623,1.1650962399458509,0.3472779369627481,0.1259215558764358,0.4956791067640405,0.0116107394097349,0.0187132403412615,0.1093996678585709,0.3075765619702573,0.0799495396106252,0.3495074905846879,0.7421487211787742,-1.1246109201719263,0.6079045308791232,-0.4088235294117647,0.3752608133816759,20858.27
2022-06-28 00:00:00+00:00,0.4962339944447979,-0.0044824942714899,0.0165581703980031,0.0175708568949306,0.0217789334972762,0.021685226193254,-0.0660743591292521,0.0422686582054164,0.0925601316317455,0.9565766375559652,-0.4844112886198878,0.1214160596513599,0.4955255765998125,0.0120944071072535,0.024850356615677,0.1151200981905955,0.3143180789300157,0.0801180463567537,0.3434420026426598,0.7344027654740111,-1.1723672192225196,0.5977966229353459,-0.3005980392156833,0.3750611880213347,20718.74
2022-06-28 04:00:00+00:00,0.4965038338112269,-0.0051281632902103,0.0128712356370688,0.0158102037573517,0.0208609317477617,0.021364196723194,0.0114422211861572,0.0472608593654091,0.3647477176099311,1.1519386849686215,0.0004811588330691,0.1208676946234444,0.4955591612864915,0.0123813187821854,0.0238882394097776,0.1132885259456042,0.3122298769732781,0.0797631953308633,0.3465324155457832,0.7224869693458226,-1.142935460084871,0.6058588646799016,-0.4264665576652249,0.3748754960160073,20718.54
2022-06-28 08:00:00+00:00,0.4984725716806861,-0.0048274360572974,0.0033184356688471,0.0069181288757924,0.0123429778341208,0.0208028733865387,0.2166348418471509,0.049492271290792,0.9053657626760672,0.7328392387102054,0.6851149969850957,0.1206332247987594,0.4957869366932912,0.0126512444966691,0.0152858345806017,0.1030109719580087,0.3000985049722799,0.0788124413507931,0.3605072122699475,0.7062202076586401,-1.0772118356072218,0.610373117558363,-0.4687691973272594,0.3747058253573206,20879.21
2022-06-28 12:00:00+00:00,0.4996502203944873,-0.0037198408271324,-0.0009059619960901,0.0020217858894486,0.0072385002500507,0.0205132289641308,0.3268447605404372,0.0496683272756378,0.9114153910653142,0.8998019426902942,0.2948442059959305,0.1135936815736842,0.4959434881993252,0.0130911744118889,0.0100777714571762,0.0961898697962977,0.2919020593798669,0.0780689231498719,0.3705454805413145,0.6912450487982617,-1.0654463420654885,0.6056779551528192,-0.3553203008904614,0.3745381626613539,20980.13
2022-06-28 16:00:00+00:00,0.4951372140897518,-0.0034438463657281,0.0172432617458915,0.0204431555999047,0.0259188305238466,0.0206693527714375,-0.0170975045610368,0.0517792750792029,0.4769918495863189,1.6919140068789902,-0.7092392782663888,0.1080515081258947,0.4954688756925208,0.0137370617573104,0.0287420945863454,0.1154235496838385,0.3144703382139837,0.0790487847287044,0.3463655715631941,0.6922376117483817,-1.0977347154023565,0.545881288228166,-0.1708191407537665,0.3743724841649298,20588.46
2022-06-28 20:00:00+00:00,0.4917815929804227,-0.0045559714052117,0.0290874829484104,0.0346276579224982,0.0413504599353204,0.0215192999702324,-0.2002944465033994,0.0587769893545386,0.0906802865457118,1.8562976936884965,-0.5833599488981184,0.1105472144524551,0.4950824074249673,0.0140626770223557,0.0442068020137067,0.1316302696587954,0.3336894676770925,0.0798727892398253,0.3259980135297393,0.6914581962482107,-1.124792985963644,0.5977994415329186,-0.5945308535092703,0.3742831255493654,20258.95
2022-06-29 00:00:00+00:00,0.4921162143153481,-0.0055542456920901,0.024023908717591,0.0320262896685423,0.0401870506879253,0.0214005210120781,-0.080304241057895,0.0680060767839196,-0.0590125620151,1.0731994394381987,-0.0147751686706052,0.1163418639955919,0.4951028949481572,0.0140528712140645,0.0430535962993146,0.1300087996094963,0.3319839638481807,0.0795559107468677,0.3283078888914446,0.679328278727453,-1.1417493948992727,0.6084240535531049,-0.4554906416721103,0.3743217752388685,20251.34
2022-06-29 04:00:00+00:00,0.4926174286218361,-0.0058517316452918,0.0194480629451303,0.0290456624059651,0.038406090976742,0.0208832780103794,0.004698891905135,0.0751111048303153,-0.0974815249766585,0.9308997084918176,0.0277821688270586,0.1222402462615674,0.4951434392159098,0.0140577996217419,0.0412749329820547,0.1276708811522773,0.3294055286761206,0.0792137247158329,0.3315634988962189,0.6663873177653923,-1.1442820336878696,0.5943647198557185,-0.4337400202406378,0.3743872293032965,20257.27
2022-06-29 08:00:00+00:00,0.4908309553180153,-0.0063879616187492,0.0247998043275798,0.0364004415180689,0.0472981196149977,0.0207327188404861,-0.041113052468418,0.0827542600628409,-0.3787769358941935,1.112798125059069,-0.4333789154309678,0.1303858759223716,0.4949153235069426,0.0141129910009397,0.0502177246252388,0.1370993175699373,0.3407704631940234,0.079765524459976,0.318900934197409,0.6593611404845763,-1.191678273812929,0.6324465428420152,-0.6297918615350694,0.3745185473832126,20051.94
2022-06-29 12:00:00+00:00,0.4920803990817438,-0.0066205501099362,0.017392653339364,0.0306364457516672,0.0429739530209822,0.0205674839623798,0.0602342144581931,0.0885610538128641,-0.3436762437191162,1.0901123319715076,0.1210347282651632,0.1412742130544947,0.495022393334254,0.0139444047026789,0.0459162064327676,0.1322675477705777,0.3353576273376013,0.0793851630620162,0.3250309878677907,0.6427431650486392,-1.18821424197626,0.6581151995430439,-0.6837584267917612,0.3747530957944062,20099.19
2022-06-29 16:00:00+00:00,0.492359277741913,-0.0063513969155352,0.0150005675835074,0.0291817052323608,0.0427492757323639,0.0203752339575139,0.0968625538712881,0.091993503270875,0.0177132861921808,1.7050954110382863,-0.0982358706305124,0.1525820935697911,0.495027096640968,0.0138635159634735,0.0457176545187318,0.1318279557638553,0.3350937120964985,0.0792332575119788,0.3252671979815282,0.6290786844596585,-1.1579913208723274,0.683054706231864,-0.5602066513191314,0.3750131665440009,20069.4
2022-06-29 20:00:00+00:00,0.4953607245979053,-0.0057721257656326,0.0011594829495698,0.0156849043193592,0.0301565560545749,0.0197034821896559,0.2529018672655619,0.0925002073611959,0.6681095319429032,1.0092354358929578,0.5411290733846729,0.1625913172463229,0.4953475709110479,0.0136293628045259,0.0331123631644132,0.1179489207053061,0.3189616166655293,0.0779134952547039,0.3448693201650714,0.6070652523046316,-1.0866278244615946,0.6268309358446132,0.0421378878301318,0.3752701594934965,20280.82
2022-06-30 00:00:00+00:00,0.4935344173863003,-0.0046012322956593,0.0093481239048205,0.023283466807914,0.0383543744930165,0.0200075236868752,0.1766860578248364,0.0905491794524823,0.8290194016554763,0.9198634757401788,-0.4820867215712799,0.1629220287499923,0.4951345345000683,0.0138027886237637,0.041327930927894,0.1263784040578679,0.3290292783135395,0.0780581176383448,0.3319919689526666,0.5965325433060216,-1.0640614685373573,0.6243870623509937,-0.2652175393204899,0.3755241110670348,20094.43
2022-06-30 04:00:00+00:00,0.4935013126726254,-0.0040386650679807,0.0087001804921051,0.022692087473316,0.0385372373160637,0.0197385073788035,0.1911761377168249,0.0907354012711543,0.8531827920655862,0.7267944856003435,-0.1436416052715855,0.1652449418976116,0.4951183184348726,0.0137759693767542,0.0415246646030429,0.1262878663266102,0.3291161397046114,0.0776140904542975,0.3313804872695632,0.5811983837182584,-1.0548691331144555,0.6146892915630612,-0.3318751276639227,0.3757750572576948,20059.8
2022-06-30 08:00:00+00:00,0.4863117525493234,-0.0045959599768877,0.03768963359031,0.0535326792825809,0.0712594416463703,0.0204233772359781,-0.1044464419739968,0.0972901124680877,0.2908985860860817,1.0642142229863718,-0.8447556615017858,0.1720985319604836,0.494275661296523,0.0140061422555583,0.0743909059386407,0.1618095307046967,0.3713754065066108,0.0797460793709936,0.2760955158394388,0.5825356932689572,-1.148426027257615,0.6228073816920592,-0.5774550793664999,0.3761502037465326,19408.29
2022-06-30 12:00:00+00:00,0.4838624771514401,-0.006966426442554,0.044257174136878,0.0647620781760136,0.0856884126393784,0.0222223339509173,-0.1190141501841546,0.1152187618106218,-0.480520578000758,1.5697356783981566,-0.639664915631965,0.1890027981076935,0.4939013630349962,0.013543733403198,0.089006891351451,0.1783605935614225,0.3916444696174022,0.0809896017737074,0.2482570992335643,0.5742064103443741,-1.217617667248051,0.6848175321419125,-0.6727052254965334,0.3769189094101564,19089.8
2022-06-30 16:00:00+00:00,0.4857073807865423,-0.0079964103752153,0.0332671551993848,0.0567145612815642,0.0801414143432297,0.0224343862140025,-0.0104084797409629,0.124506422120359,0.7345680155629516,1.840809176808922,0.0633901991193782,0.2066158883437677,0.4940168453650082,0.0128676673993088,0.0835779406928989,0.1731885298965894,0.386255065177191,0.0808559763113634,0.2523728720501009,0.5560598929882047,-1.1263198014560232,0.7217323136972076,-0.5662317645146331,0.3777887461555792,19128.14
2022-06-30 20:00:00+00:00,0.4841983464257384,-0.0083547582266014,0.0374506171792652,0.0631741676144272,0.0891349219685431,0.0227389054791685,-0.0407874777533309,0.1284567496401533,1.194390306590959,1.3798441287908674,-0.4998958935801081,0.2242151925042561,0.493770594675013,0.0123989818065441,0.0927281312073573,0.183769116327841,0.3994733597429074,0.081851572762482,0.2324496039054987,0.546780777488679,-1.0875758835406228,0.7771657775802074,-0.8236388485830067,0.378688469264253,18912.0
2022-07-01 00:00:00+00:00,0.496248649497505,-0.0078510462307762,-0.0177489862759194,0.0082251388340777,0.035037981494888,0.0220351954779676,0.3882707968873681,0.1301333652111562,2.4920468271930005,2.4564565225730544,0.6535818533497473,0.242542722460879,0.4951139533172546,0.0112211898273184,0.038577326295847,0.1257982283223491,0.3316548444539153,0.0780825274205869,0.3247403713710888,0.5050784714216451,-0.9578147636169532,0.966728397269939,-0.1646251614704011,0.3796462135251793,19837.58
2022-07-01 04:00:00+00:00,0.4943141445433459,-0.0027381457104335,-0.0005996837005695,0.0192711986194786,0.0447471466255944,0.0276246007900591,0.3188498176379293,0.1284994824210676,-1.1560609872707035,2.1582346905865317,-0.157835563193653,0.2293604977859199,0.4949163689533129,0.0117232939803593,0.048239108088806,0.1353602254780903,0.3428803993882432,0.0792486114029294,0.3051387169248817,0.4905898729025041,-1.1771989937824272,1.1584897940620444,-0.1841510063724482,0.3795995921007221,19641.03
2022-07-01 08:00:00+00:00,0.4937840423173354,-0.0019092105201644,0.0031163863105074,0.0222954102575088,0.0484210854428768,0.0297075898109298,0.3005044608124624,0.1274650752915531,-2.202145138223244,1.3673805663779084,-0.2645035093775144,0.2155772442559678,0.4948281063249293,0.0116118303906597,0.0519613446087887,0.1393923883483667,0.3480122942365822,0.0801270669066451,0.2937267303494558,0.4726945815345517,-1.2681744335219167,1.2264417196169817,0.0530700617921027,0.379417903497995,19532.11
2022-07-01 12:00:00+00:00,0.4906397125861473,-0.0015162194171009,0.0196538768008149,0.0388155397543938,0.0660403214095577,0.0302755994213254,0.1800114509792826,0.1295680017280995,-2.5725709139707518,0.9683895602259128,-0.4428521199335628,0.2041450115580091,0.4943922573326963,0.011619731824464,0.0696830193280655,0.1586469317203598,0.3711887335295765,0.0820877959364346,0.2524059593893741,0.4610508412853716,-1.3578771626432748,1.191226791476268,0.0332149021295646,0.3792383650840139,19168.21
2022-07-01 16:00:00+00:00,0.4923482773902904,-0.0010066781452485,0.0118765054336393,0.0304186306611864,0.0580037092174803,0.0303562668269166,0.2451620385649546,0.1255378582041278,-2.9020351357291974,1.5139485149812004,0.1894994840041247,0.1952881128905174,0.4945936660426043,0.0113568440959709,0.0616589112756493,0.1500076489281043,0.3613548349253743,0.0820746966369861,0.2629116294053038,0.4391546308448524,-1.3914436292122114,1.196449014324415,0.0635180655163164,0.379060951412431,19272.71
2022-07-01 20:00:00+00:00,0.4939307648922957,-0.0002574406948298,0.0046121037594228,0.0220446739653747,0.0496636231132066,0.0294836796378347,0.3112981097181424,0.114700990077199,-2.681999075735413,1.3075167796522331,0.4082237645171345,0.1856846441570642,0.4947947824469959,0.0111673274751389,0.0533134422904417,0.1409016740404423,0.3509015272580469,0.0820104791927446,0.2749757675522108,0.4160802745422117,-1.3838971457242697,1.222539239078967,0.2107036043197379,0.3788856373380407,19388.12
2022-07-02 00:00:00+00:00,0.4930802294460125,0.0004480677071018,0.0098775023192341,0.0263088668352389,0.0541367209538041,0.029067832781671,0.2700733109308166,0.1045450483559838,-2.7434401560641763,1.026013768875076,-0.2426577192328402,0.1743125534999298,0.4946773509328669,0.0111536263457149,0.0578168110055807,0.1456509371180632,0.3568178588708421,0.0828327729214537,0.2568209868314591,0.3963322466785278,-1.4151528372431132,1.0894448516040545,-0.2921572262909059,0.3787123980132185,19270.3
2022-07-02 04:00:00+00:00,0.4918056558428521,0.0003264219093617,0.0159861718792784,0.0325827480573328,0.0611296844583204,0.0285913399978852,0.2073668503798749,0.101533071286475,-3.031928667537227,0.6412435003370874,-0.528711749149978,0.1657409671940991,0.4944921425489603,0.0110466774463076,0.0648740570113874,0.1533689568256111,0.366353450445003,0.0834926705545556,0.2302085718798722,0.3787294879029543,-1.5214808248622114,0.9173835352444044,-0.6608106305847558,0.378541208884398,19102.02
2022-07-02 08:00:00+00:00,0.4922146586971737,0.0004235137025891,0.0130714118315158,0.0293873884206143,0.0582439439295874,0.0274640270285973,0.2357911803612047,0.0990630426295641,-2.924944144490748,0.3538094365209377,0.0556477072074561,0.1589589499645916,0.4945380294440443,0.0108664116120991,0.0620111104700302,0.150300239599755,0.3630902338222785,0.0829632778065416,0.2280020513790717,0.3599154258774737,-1.5798780450188543,0.791877236883783,-0.5085051952618258,0.3783720456885915,19114.06
2022-07-02 12:00:00+00:00,0.4930797411366016,0.0004892767134917,0.0082144478414665,0.0242591281609949,0.053353954693299,0.02645356195271,0.2842690354192306,0.0952847620857356,-2.7496303128556905,0.343709029972348,0.1630915451125398,0.1540492238408864,0.4946370855353817,0.0106647106924851,0.0571366373827375,0.1450627372788704,0.3572585176860567,0.0822263687602417,0.2297390621153769,0.3385899964221271,-1.6125275651037605,0.7141810259248168,-0.0106165781951829,0.3782048844499506,19162.34
2022-07-02 16:00:00+00:00,0.4939297528415429,0.001050817976759,0.0047364822020818,0.0197312964958182,0.0486495733911489,0.0257901540314788,0.3305406540612209,0.0915189664791353,-2.4350530834366806,0.544049890040592,0.1732516658814016,0.1472958622938329,0.4947406209355801,0.0105723984269414,0.0524251396146104,0.1398284686945949,0.3513380479257582,0.0814763953666033,0.2295885688880266,0.3144059356305566,-1.5815470864328804,0.5880157225706278,-0.081736387828951,0.378039701476368,19213.02
2022-07-02 20:00:00+00:00,0.4945770207571133,0.0016215570536349,0.0024747376337164,0.0163102361787421,0.0449259043388019,0.0247465519328976,0.3684265149806628,0.0882697154522162,-2.099865204558979,0.3782759692431637,0.1651913324112563,0.1400881953901894,0.4948199077727432,0.0105319651075837,0.0486885499578457,0.1355828353009101,0.346548959595035,0.0808012972156734,0.2218726141940721,0.2851006786708657,-1.5138367905717784,0.4577421315222752,-0.1959561256529736,0.3778764733561203,19248.29
2022-07-03 00:00:00+00:00,0.4942979413761766,0.0021137528380235,0.0041851942800579,0.016929034456363,0.0452604577190842,0.0238226755724779,0.3628531255465278,0.0842837949592475,-2.083729159335921,0.298044772902391,-0.2171645069185125,0.132466775818932,0.4947882773319809,0.0105603118799041,0.0490184635229842,0.135694283502026,0.3468968756487249,0.0803246767477331,0.1991974551400261,0.259192719379548,-1.5301645393825225,0.3508562500494061,-0.1272805139186267,0.3777151769545501,19210.52
2022-07-03 04:00:00+00:00,0.4950678957753254,0.0022763649832071,0.0010125563227676,0.013005761257306,0.0410275377796662,0.0227743421691976,0.4114578825448458,0.0794391188169748,-1.9902265960106345,0.3044539418864539,0.3076755342346094,0.1258365004157629,0.4948759734572522,0.0105207261101687,0.0447687657672297,0.1308840511920623,0.3414196297008198,0.0794737828822949,0.1983380838801118,0.2404537438686878,-1.5201588662653478,0.2995552459282675,0.3261241970021398,0.3775557894107871,19255.96
2022-07-03 08:00:00+00:00,0.493849389774939,0.0021089536513585,0.0067708684173013,0.0186203047743225,0.0467703885097559,0.0231959586016449,0.3358721702145066,0.070760947128555,-1.7777964309318128,0.652704610276846,-0.2258993516110991,0.1241171097610767,0.4947261631113086,0.0105403110013675,0.0505392313875041,0.1369889788061971,0.3489201014162209,0.0794939779609218,0.1563710859854809,0.2259755865195462,-1.495983959698439,0.3336986967555,0.0044276344424943,0.3775122797350821,19115.87
2022-07-03 12:00:00+00:00,0.493545504350681,0.0017408274024688,0.0070711455794516,0.019068245692394,0.0473680236832187,0.0228280117375481,0.3192025137116039,0.0635390149890571,-1.701845330775862,0.453556694528941,-0.2148589665368137,0.1237593181036076,0.4946817967186137,0.0104649738207287,0.0511548681795326,0.1375885458047483,0.3499251855605865,0.0791622726096846,0.142098479632276,0.2182962339929031,-1.480744429864311,0.3459796485715465,-0.1397931769402785,0.3775016523900227,19068.4
2022-07-03 16:00:00+00:00,0.4932036722617218,0.001562848145724,0.0078862558859584,0.0198178344200126,0.0481743278985078,0.0219464919007404,0.2922337116357104,0.0586131603374359,-1.7698265435182865,0.3899613168629584,-0.3190558878384467,0.1235522979757901,0.4946357082756502,0.0104162461490858,0.0519744156609776,0.1383704977735183,0.3511248893941949,0.0788246122948053,0.1298210508980183,0.2134754915197124,-1.5073659361041425,0.3234419418268358,-0.3101320459123313,0.3774911508139846,19018.46
2022-07-03 20:00:00+00:00,0.5003513773112642,0.002039414708008,-0.0189578529706756,-0.0084367827018014,0.0186759459656777,0.0208288161837982,0.758708933699364,0.0567851246537008,-1.6296161787482732,0.6445516219416454,0.8872800898356358,0.1200090877005469,0.4954302347521883,0.010193914003459,0.0223519386392077,0.1060040465188951,0.3128640486264264,0.0761958222243037,0.2600005570301834,0.2016602890971958,-1.484649345453222,0.3558895917386687,0.353554467653915,0.3774660327735219,19539.67
2022-07-04 00:00:00+00:00,0.4970988177389334,0.0029733444429287,-0.0042764357049344,0.0045430131145598,0.0310637256949177,0.0214351639715844,0.5163569358639352,0.0569484559125802,-1.6256353059511064,0.7711078294414964,-0.5973200402451275,0.1161650471130002,0.4950894643978959,0.0105226823499622,0.0347382199452688,0.1188595472437492,0.3281559519410573,0.0768271403469106,0.1960114016971503,0.1999951643945764,-1.4885228261328225,0.4160996923100002,0.0801310900320784,0.3770383409836015,19283.07
2022-07-04 04:00:00+00:00,0.4946007271083543,0.0029547363714191,0.0058574654668857,0.0142018613730758,0.0405190275831175,0.0211579273727161,0.3242997058120932,0.0567533265675866,-1.3663150911407544,0.4250694664171862,-0.6766610455312008,0.1102712974000861,0.4948190676723685,0.0107096922110804,0.0442049858115096,0.1287329486378285,0.339993743165683,0.0772603963606495,0.1487872789638655,0.2019869005258105,-1.4312768388622443,0.4342241843880558,-0.1989314316046978,0.3766138383043968,19080.75
2022-07-04 08:00:00+00:00,0.4950296468898776,0.0027318741828962,0.0039838391919737,0.0120444232199068,0.0379648245220296,0.0203222939496284,0.3255099076459647,0.0540202991086348,-1.2929114328763027,0.2238514002145793,0.1577905721482301,0.1028878743790484,0.4948665494562697,0.0107480878848971,0.0416246765551486,0.1256211156964639,0.3364300217594347,0.0767318225861384,0.1569959378167756,0.1995070729970343,-1.4203225966912527,0.3789491501367599,-0.0207423117709464,0.376194359390416,19099.51
2022-07-04 12:00:00+00:00,0.5048663403990116,0.0034108022289104,-0.0292060012580797,-0.0231035864999764,0.0008986196838594,0.0193895968377363,1.4571313678429636,0.0291352048404966,-1.0118441916876617,0.9547799258502692,0.9351053704962616,0.1010301853338603,0.4959324996043117,0.0106067148694448,0.004372523791285,0.0847493165333919,0.2878681666746765,0.0736017125619045,0.3421681434829138,0.1899458999015191,-1.3271747047533495,0.4191845450286586,0.8151546041454293,0.3757711339643191,19787.77
2022-07-04 16:00:00+00:00,0.5043650110463823,0.0049732154025955,-0.0240251617121148,-0.0210016595825196,0.0011864528375227,0.0201967868864308,1.2913885022107687,0.033846023715732,-1.266022701154356,1.30412363256986,-0.0225557809330652,0.1098914797204203,0.4959614171636678,0.0110865586334739,0.0045555114284805,0.0839240905595857,0.286632178409393,0.0733403594073245,0.3426394104824867,0.1871911522112666,-1.364264142932768,0.4958844818248408,0.6845867138357684,0.3748935390826475,19776.75
2022-07-04 20:00:00+00:00,0.504576170137523,0.0063140115959979,-0.0209162761379007,-0.0209797693896174,-0.0008831041072285,0.0206635407159643,1.1752099862485048,0.0410061996299158,-1.21115030296002,1.219265742102052,0.1158970167552031,0.1211421469159932,0.4960571986884871,0.0116228770084524,0.0023548825514887,0.0803668424854038,0.2820531042022196,0.0729586166211495,0.3568826787325302,0.1831502167145064,-1.354211717161857,0.5301997614762985,0.2569755877882635,0.3737450198876463,19818.19
2022-07-05 00:00:00+00:00,0.5092827597013578,0.0073331702719233,-0.0342808597295561,-0.0373149766110043,-0.0197743056194322,0.0202451390894761,1.3944372456610925,0.0501032632220097,-0.8044325571327068,1.428555519131886,0.6101633565200972,0.1334609478547623,0.4966798207123771,0.0120195255288147,-0.0167344864158953,0.0584936634321722,0.2556566555284885,0.0713665779008168,0.4676232388055337,0.1777611353839107,-1.2683490520709595,0.5657298031909278,0.7098346936111736,0.3725309156068491,20205.89
2022-07-05 04:00:00+00:00,0.5095202602882094,0.0087238691430294,-0.0304782832389786,-0.0371775319056401,-0.0224278272175744,0.0206369119925207,1.212739241320806,0.0646641786815595,-0.8636641884028544,1.2306615608027245,0.2264829051815778,0.1505149919842967,0.4968184433558814,0.012781695386162,-0.0195721048734534,0.0538117356261023,0.2494694514654696,0.0710861798896423,0.4916019767515864,0.1748004205411586,-1.2652039341032826,0.6261351597806658,0.857549245111317,0.3708975385992843,20278.74
2022-07-05 08:00:00+00:00,0.5074978276323219,0.0093506361464499,-0.0194413346500929,-0.0288606154690216,-0.0165339290764077,0.0203085685023372,1.0105592562012795,0.0764161221374365,-0.8488189197649209,0.8319203431179439,-0.3649603769543734,0.1675172107122846,0.4966858278817426,0.0136237587140958,-0.013831504936105,0.0583669985196624,0.2542171744431851,0.0714219336367524,0.4642230792880377,0.1750719445112619,-1.26290622564058,0.6735317260428761,0.788094470181202,0.3692612727789138,20175.15
2022-07-05 12:00:00+00:00,0.4979324571952294,0.0077716438058344,0.0160117861815716,0.0071746836298001,0.0189434525368576,0.0219488064377486,0.533716402549331,0.0807604354134267,-0.9684702297798564,1.3942660996563423,-0.948066462002478,0.1709093549717341,0.4956506271481108,0.0145122372201002,0.0216502032979859,0.0954005195216518,0.2977220121005073,0.0738308846635277,0.2665511435381472,0.1815649536626627,-1.314089114527476,0.6917135661103759,-0.3165138975408648,0.3676454428866206,19470.55
2022-07-05 16:00:00+00:00,0.4986230486112524,0.0049188118042045,0.0104501559899834,0.0044101172440647,0.0161845097187074,0.0222822848401405,0.5500943121545585,0.0798984340649712,-0.6411830314678633,2.147045696942376,0.1174075557335481,0.1643155117106015,0.4957512247155233,0.0145969429800583,0.0188483955119644,0.0917930746785833,0.2932780599955999,0.0735183646915324,0.2810549704923277,0.1809074514545807,-1.267477108765991,0.7534117502280554,-0.2279359899378792,0.3662128211201612,19507.44
2022-07-05 20:00:00+00:00,0.5096875316881966,0.0043149065830334,-0.032080195198043,-0.0381079583953881,-0.0279158759164979,0.0218155959839819,1.0831670970784952,0.0781139060791672,0.0474401288783571,2.288772322457284,0.8719950384910724,0.1631474681494285,0.4971479812948572,0.014363882668213,-0.0254623065294703,0.0432563029113239,0.2353661805799545,0.0701779823184435,0.5351514725975993,0.1724169267693175,-1.1430097075778478,0.8547305367856994,0.4755092584931571,0.3648160584951951,20392.89
2022-07-06 00:00:00+00:00,0.50602755720508,0.0055449256410352,-0.0154628583934607,-0.0242377934231896,-0.0162066728183356,0.0238034017993719,0.870844939584048,0.0871269751496614,-0.6396822882107362,1.766248765179485,-0.3423627832314641,0.1735585331617209,0.4968475643768356,0.015270622434167,-0.0138903800888704,0.0540047166331754,0.2473542394595149,0.0709604172446219,0.4758505468919363,0.1708186235185516,-1.2480848322489315,0.907664514557263,-0.0240900310971696,0.3630340724222298,20171.1
2022-07-06 04:00:00+00:00,0.5027004027061586,0.004824893694689,-0.0019044084618823,-0.0107276828154062,-0.0037515026307388,0.0243719883734628,0.7051062795252812,0.0902081844524534,-0.7719537296396298,1.1956753577798886,-0.3964444444444432,0.1780963395206017,0.4965097321973489,0.0159230128887123,-0.0015151993722043,0.0660136133695956,0.2610184599170522,0.0718524467388685,0.4079228119086484,0.1680386935884719,-1.2819375951467662,0.931796851340876,-0.2411057988684468,0.361257823033819,19925.39
2022-07-06 08:00:00+00:00,0.5048838415987084,0.0042762823894173,-0.0109783567852635,-0.0198728512250138,-0.0141495473919806,0.0243317534732305,0.799100916406103,0.0908890931596045,-0.5873091694166784,0.9222263375265124,0.48494990641859,0.1790254648182343,0.4968862447336765,0.0162239537488242,-0.0120483180333984,0.0535215956216743,0.2456590448133984,0.0710889934391924,0.4775608200151593,0.16318984524668,-1.2217980209806338,0.9719012383793796,-0.020946066276695,0.3595025946197032,20144.08
2022-07-06 12:00:00+00:00,0.5038578998443662,0.0039601975306859,-0.0060267004140631,-0.0152821152100399,-0.0107798526083687,0.0240005369302512,0.7393441918236129,0.0923001492969451,-0.7070965993282419,0.7876187445030127,-0.2247848807512454,0.1798689768087472,0.4968297330482024,0.016768947244883,-0.0087888650472379,0.0556898408034844,0.2475881829461534,0.0713090481624705,0.4627399673445136,0.1623594669286591,-1.2752441231806106,0.950205562036956,0.4207638670082342,0.3577681384077421,20086.55
2022-07-06 16:00:00+00:00,0.5039151771447329,0.0034720322087663,-0.0062037820878412,-0.0154596066061976,-0.0120245302264827,0.023605838765713,0.7339546797784193,0.091189868497147,-0.7178523034357217,1.4137852357502436,0.0878501902267933,0.1795810190599872,0.4969192890434917,0.0171947128912643,-0.0101452205580319,0.0529879776228889,0.2437657156417667,0.0711779372201646,0.4759067456484918,0.1612879714434499,-1.2666001239216325,0.9271469810983536,0.4851950060766778,0.3560542085698847,20121.91
2022-07-06 20:00:00+00:00,0.5055987531595091,0.0034901354142916,-0.0122429877927895,-0.0221239607277579,-0.0200516790205842,0.0230098909259163,0.8045046705808037,0.0886093493177716,-0.7808166070994721,1.408836202504655,0.50903916973552,0.1807824609406127,0.4972224190779903,0.017575009696509,-0.0183131624213697,0.0429039139581597,0.2311330793361703,0.0703421106287545,0.5337496272236979,0.1591208334274561,-1.2743589008987388,0.879022481744776,-0.0908870943350588,0.3543605621873222,20302.76
2022-07-07 00:00:00+00:00,0.5080639694638719,0.0037706997126868,-0.020786248394689,-0.0316673796050294,-0.0311481820419411,0.0223268164757187,0.9154157908524614,0.0857167826240546,-0.4367805741213862,0.9641913262706728,0.6436679673643109,0.184337572787585,0.4976356802981319,0.0179513425840703,-0.0295674283432505,0.029443191919009,0.2144418950308106,0.0691297757220283,0.6129397204113968,0.1570031897085677,-1.2096184792810498,0.8151892053538647,0.4257001102535839,0.3525783311488483,20556.8
2022-07-07 04:00:00+00:00,0.5066183814835125,0.0037998065905632,-0.0129892151024246,-0.0246748556540309,-0.0255758188006512,0.0219378447196727,0.8293938871043338,0.0848083331516734,-0.3474636463677673,0.6815204756617631,-0.4464327760772306,0.1887017937244491,0.4975054452635139,0.0186127213339067,-0.0241214589124663,0.0337139274508073,0.2186529261451364,0.0691451004122094,0.5835737502475716,0.1576590443691,-1.1822799926261582,0.7746545239042683,0.668474542536916,0.3506506290655914,20461.22
2022-07-07 08:00:00+00:00,0.5060353382549595,0.0032116794912845,-0.0098289345486937,-0.0213572610045064,-0.0232535337279753,0.0212675604243913,0.7870451491851772,0.0832834566218274,-0.273372657521805,0.4114741287378711,-0.12446908919302,0.1895776247962522,0.4974722763772456,0.0191079908157405,-0.0219093366892382,0.0347032800775948,0.2190476985938578,0.0688805732010583,0.5749145600689185,0.1575859023393626,-1.1496711876302184,0.7250344964557003,0.398256097391113,0.3487457403193617,20429.68
2022-07-07 12:00:00+00:00,0.5064142695121407,0.0029838038586801,-0.0102567280673258,-0.0220189686007937,-0.0250526415741919,0.0207133398169434,0.8003875189992213,0.0782293167395997,-0.2629162262991064,0.5975518842181664,0.2670544925691892,0.1910050473092348,0.4975799043009396,0.0195620028058932,-0.0238335970998315,0.0312309758512099,0.2141205723024515,0.0682851877511187,0.5949940103320023,0.156475378302219,-1.15479616466636,0.7126333804660738,0.5599431699469305,0.3468633949263502,20488.35
2022-07-07 16:00:00+00:00,0.5107049933451151,0.0031331528541432,-0.0258672619889162,-0.0382184992941693,-0.0425342939254086,0.0202055497104966,1.0480305960672736,0.0704438325513023,-0.2090903554846403,1.6454831580240454,0.6123213330275962,0.1954714912801043,0.4982296028573099,0.019748430701005,-0.0414705910912008,0.0110737806910734,0.1894858010923465,0.0666068901860026,0.720100678405598,0.1534476517559601,-1.1304736969370004,0.7655133478471374,0.8554637936023896,0.3448099035544724,20888.9
2022-07-07 20:00:00+00:00,0.5199555668930934,0.0046002318481501,-0.0579263343482517,-0.0727240091326822,-0.079199221001555,0.0203426361795274,1.5076830916446449,0.0727877743429188,1.9051432637902503,3.5850507109464966,0.8132374818661476,0.2076727901979198,0.4996254722879504,0.0197865490873526,-0.0783647504525515,-0.0297942182744473,0.140260650009331,0.0637533726431919,0.9905856302090548,0.1480308354243361,-0.931727524939046,1.1249163499900905,0.899044710960684,0.3420557670160344,21769.04
2022-07-08 00:00:00+00:00,0.5170993396163575,0.0068343966216194,-0.0427115585015471,-0.0618717413017089,-0.0715765219008151,0.0216654766883984,1.2065626986990483,0.0906299495889289,0.943008508941107,0.9490380838880283,-0.3889062989658513,0.2255475761912813,0.4994574463179875,0.0209905536731718,-0.0709773545798511,-0.0244196699429196,0.1451605789600327,0.064214862812395,0.9474925572424746,0.1506521950954274,-0.9940304436925914,1.1527339828862353,0.6753059622789577,0.3385680952480985,21657.39
2022-07-08 04:00:00+00:00,0.5209176453430711,0.0085322106876195,-0.0531080689321427,-0.0759761964918681,-0.0888209250630571,0.0218426163521955,1.2420176213375098,0.1076855466388658,1.0480505757180905,1.2850330522170827,0.5294947784363515,0.2463189642012449,0.5002223916711452,0.0217005645577176,-0.0884887036666888,-0.0453404412196472,0.119083292945294,0.0631470631317997,1.082811540883402,0.1499663342300128,-0.9500464880414058,1.2722450661698284,0.7430508354886247,0.3348838105584737,22144.89
2022-07-08 08:00:00+00:00,0.5154167255325551,0.0091635746042254,-0.0281963558861902,-0.0539793615600687,-0.0699557769532365,0.0226702184899002,0.9808489765555012,0.1237070303029246,0.8896577934896222,0.6648854168977627,-0.7078867716205594,0.2659419043125486,0.4996345749568687,0.0231660150749326,-0.0698565591393806,-0.0282847696477109,0.1375482320672825,0.0646859491367897,0.957770753946084,0.1549384396973374,-0.9873645570334096,1.326483364174874,0.6272854606523663,0.3311112657785194,21768.65
2022-07-08 12:00:00+00:00,0.5123678996124903,0.007855583663194,-0.0165655585618411,-0.042307890517566,-0.0601318846433629,0.0230850057500948,0.870716683857324,0.1319974428762458,0.893520677999011,0.6863786261597192,-0.3417746601672405,0.2742612061923097,0.4993725576587122,0.0241365278649632,-0.0602113342159127,-0.0202376352017787,0.1456259438029468,0.0655991399968233,0.8992403784034284,0.1568191448542391,-1.0032294440832783,1.3603965703253025,0.5192041935831427,0.3273833670754965,21596.69
2022-07-08 16:00:00+00:00,0.5144170594520245,0.0063391111185308,-0.0284173296346011,-0.0531313134601871,-0.0720771936678874,0.023124801411832,0.9442277754584918,0.1359112954107849,1.3212280790161466,2.3273144584196306,0.344243393717799,0.2784857903780757,0.499901267930684,0.0244657218269832,-0.072317107328775,-0.0347574105248091,0.1273474434368509,0.0648881777990701,0.9897739720905608,0.1548602128024551,-0.9463717163651746,1.531290798732457,0.6052066043504841,0.3236995860866401,21928.1
2022-07-08 20:00:00+00:00,0.5121358666776101,0.0055380101850547,-0.0192738082906335,-0.0440863579592856,-0.06472490971163,0.0241399627302166,0.865990260900593,0.139304030840327,1.3598154584518325,1.0671889848451757,-0.2760277763800089,0.2855364347703008,0.4997290753113295,0.0253481695325942,-0.0651408124912702,-0.0293117836164941,0.1323096032843587,0.0652901997342921,0.9508548352579116,0.1548547448830657,-0.9323377706877692,1.188518879067544,0.0345078647595067,0.3200594007020825,21814.58
2022-07-09 00:00:00+00:00,0.5087876157135338,0.0048299884063005,-0.0046925504850541,-0.0296874738625833,-0.0520720507246983,0.0238747633319236,0.7572600889735988,0.136842203401969,1.472484850053581,0.6751686141975313,-0.5243056340256258,0.2933555832847426,0.4993705902685246,0.0263640945432443,-0.0526659759481186,-0.0183960352820469,0.143600322421064,0.0659341731095839,0.876503489469204,0.1554788649854459,-0.9257096963447556,1.1641286554384953,-0.0565701457672881,0.3164622949908486,21582.54
2022-07-09 04:00:00+00:00,0.5083675975214886,0.0029525457102068,-0.0047429938221505,-0.0277787025882982,-0.050716694766311,0.0239671638599843,0.740714345530862,0.1323732089370155,1.6695804912120522,0.480904830404259,0.0740056818181827,0.294585390679344,0.4993998288408246,0.0268257817534445,-0.0514322284382229,-0.0187742575211585,0.1418884920726397,0.0657459164484271,0.8766531347069489,0.1540896518764527,-0.8928674489152186,1.0458317400466182,-0.5115745313278933,0.3129077591277356,21596.65
2022-07-09 08:00:00+00:00,0.5085687402614644,0.0014620487897159,-0.0064537147600147,-0.0276901892665946,-0.0510233700538192,0.0229516662801771,0.7370045157636466,0.1322247339124206,2.0524362869111914,0.3800975687034086,0.2149414103811371,0.2958136284386372,0.4994840287958106,0.0271953319925429,-0.0518507925828918,-0.0208056928173081,0.1382602284219916,0.0653467536148123,0.8903078374865553,0.1511487067631609,-0.8033642361404641,1.009539460903814,-0.1264957620076436,0.3093952893210525,21647.39
2022-07-09 12:00:00+00:00,0.5052621328451999,0.0005675061945195,0.0071790854738738,-0.0131467729814471,-0.0373214392500121,0.0223541832243698,0.6200401181307492,0.1298314405797191,2.2021194390919536,0.3862310920856794,-0.5846917869232112,0.2979390837917506,0.4990740720045373,0.0279813165873044,-0.0382776723701836,-0.0084414924911591,0.151309946803791,0.0658990067831364,0.8039904999692105,0.1528197251188474,-0.7962012784345545,0.9685598480581956,-0.220063985374768,0.3059243877412169,21384.83
2022-07-09 16:00:00+00:00,0.5067029873031409,-0.000531354096046,-0.0003903386479556,-0.0189132956165988,-0.0430834907352239,0.0220544793721467,0.6608348576285386,0.1232021082285775,2.338449202136465,0.4490426564494784,0.533872661026373,0.2936379863037195,0.4993455119989178,0.0280961676752793,-0.0441281703656522,-0.0159546758040065,0.1413344676202055,0.0650926307678763,0.8493525776970482,0.1520629974280939,-0.7178529643403072,0.6363267845774961,-0.5279064794354535,0.3024945624501976,21553.99
2022-07-09 20:00:00+00:00,0.50684781436883,-0.0010064881036385,-0.0016665754264634,-0.0192269236284261,-0.0437039682527113,0.0216386560946054,0.6604178722562384,0.1174361121512069,2.310853949229938,0.569805300921412,0.133682801695286,0.2918954525683677,0.4994402920328277,0.0283898027669205,-0.044849371047412,-0.0182375705665427,0.137382546858698,0.0645339871971709,0.8595762059967949,0.1526324113811044,-0.6894806309684238,0.5319374649194021,-0.2888587925012508,0.2991053273317891,21611.92
2022-07-10 00:00:00+00:00,0.5060857679010775,-0.0016319880866674,0.0008099142542223,-0.0155579935562356,-0.0402060613064323,0.0213223506794913,0.6237802768988578,0.109408088659438,2.1678309810760563,0.3588081338971251,-0.1837191578546249,0.2913091525118322,0.4993813487326807,0.0287284824132084,-0.0414418522219706,-0.0161663842356875,0.1385128020197676,0.064250614695673,0.8417831756966242,0.1542790043878478,-0.6841033091668749,0.46446935300384,-0.0037639218831986,0.2957562020227161,21573.37
2022-07-10 04:00:00+00:00,0.5025285433668559,-0.0030927179624798,0.0122782713238129,-0.0017279106234308,-0.0260832214579274,0.0215417106783813,0.477620674301337,0.1021714299071037,2.086164235082162,0.6731420140582983,-0.5736157337367604,0.2836084161046862,0.4989341068143943,0.0291794652183641,-0.0273811234156471,-0.0028549984184775,0.152786900666245,0.0647475588010998,0.7515277504371145,0.1569618098632181,-0.6684163343511705,0.4862176207105558,-0.3591644361689762,0.2924034057435511,21287.95
2022-07-10 08:00:00+00:00,0.5028821236687517,-0.004337866264813,0.0079567828856677,-0.0034110019693812,-0.0268481006336599,0.0210681958866361,0.4738008503372508,0.0941612123930143,1.909686901241154,0.3480897083044651,0.188547621354513,0.2725680061390266,0.499003455773196,0.0290926769870383,-0.0281701770039536,-0.004633336906991,0.1496683139514589,0.0643413776506059,0.7592094476512629,0.1570978785449161,-0.6712995559191635,0.4763873658803245,-0.3729896427324593,0.2890262074430842,21326.87
2022-07-10 12:00:00+00:00,0.5022031253633706,-0.0050971261342606,0.0082901730868403,-0.0010163655895777,-0.0236768251704786,0.020333965914815,0.422413960605457,0.0858664066758405,1.8655975355014136,0.2773929952493494,-0.1861580904402111,0.2629031820206136,0.4989329248495488,0.0291072009430075,-0.0250258055341848,-0.0023567109809492,0.1512350061943406,0.0642001751742174,0.7423657840215969,0.1580444784184047,-0.648022114134802,0.4544016695918632,-0.1185383451646697,0.2856889765025631,21279.23
2022-07-10 16:00:00+00:00,0.4975091199618056,-0.0064153800082697,0.0231040770731802,0.0165730984328262,-0.0051176377705901,0.0205052856820301,0.1474760387499409,0.0763623165365185,1.6271489313723675,0.5874280739813168,-0.7523318701990918,0.2486115903612562,0.4983207561280543,0.0294133897826481,-0.0064810536436069,0.0159277085714599,0.1713842008961097,0.0651784592465759,0.6263334096223317,0.1612966686252647,-0.6779990049884217,0.471132548436124,-0.5780119423955058,0.2825736189963357,20893.75
2022-07-10 20:00:00+00:00,0.4975020652394791,-0.0077540288865527,0.0187581121655944,0.0156192680176709,-0.0042419125516427,0.0207107605420649,0.0859509829764962,0.0690541864249699,1.656200875929675,0.538035468185954,-0.0427260069104216,0.2348369606241276,0.4983087158296059,0.0290398827260666,-0.0055637496111219,0.0164308205332452,0.1711447750295522,0.0651558888566495,0.6198511441383612,0.1614253643857798,-0.6609317598626434,0.4601925452871297,-0.662574528923084,0.2798837348700661,20877.39
2022-07-11 00:00:00+00:00,0.4967938674141115,-0.0081660201077499,0.0186907309719679,0.0177503080607708,-0.0006519009951833,0.0207707082897475,-0.0189396839910601,0.0631334802493285,1.6286350590591774,0.6180140333591833,-0.1488070837091055,0.2199411534809854,0.4982101899385727,0.0287899561019025,-0.0019458205591961,0.0196334575372649,0.1739775643729531,0.0652105668314105,0.5975960344021837,0.1621352312214747,-0.6454684552823519,0.4985401305408014,-0.7979087174996331,0.2772344425436822,20806.95
2022-07-11 04:00:00+00:00,0.4936723965633856,-0.0092068785065591,0.0271722746072173,0.029348122821571,0.0128144809606478,0.021209381537812,-0.1399496538600498,0.0715277859435496,1.718143974607235,0.8253352254768075,-0.7408894218236681,0.2087671034787298,0.4977671055018529,0.0286381353614522,0.0115738654145716,0.0332484617056021,0.1889439729050421,0.0658745075475356,0.5134011805253141,0.1643937429878244,-0.6166092998650841,0.5076225417699163,-0.7885661214591585,0.2747580949626209,20523.79
2022-07-11 08:00:00+00:00,0.4929073513515484,-0.0100227956205562,0.025947229888146,0.0312228769467719,0.0169369598591755,0.0208868139140014,-0.0760530413776244,0.0829963759749675,1.488639370772146,0.620892191058188,-0.3913797274413335,0.2011668661940913,0.4976292749419144,0.0281234420120936,0.0157808327289403,0.0375131566975985,0.1932282425301361,0.0659923306377097,0.4860553712281236,0.1649594526578446,-0.6392150887273312,0.5312348682936677,-0.841964562091381,0.2724661206077277,20428.18
2022-07-11 12:00:00+00:00,0.4934482920342172,-0.0098688562260197,0.0206231765231075,0.0277396254513859,0.0154081313655607,0.0202240541356427,0.0036620584919413,0.0873185717157737,1.5077629245376898,0.5783548080101839,0.0952380952380999,0.1941496865816921,0.497677872425896,0.0275086771588481,0.0143307211185153,0.0359321405585053,0.1907550672657867,0.0657254464384381,0.4939150323716329,0.1642783391687624,-0.61397834633862,0.5590874052870841,-0.8412593660527558,0.2702518292149935,20449.09
2022-07-11 16:00:00+00:00,0.4934791808319075,-0.0096330239297948,0.0182605486798101,0.0270147324275673,0.0165897726197996,0.0201266751278935,0.0436461829641525,0.0911539791395242,1.3231988912097403,1.4361162695502956,-0.0739714784036101,0.1869342186350757,0.4976414704382264,0.0269384123648714,0.0155941011378544,0.0371912400354628,0.1915853354239636,0.0655952367253139,0.4852953254867311,0.1638028454531676,-0.6318497389027756,0.6367108177622496,-0.5244685840177096,0.2681252430632532,20413.08
2022-07-11 20:00:00+00:00,0.4949110691632545,-0.0087448450030149,0.0111935117099044,0.0205716220624776,0.0117431927724342,0.0199711284257929,0.136365564451135,0.0948767145367476,1.3781194152507137,1.4572453937481384,0.2930938044944494,0.1798339564121852,0.4978050812201881,0.0262733597019594,0.0108215092174472,0.0322098505240968,0.1852110703826841,0.0650687343606636,0.5136241250745017,0.1624764346640209,-0.6165949347592502,0.7276879763086599,-0.4123395390941116,0.266074568466548,20501.48
2022-07-12 00:00:00+00:00,0.4885089714720533,-0.0092031134488029,0.034128793382399,0.0458570907856183,0.0390185126627988,0.020861698748374,-0.0710624751647921,0.1052022159288096,1.2078615530577337,1.907119191929786,-0.8211322309186113,0.1771733175511825,0.4969056372305465,0.0262402848105378,0.0381829897142957,0.0603636557821707,0.2170427619830992,0.0666406167360855,0.3474312633727386,0.1669900821330761,-0.6327066978936389,0.8580579683327835,-0.8951594544814852,0.2642294400689347,19942.91
2022-07-12 04:00:00+00:00,0.4888171022125683,-0.0098965345037724,0.0284942268029713,0.0431374735791403,0.0390526888786735,0.0210044715876001,0.0017267555064591,0.1146145503776775,1.529867535397487,1.31381861404938,-0.153021579366187,0.1813905217278943,0.4968779087368409,0.0253266417552968,0.0383645954662239,0.0610692955789526,0.2175288889241986,0.066537444895445,0.3396661986241883,0.1675527245588319,-0.5753583627431605,0.8817612162627269,-0.6361498943530668,0.2627570269375912,19911.06
2022-07-12 08:00:00+00:00,0.4868217853618314,-0.0100117544861319,0.0332555956660765,0.0500505370766464,0.0484245231466389,0.020686886206274,-0.0244458657687753,0.1207546960758814,1.5107029970627988,1.181597642614093,-0.4702680729013734,0.1853537864534286,0.4965543127356382,0.0246680295439753,0.0478716256842597,0.0712870638368314,0.2289255720472496,0.0670476838366149,0.278601828235875,0.1696047306020129,-0.5643507799666414,0.9307616011068344,-0.6341109401231091,0.2613570682351165,19702.83
2022-07-12 12:00:00+00:00,0.4886797474496861,-0.010055424176778,0.0227149484306004,0.0415671403846684,0.0426075554845943,0.0205062762180522,0.0759051070618653,0.1289409368710219,1.6175399115702642,1.2066899030120626,0.2649962307499005,0.1924608089801319,0.4967097393869414,0.0235682764546006,0.0422155069707979,0.0661680800313559,0.222825730831947,0.0667116345248015,0.3029206341799028,0.1695086455693173,-0.5174507455168377,0.9920695541593338,-0.5600316416170543,0.2601620647697691,19776.56
2022-07-12 16:00:00+00:00,0.4906818163845233,-0.0088973366621825,0.0143202942610256,0.0333854897521177,0.0363052788477489,0.0203538626326419,0.1528145258455889,0.1311792913137924,1.6233468772121762,1.9739689285551985,0.2739389582771719,0.1946925104155829,0.4968976380173977,0.0226317512193857,0.0360384770429236,0.060287206692642,0.2157499764263071,0.0663156531267219,0.3320727046657366,0.1690255775675482,-0.4977464520970579,1.043529536170398,-0.4728311850745241,0.259006640284071,19868.02
2022-07-12 20:00:00+00:00,0.4855389273808966,-0.0083399902355687,0.0346626069328848,0.0547617708359498,0.059735994165937,0.0209069188471608,0.0121426454633221,0.1352277220228884,1.0235821319291836,2.8190709173465325,-0.610420420809725,0.1966834842345571,0.4961399237267545,0.0222947192907639,0.0595967731276871,0.0849329458554541,0.2437269002451745,0.0678230176035553,0.1938176196913964,0.1735603447812984,-0.5764818554714486,1.2142798766188938,-0.8611999937565344,0.2579117248683565,19397.56
2022-07-13 00:00:00+00:00,0.4854808634172385,-0.0085739036687628,0.032844983754664,0.0549698935294376,0.0626013209103679,0.0215642733916187,0.0329518818209874,0.1404428085157789,0.7134031207085769,1.4310295477564607,-0.3114861758718114,0.2051420394614161,0.4960218931899407,0.0213094425476581,0.0626368525848168,0.0889249795808124,0.2482130679800618,0.0679605747320176,0.1687320253412956,0.1752791758247373,-0.617133030368206,1.1759252454027709,-0.7904413124699472,0.257095649033357,19302.71
2022-07-13 04:00:00+00:00,0.4881319736216695,-0.0079337053391001,0.0197446513733543,0.0425047651791736,0.0522558636865857,0.0209513180488628,0.1250334428239557,0.1375465424373399,0.94142645280127,1.1545349548901112,0.4587921568627387,0.2120460738858404,0.4963052151859493,0.0201462725019078,0.0524482499619058,0.0792699816514841,0.2370277866707819,0.0671336321538787,0.2166980389973513,0.1749063403569206,-0.5607264805501396,1.1911614063410478,-0.56581462163529,0.2563057486593339,19452.19
2022-07-13 08:00:00+00:00,0.4919869041654683,-0.0066729277255055,0.0033124399249147,0.0255447299734905,0.0368192979730905,0.0200048675031582,0.2489608720919384,0.1299244360004969,0.9768731953695914,0.8512911177674979,0.565825954744657,0.2158836625903181,0.4967616542022237,0.0190164783782629,0.0371417340674506,0.0642141733914918,0.2195987958047704,0.0659714264570089,0.2942224241065568,0.1734679195894632,-0.5300103435702934,1.1844870833866052,0.0032362459546907,0.2555251963394553,19705.34
2022-07-13 12:00:00+00:00,0.4940223318525231,-0.0044374564248417,-0.0028541629433448,0.0171574644716294,0.0290278041292408,0.0200087560219132,0.3187017056359219,0.1218194599702452,0.7734199968809552,0.8425933008638344,0.5036892274558333,0.2106110241864114,0.4969994401134294,0.0182872462207848,0.0294295787495921,0.0565874153572389,0.2105149422565857,0.0652607006506701,0.3330096637677652,0.1727099983225162,-0.5779701094841571,1.174613762361027,0.0663803833706724,0.2547538814444329,19829.89
2022-07-13 16:00:00+00:00,0.4908357058343888,-0.0041861781637274,0.012712969223269,0.0334361585367826,0.0471563284688683,0.0228132450457431,0.1921232266797533,0.1210006581369617,0.4439539265376241,3.908142504755751,-0.3173386325653329,0.2123668781282737,0.4964346808544861,0.0177628387149306,0.0477011316906472,0.0760491332703279,0.2326893233439577,0.0664489382875491,0.2259862597087467,0.177158772969126,-0.6303602015757793,1.5737963984886711,-0.3493502066201601,0.254192259032836,19448.26
2022-07-13 20:00:00+00:00,0.4937714259611565,-0.0024621709157255,0.0024937493039072,0.0212180601450644,0.0353756513255545,0.0242058933897163,0.2920402960821073,0.1097661739033708,0.7950925483886268,1.6907964566237983,0.2396797567524506,0.2095095115895713,0.4968110235214913,0.0169833645886756,0.0359954808858209,0.0643550477488366,0.2189892673955722,0.0657348294804212,0.2850122906179528,0.1758984435198852,-0.6028979461548241,1.519196388668896,0.2044001363609924,0.253683280243214,19643.4
2022-07-14 00:00:00+00:00,0.5004437005942489,-0.0004004257790853,-0.0237453050543621,-0.0081506794901373,0.0055814968233987,0.0237670949069934,0.5891510253312352,0.0974312243587412,1.2287942277666577,1.114417292315815,0.7377521613832884,0.2027178893170255,0.4977942353982235,0.0160892160776301,0.006229877188042,0.0338681509221767,0.1836673340929104,0.0638773279132356,0.450560866146798,0.1710075777115286,-0.4976058920415148,1.5289201296586687,0.6260260928192609,0.2531099097109834,20206.62
2022-07-14 04:00:00+00:00,0.5002669182572028,0.0023571699514846,-0.0180879210139207,-0.0067198080054212,0.0059441153972672,0.0241765641393286,0.6060416307771958,0.0910098869804477,1.1781606774366442,1.0428539606048652,-0.0446888432792506,0.1889093083157427,0.4978006008572158,0.0159803617332501,0.0065787785275919,0.0338775727673812,0.1830426044977713,0.0640379490833574,0.4495885644987056,0.1705983212991044,-0.5054520931247095,1.5629150175007136,0.4916454224840518,0.2521386897739647,20196.7
2022-07-14 08:00:00+00:00,0.4980853936502767,0.0034726398793339,-0.0059132632561605,0.0032888293658488,0.0155717977013889,0.0239967447101444,0.5217606671891684,0.0820809830345324,1.0258423010676432,0.6790070648859732,-0.533114409562589,0.1788341678435107,0.4974853349159427,0.0158899091590361,0.0162254509741341,0.0436369801196323,0.1936725334901432,0.0648128591334825,0.3932057844617886,0.1720553239443548,-0.548785903463031,1.569837562118808,0.1928091193680917,0.2511747332638337,19995.54
2022-07-14 12:00:00+00:00,0.4953227414574557,0.00319924238145,0.0067298052765947,0.0157127992729975,0.0283871919267053,0.0240852166230701,0.3746423833741176,0.0774074671598782,0.9653301239157762,0.6404702174669497,-0.6656074309459885,0.1743555173059525,0.4970603861212687,0.0156630673618509,0.0291003312912798,0.0570009135021938,0.2085676856100324,0.065827063051813,0.317860667734806,0.1743302473823535,-0.5556366302021367,1.5694574700520278,-0.0681773151756109,0.25022218467038,19726.69
2022-07-14 16:00:00+00:00,0.5030970113218847,0.00319376099785,-0.026424479840525,-0.0185615093920422,-0.0063315474733386,0.0229292872146109,0.8519248333852577,0.0712398759862945,1.3928328002017132,1.6248934132789854,0.7953749704282024,0.1701997593323649,0.4982304568114996,0.0147890174214057,-0.0056066124140772,0.0214015079517857,0.1674459960828833,0.0636754286914417,0.5165081715675237,0.1682167715007194,-0.4790186658339494,1.2728002977752986,0.7653033302750827,0.2492772846119825,20398.83
2022-07-14 20:00:00+00:00,0.5049117691392803,0.0055239355430315,-0.0296246873634906,-0.0261274874480044,-0.015775942675674,0.0241590743691874,0.989651829308086,0.0710768689089803,0.961783304362396,1.948718289400208,0.2752678464745167,0.1638253865226876,0.4986016255351643,0.014777814785378,-0.0151202129082693,0.0109534595840519,0.1547136905926869,0.0629542652993964,0.5779561918587498,0.1661382206905489,-0.5172087267247881,1.3897318575701672,0.7248156692450392,0.2479589347109857,20604.83
2022-07-15 00:00:00+00:00,0.5044727547968259,0.0068327313639366,-0.0233094112424042,-0.0230106613742334,-0.0142512192103302,0.0243299650141078,0.961942974913518,0.0726617343566922,1.4133721923612277,0.5348760502529942,-0.0657714783041146,0.1603843484512225,0.4985782181902445,0.0149236975733048,-0.0136552680959509,0.0117832030468871,0.1548628815772337,0.0630161172776603,0.5739180399993004,0.1654762153118196,-0.4409149744908089,1.302132307887644,0.2916546840873922,0.2463184716627323,20583.48
2022-07-15 04:00:00+00:00,0.5043265960769042,0.0073192015870241,-0.0197869256084489,-0.0216902197408749,-0.0142940079877409,0.0238584330236057,0.9675252883540508,0.0727554737691352,1.5226760868581637,0.677682443180286,0.0234813795592443,0.1577250399498421,0.4986115118280203,0.0150096783068022,-0.0137510460589431,0.0110629632519869,0.153262297018027,0.0629800942827197,0.57893251229465,0.1646445907135568,-0.4086008771522552,1.251892666790504,0.306865434987057,0.2446974226290836,20593.28
2022-07-15 08:00:00+00:00,0.5062783480797978,0.0077013628488197,-0.0251253595784043,-0.0292233234183054,-0.0234117205586139,0.0232688121504772,1.0511484766704726,0.0771768904932681,1.8310462796905231,0.5164824657598124,0.4806026538886838,0.1574416342663372,0.4989725611075023,0.0150250697141985,-0.0229402541288932,0.00091603708167,0.1408525897753492,0.0623523063812509,0.641981679072648,0.162206203601641,-0.3105681097507359,1.2314615088674057,0.6121204703146387,0.2430916335206783,20799.16
2022-07-15 12:00:00+00:00,0.5053848891402974,0.0083933801610674,-0.0177887988708904,-0.0245543094050626,-0.0206184181798682,0.0231821310211087,0.9430310517521798,0.0868709994529304,1.7335789017792178,0.6178051810664499,-0.1156205465022611,0.1613396642981404,0.4989193828648665,0.0153484479022781,-0.0202382431863333,0.002752399236654,0.1419923719086164,0.0625229167858083,0.6329562734301121,0.161634138799273,-0.3169294914942975,1.2365445303316314,0.7248438681491047,0.2413457262727646,20761.7
2022-07-15 16:00:00+00:00,0.50490510648355,0.0085724382452079,-0.0131740934167831,-0.0219649648787402,-0.0197918867641015,0.022639391782613,0.8815107208197618,0.0950762635252908,1.3762381680849145,1.1096970684986325,0.0294045876037073,0.1658477205076286,0.4989391572920841,0.0156381824890294,-0.019503174037894,0.002567039795998,0.1408130071199138,0.0625130937808973,0.6353436352913578,0.1612690394874914,-0.3512758345954677,1.1523675941041074,0.3935505871821638,0.2395321068700986,20766.79
2022-07-15 20:00:00+00:00,0.5084390532869075,0.00806480992879,-0.026490472207279,-0.0362945126846124,-0.0356013266912117,0.0220511093514214,1.006417582309871,0.0986915673737367,1.5991675008652235,0.8919255122449007,0.6582400758210876,0.1681560294889887,0.4995589466775165,0.0156058745112602,-0.0353965603531564,-0.0145351705106238,0.1204267438715633,0.0611557473935436,0.7441747173265743,0.1582300641975804,-0.3166497429241204,0.93190031828323,0.6449040464422595,0.2377142924568287,21127.87
2022-07-16 00:00:00+00:00,0.5049109111213176,0.0076602541384738,-0.009618925225549,-0.0204670973390279,-0.0211766229073777,0.0222902893070524,0.8239287922930193,0.1056607061407905,1.6818937238766392,0.5813963078799035,-0.657667264105998,0.1729035269727584,0.4990766007312695,0.0160720831688891,-0.0210511771783555,-0.0007687158247045,0.1351145506053455,0.0617405656472908,0.6594045358110845,0.1597100312475478,-0.3056781627383981,0.9387310870104384,0.3087108855865654,0.2357597215028965,20838.39
2022-07-16 04:00:00+00:00,0.5036399812352503,0.0062856013295965,-0.0041543201968715,-0.0144698789801728,-0.0159129531559194,0.0219829347268925,0.7544168238226244,0.1072832050940892,1.6447350546396746,0.3523701470021627,-0.3792396643075431,0.1731875156255229,0.4989187635215985,0.0162281424917796,-0.015835423311823,0.0039075447740875,0.1395767192911456,0.0617472353626917,0.6322898440820997,0.1594648460258319,-0.3030895161964028,0.8631806193582426,0.2082530372852921,0.2338257603740759,20739.67
2022-07-16 08:00:00+00:00,0.5012658514483931,0.0047768067601084,0.0052635472430753,-0.0040471523223697,-0.0059181576064061,0.021414666276201,0.6423946010784094,0.1042536595852312,1.5384703416161312,0.3599093086114232,-0.7221720437877047,0.1712043087621086,0.4985868521143596,0.0163873259303511,-0.0058730360048542,0.0135301017616504,0.1496942256611877,0.0620123357985928,0.5743684535538804,0.1598888283040908,-0.3123117147611113,0.8220350810868385,-0.3598267701233977,0.2319523147161758,20539.79
2022-07-16 12:00:00+00:00,0.5020455860984664,0.0034946672106601,0.0013215713063696,-0.0069584874408307,-0.0091533705724141,0.0205901250533976,0.6578164202647925,0.0984979011265381,1.3581057152309737,0.2310090065092941,0.5354004429520733,0.1678879650164675,0.4987220594284763,0.0163104789696651,-0.0091376261565536,0.0096921600089894,0.1445482069068409,0.0614692426536481,0.5999619866096606,0.1581466705805077,-0.3406650641580166,0.7360570732361145,-0.1976736115930761,0.2301592828345965,20614.74
2022-07-16 16:00:00+00:00,0.5058775533277191,0.0030161572746706,-0.0135752746558625,-0.0217142136637845,-0.0245456711744332,0.0196639945695861,0.8079820724245218,0.0923947963492035,1.5495729182574922,0.534770446842761,0.904825379898701,0.1679294045626305,0.4993153050540413,0.01612874352284,-0.0245784669831695,-0.0066893832958656,0.1251182004376543,0.0601649628700534,0.7071386189048413,0.1545265258862778,-0.2996984815225986,0.6010760185185873,0.2600807850866828,0.2283874705392629,20954.09
2022-07-16 20:00:00+00:00,0.5075262509252095,0.0042410080585853,-0.0177732659016957,-0.0283173361786008,-0.0329592812435766,0.0206410477269519,0.8638916379222914,0.0957509808186549,1.5801314328570886,1.3834777772314442,0.327897752313793,0.178820534849771,0.4996923018793494,0.0163818533768016,-0.0331061829338418,-0.0165159372482996,0.1128648197009885,0.0594278201526076,0.7739333597201723,0.153028745429621,-0.2835281986857338,0.6745321408805838,0.0387975821534724,0.2261643490719398,21171.21
2022-07-17 00:00:00+00:00,0.5072445768743069,0.0043714653774278,-0.0152545603009814,-0.0268138691889097,-0.0327517190438175,0.0209470291785715,0.8591729161712095,0.0882571531367273,1.3981613395555164,0.5874144666615327,0.0552089241822665,0.1856525891333698,0.4997370317660837,0.0166572321200714,-0.0329881244075391,-0.0173672676935829,0.1108543291636932,0.0592758035284324,0.7816353555460398,0.1527674626123882,-0.2960660422671043,0.6538991485759146,0.3230571844195263,0.223880730156251,21195.28
2022-07-17 04:00:00+00:00,0.5081979076557934,0.0043146804328951,-0.0175676869096726,-0.0298609504378566,-0.0370029313807052,0.0203554080865965,0.9003661222541562,0.0840390804669779,1.4876635948461254,0.5341177922973637,0.3368432362737676,0.1917225233649927,0.4999515355311664,0.0168546923107485,-0.037327389774305,-0.0227545405925938,0.1037044048316251,0.0588496772291146,0.8188085678054118,0.1521424788948482,-0.2778540471929498,0.6677050017413693,0.523134888007443,0.2216241366655043,21318.67
2022-07-17 08:00:00+00:00,0.5094834064548625,0.004565847489205,-0.0206367300810682,-0.0340887597466352,-0.0426417598825653,0.0200486981455373,0.9504190139248118,0.0828145749392447,1.4485399642488035,0.579721784310772,0.3670093671464484,0.1995247983476793,0.5002291481182919,0.0170994862909461,-0.0430683145130873,-0.0296792037795945,0.0947537205191391,0.0583317759122296,0.8672994830570939,0.151341698858468,-0.2700355315319697,0.6875804537265123,0.8325246586743655,0.2193683203372506,21480.07
2022-07-17 12:00:00+00:00,0.5087884075175836,0.0042797794115372,-0.0169084102462342,-0.0308311301567464,-0.0405549027673818,0.0200009027979501,0.8993557312745802,0.0853286119907776,1.3207309733300032,0.6014761333915254,-0.0381867307115017,0.2078394662091544,0.5002053803339572,0.0174174780082858,-0.0410735460213128,-0.0286718711943699,0.0947882018942942,0.0582774325508968,0.863328024540842,0.1513732385858666,-0.2775393552583043,0.733490036580817,0.7881513561533575,0.2170443951297165,21466.39
2022-07-17 16:00:00+00:00,0.504792114860897,0.003426757358236,-0.0013529043288598,-0.0149436032051136,-0.0255172037405873,0.0201248776542684,0.7065514122838895,0.0840282435104764,1.3093755619464662,0.6602120722540227,-0.7307288487364204,0.2120797846531814,0.4996792123206296,0.0178614422824121,-0.0261130302795724,-0.0143845901026431,0.109846475049242,0.0589358001216007,0.7679244377649057,0.1540134085087188,-0.2743705257704852,0.7305351066891598,0.2727885937995986,0.2147479723508208,21161.7
2022-07-17 20:00:00+00:00,0.5030502325698138,0.0019843624082926,0.0039959631774948,-0.0081121338703238,-0.0188921104448417,0.0203486310420829,0.6161285114444119,0.072983597612639,1.9808145449969827,0.9004780903906844,-0.2369292867750695,0.2103505913840136,0.4994680613061162,0.0180076631637032,-0.0195310981468782,-0.0083756977123899,0.1156672051430378,0.0590356768979811,0.728273699186596,0.1553148791488104,-0.2032797193044122,0.5986476692455837,-0.1591557599339698,0.2125441310748098,21036.94
2022-07-18 00:00:00+00:00,0.4996855736324098,0.0004599507633129,0.0156616623153553,0.0053972207336439,-0.0053121349125168,0.0203605527891176,0.3751085324965705,0.0584889545113132,1.6971320647668786,0.771635186405678,-0.8558349571618559,0.2060095656153392,0.4989961346816449,0.0181828700999457,-0.0059791354240998,0.0048207637260193,0.1296296100609884,0.0595968901006305,0.6437354414509271,0.1575111541999822,-0.2229738839408404,0.6056100068084668,-0.4701744820065446,0.210438421559479,20762.12
2022-07-18 04:00:00+00:00,0.5057023579313527,-0.0002577048332895,-0.0097108202905498,-0.0186340399109014,-0.0290793991592418,0.0198167875108627,0.7979665914192613,0.054652205112262,2.1938124130966123,1.1284363002750644,0.8563395017328226,0.2010507723706388,0.4999139758064643,0.0177205838020931,-0.02975831839354,-0.0197782108946414,0.1010753617023754,0.0579521204849019,0.8022046580818117,0.1540447507682391,-0.1612434354591677,0.6666370668521558,-0.0364994547437308,0.2084422641119712,21285.96
2022-07-18 08:00:00+00:00,0.5157132428952665,0.0017271520535943,-0.0460788090621163,-0.0574353227698465,-0.0691398022539583,0.020453942817474,1.4146014847943995,0.0613293177589258,3.067634085461649,2.109902799743083,0.7834110365665431,0.2081937083744309,0.501577158202931,0.0174088300388087,-0.0699094785219901,-0.0615619498266658,0.0529162614573508,0.0554389060295488,1.085836574600373,0.1492885726946324,-0.0859838747717576,0.8426390207322269,0.4675390126905078,0.2063997152413104,22249.1
2022-07-18 12:00:00+00:00,0.5130173912945744,0.0041177263692144,-0.031799226242686,-0.047188832432399,-0.0614767907079842,0.0216243461329938,1.123693188359857,0.0756169835135119,3.3940132736703084,1.810924378092854,-0.2278941217933268,0.2223669359900139,0.501351773747157,0.0182079540264731,-0.0624207869726497,-0.0556116741499287,0.058144166794291,0.0560111121662887,1.0368585078478725,0.1530290305257652,-0.0339210234675255,0.9948415040190934,0.3816087376983887,0.20461394606242,22131.8
2022-07-18 16:00:00+00:00,0.5172141539144153,0.0049413700585068,-0.0474395510216987,-0.0646618337168285,-0.0805337451147987,0.021169564596217,1.2968537593281335,0.0823100928142745,3.301402659393849,2.275298944018544,0.5845451662589489,0.2301474352062888,0.5022204295722995,0.0183577451683851,-0.0815979903832638,-0.0763358892624814,0.0335720059484336,0.0550034371878491,1.1747119498707992,0.1521803313046069,-0.0085377178358363,1.2158698206348977,0.7343776209975812,0.2028606352640383,22649.89
2022-07-18 20:00:00+00:00,0.5049540627109832,0.0046439288965702,0.0026039778935966,-0.0157350447931826,-0.0336070511882272,0.0237744272737348,0.6897261633687395,0.0918516838171066,1.5951267673494929,2.6410081103872987,-0.7919667170953099,0.2383760914322422,0.5003907714142806,0.0196562324428526,-0.0348343752177533,-0.0305245191855784,0.0835305543669202,0.0581134913632534,0.8600590075028594,0.1620353552277028,-0.1408937327294985,1.481783431055457,0.275287384676106,0.2014558747495864,21596.8
2022-07-19 00:00:00+00:00,0.5120772386880474,0.003345388527179,-0.0307711897430491,-0.0475694004522869,-0.0653666162519481,0.02375227262773,1.0439131906138568,0.090775893608535,2.9760341872720644,1.7941749124769912,0.6454404611181437,0.2383624549508662,0.5016945924500957,0.019192661889615,-0.0666244842126966,-0.0633903669833372,0.0456551768573589,0.0565162209808809,1.070569531974873,0.1582398249667578,0.059123500513344,1.6482949690381412,0.796378542891417,0.2000677388346174,22368.75
2022-07-19 04:00:00+00:00,0.50630815644134,0.0036246600726895,-0.0055280642807229,-0.0236982947619485,-0.0432899268571546,0.0267350677791355,0.765877913265158,0.0985847468098642,2.286049045981948,2.207657916096709,-0.3990839931687642,0.2482262496654008,0.5008796345160413,0.0200620208334435,-0.0446974726429852,-0.0427022285992692,0.0673815409221942,0.0580944413922975,0.9275063095139406,0.1645526234782264,0.0141577941241687,1.861924090109744,0.346219404864026,0.198909454662433,21906.12
2022-07-19 08:00:00+00:00,0.5047911008413711,0.002446013171689,0.0003201553057901,-0.016827063682237,-0.0369498710813914,0.0272011044113395,0.6923668740532084,0.1000254696361935,2.33315900714542,0.8852579874842664,-0.1889575009081023,0.2527429093183578,0.5006881036168918,0.0203610945412109,-0.0384357266164385,-0.037380223460498,0.0721162654804379,0.0585623714102,0.8895418586663133,0.1672728549349768,0.0502757330191978,1.7371419103345989,-0.2897397646278793,0.1977741538538285,21800.18
2022-07-19 12:00:00+00:00,0.506069317895596,0.0015892471035991,-0.0070122275451737,-0.0231651446407729,-0.0435306798350203,0.0267616455138937,0.7550694436368887,0.0975471458047907,2.1465707964614342,0.8272622764566673,0.352174075040056,0.2558894519778383,0.5009910396165305,0.0203770505459907,-0.0450730243081041,-0.0449606607438832,0.062479082474478,0.0582167067464758,0.932024682586698,0.1677401662082486,0.0396791225014692,1.631598230681487,-0.0923127924619714,0.1966522887312652,21988.96
2022-07-19 16:00:00+00:00,0.5145536869922362,0.0021478844173259,-0.0496047827093537,-0.066161072308428,-0.0867811982436274,0.0257219296426645,1.2197853872658186,0.0938257070505168,2.6683155287690203,2.4187243074746614,0.8960985961475684,0.262991331486544,0.5027719253691864,0.0198149860743888,-0.0883610288710343,-0.0894719120671481,0.0116411570555432,0.0556057120378959,1.2115779117268175,0.1626886326965009,0.1868913732593088,1.7399220786765517,0.2452696650336744,0.1955693805353395,23087.36
2022-07-19 20:00:00+00:00,0.5153912547087603,0.0052039839202063,-0.0497970900399638,-0.0712255278810833,-0.0947402382252858,0.0273565877875763,1.1815221880386195,0.1081428449706248,2.153093332952853,2.379049909137497,0.4070292954563809,0.2774249235970163,0.5032005851555903,0.0205168996434787,-0.0965193665435515,-0.0996279269460832,-0.0013856436620002,0.0553087627163069,1.2550384260264642,0.1668389076584683,0.1588714402940162,1.81332142162696,0.7929358535917218,0.1951095807529446,23388.48
2022-07-20 00:00:00+00:00,0.5141896333188076,0.0068729194234477,-0.0405385408503419,-0.0655406809320047,-0.0918499730311308,0.0273028260987344,1.072717002455802,0.1203886765913439,2.011583010305515,1.0469343630953445,0.035374999999999,0.2924707335925452,0.503177843835624,0.0213973079827231,-0.093836071249247,-0.0989049919298062,-0.0023258473803434,0.0557246114886417,1.226723409349926,0.1729157231419423,0.1756940140330029,1.7484361894164682,0.4691167401178506,0.1949223360549404,23410.92
2022-07-20 04:00:00+00:00,0.5134341124643158,0.0069999536053552,-0.0348508446513564,-0.0613947704870578,-0.089746267878814,0.0275642378286214,1.0058964962525287,0.1305160243115039,1.9776570355490384,1.0280033027189688,0.054408406394225,0.3022314040101458,0.5031831078159236,0.0220919470208953,-0.091903864452249,-0.0987077619185977,-0.0037563510254896,0.0561086706798444,1.206503394806545,0.1779821369958091,0.1894293925759155,1.5971613259623152,0.6931751169291852,0.1947872892286161,23444.06
2022-07-20 08:00:00+00:00,0.5118383731928199,0.0072840926574527,-0.0236367164291221,-0.0520661610362257,-0.082772810852938,0.0272566366088218,0.9083506508400108,0.1410939287433374,1.995057050955636,0.8412272726384886,-0.151032130676718,0.3114574719867122,0.5030025730818288,0.0229642502506083,-0.0851263865795214,-0.0938209094382791,-9.134584670911217e-05,0.05676224463034,1.1576906591548926,0.184332560739887,0.2460600030504922,1.621548536821032,0.7199987071393626,0.1946698192915156,23359.25
2022-07-20 12:00:00+00:00,0.5138870176442887,0.0068898809337029,-0.032709727664767,-0.0616804247129952,-0.093829614181005,0.0266016227800618,0.9618287075604782,0.1465790506970775,2.495555961976714,0.8221819294137978,0.657037011270351,0.3216573421832666,0.5035611609550004,0.0233185998809786,-0.0963195221277239,-0.1066533812162703,-0.0159512023098172,0.0562077971731409,1.2186906055328115,0.18597804002555,0.471448833476481,1.6535362867273689,0.9142755507195586,0.1946143817172181,23737.18
2022-07-20 16:00:00+00:00,0.5162696465293756,0.0071266054506881,-0.0430728722136315,-0.0733709370838754,-0.1072432820549192,0.0259688356387458,1.0181575288958442,0.1549864624764327,2.891841940167187,1.8431407699140856,0.6497158534195581,0.3326357773394498,0.5042363212762626,0.0237157954916244,-0.1098837223557844,-0.1219845643875948,-0.0346410880999407,0.055371154937941,1.2904677284202255,0.1879674068120278,0.6221179756826335,1.6453612132890174,0.803166850367041,0.1947640527767586,24200.77
2022-07-20 20:00:00+00:00,0.511020926856633,0.0062268085959693,-0.0165614861285198,-0.0473915544594309,-0.0835448786037258,0.0271209798090391,0.8331842697746162,0.1636726989362198,2.3314880072123585,1.5503954948595902,-0.6730296493252386,0.3411131773170368,0.5033220279016577,0.024892983408909,-0.086404341975373,-0.1005017832674372,-0.0127399602612638,0.0566452589269006,1.149390082398688,0.1966553339901245,0.5679452507064886,1.5515695679468084,0.2004135059396458,0.1951368468412142,23666.48
2022-07-21 00:00:00+00:00,0.5068057954921951,0.0038958759629664,0.0022680593571606,-0.0266401520419256,-0.0638083392889889,0.0286845526306053,0.6979989152606243,0.1644445679894277,1.628779244723486,1.3079380105611826,-0.4847319610947729,0.338743482559685,0.5025763708747265,0.0256786804065736,-0.0668185509274505,-0.0824836756838623,0.0054980827660275,0.057716146814212,1.0422290250745532,0.2028763505346977,0.4567380357083291,1.6614274250158183,-0.1245416495573187,0.1955052290846175,23237.11
2022-07-21 04:00:00+00:00,0.5032994041181151,0.001079469358397,0.0186643769979169,-0.0071479188578847,-0.0445964007126469,0.029252839856329,0.5669225130364628,0.1592099933264514,1.1494627802173032,0.8864456936373939,-0.535847287689782,0.3335481278308649,0.5018923367671716,0.0262567153307157,-0.0477181460097748,-0.0646983954921522,0.02356265950408,0.0588130470497053,0.9423872390984178,0.2099762455702055,0.3032784308485741,1.6783413316043343,-0.3814040457647817,0.1957578221404749,22825.34
2022-07-21 08:00:00+00:00,0.5036593973494868,-0.0016573351958021,0.0122111219543235,-0.0094752748664529,-0.0458496106046609,0.0289998335908183,0.5665740644956044,0.1449106604942041,0.7443653146279501,0.6334545738415521,0.1655649704982021,0.3231160894488828,0.5019868271539908,0.0261036692030276,-0.0489826257182504,-0.0666777657526577,0.0201003877833314,0.0587792268063204,0.9479381091998058,0.211157061507019,0.1738998900817369,1.6731495924905728,-0.2790915106882883,0.1956905946420186,22899.71
2022-07-21 12:00:00+00:00,0.5011489528612676,-0.0037097295841473,0.0230000987134524,0.004534191062959,-0.0313044769993509,0.0285302907944929,0.4413487230830235,0.1307963275943637,0.7743254910276447,0.5566359524410818,-0.494994566470177,0.3133850962945693,0.5014914312021335,0.0263391194440885,-0.0344925826797088,-0.0531377567641312,0.0336148326101313,0.0597366959208692,0.8765780089914365,0.2155435909311327,0.2075137357986561,1.6484748864331185,-0.6241031033991675,0.1955857859383599,22597.15
2022-07-21 16:00:00+00:00,0.5016140696599014,-0.0057660169476079,0.0154671669326325,0.001046669640726,-0.0331315037977989,0.0282553924483677,0.4487546417900613,0.1232904185619834,0.6971548664829177,1.042168146154235,0.1427175739575548,0.298704784832662,0.5015836770594236,0.0259637279035118,-0.0362877977056961,-0.0553257264669377,0.0300741484686435,0.059813356515881,0.8844376709482562,0.2156685088165459,0.2124994911578557,1.520430339931213,-0.81976865444161,0.1951746249268791,22670.19
2022-07-21 20:00:00+00:00,0.5053819345781471,-0.0057739909432757,-0.0078943156790853,-0.0205384782381798,-0.0532750135971362,0.0279869978245819,0.6260423987248499,0.1185668119273215,1.3669773865359875,0.876671195915124,0.9659067910434054,0.2881028904897034,0.5023746250727394,0.0252887455945787,-0.0563782393796616,-0.075699569563143,0.0065931548098496,0.0585781841454549,0.9823267897643052,0.2123632315698253,0.3803229834135089,1.3904337262804627,-0.3221759046238983,0.1946561620452875,23196.58
2022-07-22 00:00:00+00:00,0.5046577016744253,-0.0053793686853545,-0.0045188517949437,-0.0165763085404141,-0.0490171024310992,0.0275417861767965,0.5904019681060432,0.1159851638573199,1.2475085508262151,0.454340996286232,-0.1569909837168668,0.2798882988753069,0.5022591241020085,0.0253237847796432,-0.0521586744416557,-0.07232674289101,0.0089512619444704,0.058684754879409,0.9606938709921744,0.2147300851755747,0.3684864150891631,1.184882843298327,-0.0876500575563249,0.1941438348983388,23140.92
2022-07-22 04:00:00+00:00,0.5026193544063006,-0.0052201433826428,0.0061002223140209,-0.0052687084628243,-0.0375348640333544,0.0271409011432561,0.4823267162072212,0.1110521002538173,1.2249946667791567,0.475309888751404,-0.4655581947743464,0.2725450349377281,0.5018768905963874,0.0255026144017034,-0.0407296305809037,-0.0618360097404944,0.0190648061385356,0.0591131913082736,0.9051609959260384,0.2182037235971635,0.3844736677667537,1.0784660213223916,0.0833628841607574,0.1936375708728505,22909.7
2022-07-22 08:00:00+00:00,0.5039708669117853,-0.0050194192621438,-0.0021277623251733,-0.0125233337622238,-0.0439040749568069,0.026378436905527,0.5369941037943248,0.0992295059894434,1.2162217118355545,0.3938107540990416,0.3837089666686069,0.2636967985670267,0.5021594805382924,0.0251593107620837,-0.0470831646604459,-0.0686608473609201,0.0104031638522732,0.0584416494891728,0.9355307903892452,0.2174004693388004,0.4059423530771486,1.007977399686384,0.2034180457052816,0.1931372982149793,23104.29
2022-07-22 12:00:00+00:00,0.5077723156181034,-0.0037157965891839,-0.0204425892930465,-0.031386865618304,-0.0622097320573388,0.0255586993356265,0.7428299560689172,0.0926616112482631,1.4531884995061406,0.6580180763953809,0.9001421716722903,0.2593595320105438,0.5029261809658733,0.0246744672498557,-0.0653676824989158,-0.0873713539138122,-0.0112483816315646,0.0570916680251557,1.025191813431826,0.2143853226708995,0.5073946554407028,1.0126556795963,0.7813109471720493,0.1928039456227752,23610.69
2022-07-22 16:00:00+00:00,0.5044620503954528,-0.0027046380127836,-0.0027783635978675,-0.0147480462163556,-0.0462692857007827,0.025433333599243,0.5579690161657406,0.0830113791316159,1.4600214913241565,1.3630736483004793,-0.632248114502813,0.2574765408799299,0.5023570603455497,0.0251199983542324,-0.049527453947887,-0.0728009204362282,0.0031330935651301,0.0579058288430717,0.947297246204654,0.2195334279105745,0.5308827813580568,1.0504301568298,0.5486699848675466,0.192736225433429,23273.48
2022-07-22 20:00:00+00:00,0.4987356335459319,-0.0037747318010921,0.025452310717718,0.0151811651316586,-0.0162165412378094,0.0266130860499077,0.108849628873217,0.0701780693884821,1.254585678404286,1.0049394390357866,-0.8515202129930809,0.247855727307828,0.501271782590687,0.0255891406345843,-0.0195545012970491,-0.0439709086277219,0.0331404115329316,0.0594582703552336,0.8076153509542244,0.2267383171482653,0.5189581367864294,1.0540571466485955,-0.4977085393999335,0.1926653520110061,22595.43
2022-07-23 00:00:00+00:00,0.4996705546587889,-0.0053388611525302,0.016267481240743,0.0092434534448999,-0.0202202349229,0.0265046616802927,0.1337447452850969,0.0632719477365127,1.4372150041910987,0.4009987524232375,0.3957796675958929,0.2319135217203631,0.5014315891816782,0.0249550248269073,-0.0234794666642406,-0.047884148370379,0.0279030416474472,0.0591191685602496,0.8239901851247171,0.22542729405542,0.5721556206530227,1.0255919192208005,-0.3439375511729048,0.1921760424785142,22706.35
2022-07-23 04:00:00+00:00,0.5004090868151401,-0.0058180610765868,0.0099192888732186,0.0047944135185538,-0.0231672406583092,0.0255225527575442,0.2228725746374415,0.0646073969721627,1.435757667395651,0.3130104253444902,0.2625766522825276,0.2180606931822589,0.5015623477489166,0.0244220513792947,-0.0263660685165213,-0.0508678043348796,0.0236386749636763,0.0588389616062103,0.8362539188759545,0.2243168499979579,0.6063239667745853,0.9687186628404904,-0.0867415480250262,0.1916807204411667,22797.51
2022-07-23 08:00:00+00:00,0.500263838933033,-0.0058909634682638,0.0088689787952038,0.0050339041218556,-0.0217185492331302,0.0246089781713526,0.2374934730347911,0.0652668608440055,1.3799693877274697,0.2891388603616012,-0.0405846116680829,0.2069641944039519,0.5015307848243346,0.0240190310886545,-0.024875386097776,-0.0495955427656109,0.0239643624250496,0.058822480307744,0.8287994027871446,0.2239763767087357,0.6128440030164996,0.928145825919078,-0.2520369796262306,0.1911912602787804,22787.12
2022-07-23 12:00:00+00:00,0.4956026792307799,-0.0067368846448815,0.0295659355661632,0.0279087084223934,0.0022785526716635,0.0248273220980116,-0.068708854414218,0.0703133333522357,1.269754045801774,0.5339500774865151,-0.8089604110003016,0.1946050776636497,0.500676153270767,0.0240050582761703,-0.0008767609985774,-0.0261500653250673,0.0482820843516296,0.0602160988875665,0.7196925599932461,0.2280855775356239,0.586964669230306,0.8785310347879809,-0.873901748821979,0.1906268120336591,22253.93
2022-07-23 16:00:00+00:00,0.4953959403342109,-0.0080212991418771,0.0259823443131033,0.0276294136849311,0.0043655346420647,0.024944105570038,-0.0163013642831348,0.0762964426197415,1.4229615547289136,0.7418956175089542,-0.1478381717109298,0.187540787312835,0.5005940140166776,0.0232515247136611,0.0013232164521543,-0.023636163196025,0.050216017176053,0.0604683762017449,0.7067318850800787,0.2266375255460324,0.6351398551319316,0.7055041574574394,-0.830096369986078,0.1895281901704526,22206.24
2022-07-23 20:00:00+00:00,0.4963236670823743,-0.0088018744179675,0.0173659496916795,0.0218625504631615,0.0010919814312353,0.0242622638815681,0.091713910622288,0.0810693764797261,1.225633135244358,0.772501997025334,0.170989995672423,0.1824291904265914,0.5006945840798045,0.0223369993346365,-0.0018134430144587,-0.0262422306280836,0.0466989971122198,0.0601864973020289,0.716894490822781,0.2241185362964103,0.6044663752494002,0.6128430679865264,-0.3010468009200576,0.1883039054408428,22273.53
2022-07-24 00:00:00+00:00,0.4981467595195301,-0.0081810186707258,0.0065325647577554,0.0119445504259578,-0.0069618428956442,0.0237233329106729,0.215004753079716,0.0742293869482472,1.2618549514477126,0.4977701537932311,0.5567004060852202,0.1755475375647826,0.5009787398829938,0.0214764410021971,-0.0097483464264747,-0.0337242241544456,0.0378629954274716,0.0595492991816798,0.7500328060832554,0.2210106437120846,0.633722290158338,0.6086140462103964,-0.2327277848190387,0.1870214637968639,22457.13
2022-07-24 04:00:00+00:00,0.4971156124168307,-0.0072977971185156,0.0104304829126591,0.0160913529554316,-0.0015569558881295,0.02341981930987,0.156560436962413,0.0685820471063655,1.1012354004913405,0.3195507536048231,-0.3037571417287649,0.1650335937511001,0.5007876072912973,0.0209794422838546,-0.0042766517408633,-0.0282043245924245,0.0429623723433663,0.0597121079033677,0.722945416713089,0.2204965518312688,0.5968312261193155,0.594170616001262,-0.4305496878373953,0.1857541991730762,22341.96
2022-07-24 08:00:00+00:00,0.5009864404496873,-0.0057472046029539,-0.0069481184054615,-0.002100203158768,-0.0185548788390491,0.0228409519505773,0.4391296165629758,0.0650928379364484,1.0630657202306673,0.4093907951218582,0.6971691672064523,0.1553649509305037,0.5014133799653713,0.0201184560052817,-0.0211675871680686,-0.0446333587778789,0.0244618155514468,0.0584922108356305,0.8003176679897808,0.2149652056541868,0.6205033036026322,0.5967053949907506,-0.0518536778812669,0.1845019319574531,22740.92
2022-07-24 12:00:00+00:00,0.5005554236032591,-0.0045232964716543,-0.0044232732414518,-0.0003233851508585,-0.0160630449207027,0.0223883763101826,0.4232281684068937,0.0640187297742065,1.0702984387373418,0.4118211951281243,-0.1082108389012581,0.145938237296324,0.5013309842191017,0.0196932609006164,-0.0186271172072796,-0.042122046729291,0.0262783242822535,0.0583828793077337,0.7871669312778068,0.2141947302453054,0.6448423678878951,0.5511127920882688,0.494782171019517,0.1832644846635827,22696.47
2022-07-24 16:00:00+00:00,0.5020534556582605,-0.0033891727170827,-0.0103240456054075,-0.0070577466623862,-0.0220666457992319,0.021873286319278,0.5357699728138385,0.063772872489857,1.0759331596565698,0.6622793997106297,0.3289638349771978,0.136447006999234,0.5015630211449092,0.0191234636738076,-0.0245646502986334,-0.0479026589050634,0.0192123649365709,0.0577760658510525,0.814287248843155,0.212258488763439,0.6638408045519713,0.4974469949377215,0.6609453962775795,0.1820618749072092,22849.83
2022-07-24 20:00:00+00:00,0.500512770659563,-0.0023928130026182,-0.0027017369540922,-0.0003351230182569,-0.0149764093084174,0.0215877800163246,0.4379063343187575,0.063967577472515,1.0000661672817532,0.5078079452011824,-0.599620723047138,0.1287568426227327,0.5013108605757495,0.01884864280216,-0.0174493976856133,-0.0409839345673727,0.0257250470716876,0.0579368482523229,0.7788887496276757,0.2134332989699014,0.6603010281302095,0.4179811130084119,0.6249762596970039,0.1809537903245194,22701.22
2022-07-25 00:00:00+00:00,0.4993479312282315,-0.0016465764208283,0.0030622505046968,0.0047042003948929,-0.0095575903090836,0.0210952677185557,0.3584538337204218,0.0639655848602275,0.9407285845977936,0.9278525302565928,-0.206231511754634,0.1225803987179026,0.501120355222421,0.0185396452117862,-0.0120011188899956,-0.0356820214462934,0.0305085592698826,0.0578978103363427,0.7516796221374221,0.2143932679402078,0.6758230234291872,0.4431640956549647,0.174810059409013,0.1799099275435716,22592.39
2022-07-25 04:00:00+00:00,0.4924070513866899,-0.0031605147316127,0.0316197114984204,0.0357716346994978,0.0229152614794327,0.0229655752860188,-0.074258463232786,0.070797870319783,0.3402454649831647,1.4338330651117173,-0.8123342175066303,0.1196039405665409,0.4999464931827339,0.0183477093103395,0.0205117497232312,-0.0034113719134278,0.0643680101019554,0.0596376262977465,0.5987510094822085,0.2211203993207611,0.6113748233518571,0.560236908455585,-0.3776697026435208,0.1786866024460028,21866.66
2022-07-25 08:00:00+00:00,0.4938637974251508,-0.0046420240315045,0.0205697371979038,0.027588081642067,0.0170684425328857,0.0227175327839417,0.0711406901364382,0.076374803067098,0.7278632088371402,0.7693052452767268,0.4171238698709639,0.1217843762051445,0.500120093003395,0.0173156192216732,0.0148251198794804,-0.0082107285312256,0.0587472400751245,0.059338494184267,0.6185198881108118,0.2194026007250998,0.683948116548857,0.5903688960670878,-0.5878301959872952,0.1770204235950305,21974.08
2022-07-25 12:00:00+00:00,0.493862587037478,-0.0049786807534045,0.0180872069700468,0.0265264277872456,0.0177472770148461,0.021996367604881,0.0999048539642441,0.0788689370223614,0.7952016413686699,0.8401112632609028,-0.1159176108841264,0.1211864844353709,0.5000734364471068,0.0165116739690516,0.0156268206118139,-0.0068027927514678,0.0597045437877974,0.059406428482179,0.6096533720319377,0.2182269049227485,0.723114130370052,0.6302689759828204,-0.5797350685568226,0.1753726861957856,21946.36
2022-07-25 16:00:00+00:00,0.4938863022940941,-0.0053619497124272,0.0160124223964319,0.0260067984320198,0.019085236502305,0.0215373992812492,0.1227826400233851,0.0822262068865845,1.0863145988428782,1.9664539660382487,-0.1490082894251142,0.1220599178399806,0.4999986102125166,0.0156672820106848,0.0170969596840186,-0.004640661986856,0.0615301683876678,0.059534587151537,0.5967833264651102,0.2162458124196268,0.7754781253997068,0.7767894084569235,-0.7117710534598283,0.1737200292220631,21900.0
2022-07-25 20:00:00+00:00,0.4944606656986013,-0.0053714650948746,0.0118378914306818,0.0228757923316462,0.0176667718046883,0.0210813277532935,0.1597655593570995,0.0789718557596902,1.267089569728027,1.907038501945224,0.0244212613700085,0.1242391659577522,0.5000203798642635,0.014806279461734,0.0158113792785152,-0.0051828967042278,0.060482890564842,0.0595298132883087,0.5966711606723786,0.2144911963622522,0.8074216764293812,0.9471169706552,-0.5301594373118412,0.172013835225281,21912.95
2022-07-26 00:00:00+00:00,0.4881985567821176,-0.0052189387601386,0.0406749048868648,0.0525913740007844,0.048732627894594,0.0226262142718471,-0.2610956778832265,0.0723979075991183,0.4345163724790974,2.0781605121036546,-0.6383957415211308,0.1239649610100487,0.4989439916582665,0.0144451558021717,0.0469448395272928,0.0259991318694878,0.0932318774616669,0.0614566023053612,0.4523901126855109,0.2205213731101604,0.7129141605197592,1.094291510728176,-0.9366989586025268,0.1701392117460967,21248.31
2022-07-26 04:00:00+00:00,0.4880750277944779,-0.0072712256536135,0.036260701786686,0.0523550725694959,0.051727019040517,0.0243628620823508,-0.1483226187102319,0.0860263319923847,1.0260977292765294,1.5025637597137032,-0.2201352832881662,0.1318353487412437,0.4987895303647371,0.0131915035577455,0.0501556867095596,0.0305573076388085,0.0979769760265414,0.0617896622467243,0.4276578274882493,0.2202412966484083,0.8139807482366763,1.110783545869562,-0.5124397163120548,0.1687055933575247,21143.58
2022-07-26 08:00:00+00:00,0.4878853436847354,-0.0080610492038063,0.032347985562932,0.0511111380472775,0.053280053280462,0.0239560667640563,-0.0686498685735173,0.0979263330271848,0.7118584053376115,0.7521766712475794,-0.3064899762147479,0.140357860554903,0.498680519718981,0.0119986873107646,0.051911974816198,0.0336171709864245,0.1011100476763717,0.0620613328924136,0.4096093969244065,0.2197148007388434,0.7475562537573287,1.1109552986387503,-0.6405035460992912,0.1674275468287829,21070.77
2022-07-26 12:00:00+00:00,0.4886799525342508,-0.0081042503982917,0.0246533794477776,0.045078476654617,0.0497427756028499,0.0229059926575038,0.0243111917374531,0.1053586537761173,1.017101939954235,0.6566300922481862,0.1471279662896347,0.1492333732831544,0.4987373348130637,0.0107986811633278,0.0485751469828372,0.0316419054146339,0.0988880553512268,0.062030924856145,0.4138933655638462,0.2182584795995522,0.8604374617174538,1.0933762508947555,-0.5984255319148953,0.166164625306362,21100.62
2022-07-26 16:00:00+00:00,0.4858185309188508,-0.0083002293070204,0.0357435051485741,0.0582193375993613,0.065545915311864,0.0229267335813493,-0.0578258947818989,0.114029351310114,0.5504910660515259,1.7483520939221302,-0.7428898128898165,0.1590109928076587,0.4981702840698719,0.0097480718075051,0.0645675010290094,0.0487898102851165,0.117102280612374,0.0631907339182999,0.3339801765731907,0.2209137989965319,0.8286492343936105,1.0789160257599817,-0.7444665809768634,0.1649887434412556,20743.23
2022-07-26 20:00:00+00:00,0.4884334459736815,-0.0078002644454554,0.021606768923057,0.0448691180453977,0.054429622290206,0.0223897944519277,0.0773634040354298,0.1199059914592593,0.6467542815092437,1.5222279306428683,0.5208407978024591,0.1688097324425791,0.4984702037637394,0.0084909567092422,0.0536578153708549,0.0394177029133868,0.1070811098893205,0.0628033410337592,0.370374872237495,0.2182748634134963,0.8514249850861704,1.0444303688296317,-0.638129820051414,0.1639339814063893,20917.39
2022-07-27 00:00:00+00:00,0.4930446193163612,-0.006402626544008,0.0012186659924691,0.023686237510885,0.0347080171130547,0.0215616164271165,0.2567268717443786,0.1233146429465584,1.1541257127568347,1.172053087671488,0.7302598012204301,0.1760665350789936,0.4990759981939569,0.0073498721686798,0.0341138279586159,0.0213103258684017,0.0876908516763284,0.0617005870273162,0.4479398754650693,0.2139312678269841,0.9361346554129596,0.9398786312437096,0.0433725751870728,0.1628917019236724,21277.3
2022-07-27 04:00:00+00:00,0.4912462150840888,-0.004782843511921,0.0095680746822175,0.0309251960800875,0.0431322546908896,0.0214120765314423,0.2056872208185507,0.1276975960183879,1.0891015109989195,0.7875554276710244,-0.8695163572796057,0.1785115528462416,0.4987494681331064,0.0065650419858064,0.0426694210795366,0.0307665134535655,0.097588533839805,0.0618889117735268,0.4015590453716211,0.2153137143296328,0.9390953264506596,0.8593590317091555,-0.11876923076923,0.1618617572686866,21073.45
2022-07-27 08:00:00+00:00,0.4946270219482874,-0.0030178730752212,-0.0038702924115848,0.0155195370752387,0.0283035930519151,0.0205192675556167,0.3300685836999505,0.1266860586189754,1.2906034988948991,0.689912842800605,0.7081079695470539,0.1796277054225228,0.4992107897730758,0.0057286613771369,0.0279645220385784,0.0171227165254721,0.0828584017762681,0.0607131067325372,0.4604210499517097,0.2116812503819761,0.987112864298876,0.8600928750800733,0.3822585034013593,0.1607915642973033,21348.41
2022-07-27 12:00:00+00:00,0.4929068813563571,-0.0013556339442012,0.004736408524355,0.0222359547350323,0.0354942815402872,0.0201768074633474,0.2843701472390377,0.1258348010454392,1.2387203035648269,0.7203663679389627,-0.5756177483532338,0.1768136190968037,0.4989300153817328,0.0051294194376608,0.0352499098976399,0.0250995534345941,0.0910979724016454,0.0608930773235093,0.4204890347931573,0.2126558769682786,1.0010841502919068,0.8766320810396417,0.1029931972789076,0.1595685615599547,21176.26
2022-07-27 16:00:00+00:00,0.4973488771302422,0.0002487822012959,-0.0110273450945228,0.0039637022805683,0.017075315340153,0.0195178968380022,0.4409259802952152,0.1187393418527118,1.5768853459145655,1.4470751068257446,0.9112186844994554,0.1744936227295085,0.4995407696966562,0.0044998190384401,0.0169135861393057,0.0075915796241929,0.0721764569244132,0.0595752881656122,0.4996844914879798,0.2084773942863031,1.0613980920819666,0.8566499006571126,0.9712094237007084,0.1583216162050887,21539.4
2022-07-27 20:00:00+00:00,0.5106433737035697,0.0035766603343998,-0.0577515690115063,-0.0486995707580172,-0.0378217489074699,0.0197410198917956,0.9505037465260902,0.1085455132760609,3.7653794271030514,3.4067912349746727,0.7506227293162728,0.1713722953982555,0.5015834390711568,0.0041982570620021,-0.0379899972970906,-0.0468183609774316,0.0137117728404581,0.0563993392256454,0.7728424659317572,0.1973534948558087,1.2091586463331572,1.1728231144879522,0.8064562397858059,0.1570571686151909,22774.91
2022-07-28 00:00:00+00:00,0.5120732349901171,0.0076678956030425,-0.0548850432714903,-0.0530238817353224,-0.0451953103691661,0.0216389466167277,1.0263765082039102,0.1091067185147577,4.583669997460601,0.9900920557281766,0.5020171278929894,0.1793849686678653,0.5019136951109399,0.0045476242257496,-0.0454645969530963,-0.0548624301788739,0.0042837177737757,0.0563361304255961,0.8162437548512536,0.1965154325927608,1.3564161307154274,1.1814981052181015,0.8253656174334145,0.156568173458008,22986.74
2022-07-28 04:00:00+00:00,0.5129003717314976,0.0104073903010574,-0.0508549895983964,-0.054896961359957,-0.0500390108755461,0.0216178184626928,1.0682982812088235,0.111657727626157,3.666471208724672,1.0855677617427084,0.2054593641952849,0.1894305493328341,0.5021532235370177,0.0049565698535861,-0.0504185170055963,-0.0604903066119789,-0.0026134910963467,0.0563996932382314,0.8473278946653122,0.196294107938279,1.3326558785860854,1.262763914302575,0.8650783050055092,0.1561942552184027,23144.69
2022-07-28 08:00:00+00:00,0.5099316106183774,0.0122789746315651,-0.0322355110964279,-0.0412843475070235,-0.0393335861991019,0.0221482199785844,0.9559992826029672,0.1184472801781482,3.1462700255039104,0.5688004932546958,-0.5477130977130946,0.2010934766676569,0.501783155339713,0.0055075055597827,-0.0398412016270232,-0.0508558696308033,0.0066303110588372,0.0574527899905038,0.7962691657387586,0.1995272383777779,1.3040059228143626,1.2721490849605324,0.6830191771133854,0.1560683719463893,22932.27
2022-07-28 12:00:00+00:00,0.5112596574724949,0.012394675882254,-0.0329692247877853,-0.0448331880752314,-0.0451937662361824,0.0215888433754383,0.9735679475438452,0.1258322609389507,3.006784347744714,0.6094537514151732,0.5610379770811544,0.208151382515235,0.5020641134851576,0.0058424640391257,-0.0457961000433866,-0.0574088274698769,-0.0012258216957706,0.0575186442205743,0.8309532109908994,0.1991930906466625,1.3895473019648188,1.2826811631348356,0.8449114851312446,0.155943978436479,23111.94
2022-07-28 16:00:00+00:00,0.5156591751167967,0.0120968495896934,-0.0507838405800432,-0.0648636927272049,-0.0674763543322168,0.0216191875920683,1.1062671708689316,0.1330592867583583,3.672789850910526,2.0728961737963423,0.4191482165255002,0.2121041041052953,0.5029941680753263,0.0061103319609655,-0.0681684692407226,-0.0802349090673806,-0.0263396364315227,0.0564747481105346,0.9543815080710358,0.1955896694135106,1.5633853644243392,1.4513948329110624,0.8554895966867162,0.1558619965536721,23708.28
2022-07-28 20:00:00+00:00,0.5150528158255395,0.0135655727709374,-0.0428648174834043,-0.0617164610802456,-0.0678470706950122,0.0233234050789245,1.0251219093369737,0.1523461432969063,3.86542206584645,1.6503842430974174,0.1892607864366168,0.2234003345632362,0.5030828958606847,0.0068992174855842,-0.0687195504778809,-0.0820717610340313,-0.0294994585094519,0.0566693172247748,0.9613362525453438,0.1978923957903937,1.724363422967749,1.2500814738600547,0.6676385222541777,0.156327636019531,23790.67
2022-07-29 00:00:00+00:00,0.5145171503598791,0.0139913699424653,-0.0366398327805768,-0.0589531789464178,-0.0682896276506414,0.0231403805308796,0.9671076674604552,0.1690985212441539,3.3741015158558025,0.8773269030523972,0.1856666157771848,0.2351233297436443,0.5031737187385942,0.0076591744296059,-0.0693363238158656,-0.0839601321985494,-0.0327192981928109,0.0565975626502571,0.9683380868241896,0.2002765003911035,1.7498644324356345,1.255561173222185,0.5437009690816784,0.1569045707776034,23875.62
2022-07-29 04:00:00+00:00,0.5140611992317535,0.0132302468939184,-0.0313865588440359,-0.0554051657118874,-0.0673034788871767,0.0224555794409186,0.921372024133127,0.1814729612308417,3.147852872253877,0.5577128472832013,0.1672772689425485,0.2454574300692793,0.5032086913953404,0.0082994803038909,-0.0684994593373621,-0.0842565915381017,-0.0341905459967092,0.0566350517160674,0.9665824919690096,0.2026889366852737,1.8689944289453104,1.174649500374496,0.4762528841716674,0.1574885464259757,23917.06
2022-07-29 08:00:00+00:00,0.5132826345165972,0.0124396472827471,-0.025859507397176,-0.0513613357457317,-0.0657755064673009,0.0221498029633076,0.8789800650298639,0.1934050196023104,2.857684052957232,0.6171725898761109,0.0507766693974597,0.2574625124657032,0.5032174916571847,0.0089678350579915,-0.0671258726276352,-0.0840806658078641,-0.0352027068279968,0.056737707589491,0.9618774329017488,0.2054805943470559,1.90668226197793,1.1866748793443285,0.5425008292583748,0.1581436282165773,23948.23
2022-07-29 12:00:00+00:00,0.5103001877682892,0.0111751207783971,-0.0119365444070841,-0.038115940721912,-0.0547492198430185,0.0224989540768877,0.7940933941899296,0.2004024348285632,2.5325763509303374,0.6814886391674474,-0.3678671976927843,0.2695392905777239,0.5028301351196319,0.0096413450634559,-0.0562506080509942,-0.0744792318677745,-0.0262574738738052,0.0575044707388314,0.9087655335887278,0.2102282889543723,1.863297075772994,1.1996271180118674,0.3319655028515778,0.158933674444844,23733.94
2022-07-29 16:00:00+00:00,0.5119042879810602,0.0092264713011039,-0.020443259571603,-0.0457126542815737,-0.063652691071635,0.0227896956905055,0.8229793441527322,0.1994955719708983,2.416972544889284,1.355828195725285,0.3511187183686529,0.2741100938594174,0.5032399335163678,0.0099821003378689,-0.0652474860515573,-0.0842000980925261,-0.0375683971040923,0.0569114218720512,0.9564062529994856,0.2102424724588429,1.8854945586997065,1.0735800151300707,0.3031197012614062,0.159714370892858,24017.78
2022-07-29 20:00:00+00:00,0.5099915340216142,0.0075039033549572,-0.0132708298111304,-0.0377822504140481,-0.0570842115782258,0.0231751573451354,0.7730418633270275,0.1990112778126703,2.382717165142849,1.0397873838022869,-0.2576325779362687,0.2786477211918043,0.5030146821569296,0.0104401355940831,-0.0587890500211699,-0.0787257651157806,-0.0328896081964557,0.0570046618669639,0.9259000959718712,0.2136733386499103,1.9430656933482997,0.9479213766858996,0.1137421713434407,0.1604858282103355,23906.54
2022-07-30 00:00:00+00:00,0.5084307427303281,0.0060736800131222,-0.0068920824733426,-0.0307274523758771,-0.0513078089942729,0.0227399138773584,0.7293947031028474,0.1943261841116505,2.274866424853624,0.6388847346672559,-0.2047907222899744,0.2827662003625723,0.5028307239853201,0.0108850430420623,-0.0531205343088337,-0.0740354927103406,-0.0290540564390137,0.0570475906631968,0.9000104503934577,0.2170331406534544,1.9851017187812243,0.892037812694004,-0.0581991394603504,0.1612481557375115,23817.5
2022-07-30 04:00:00+00:00,0.5078718374984371,0.0044710079457435,-0.0053253777517998,-0.0278757336768927,-0.049301053178996,0.0224152376510889,0.7085399195719213,0.1844013805767809,2.10237919634049,0.4319745365698831,0.0140709395534335,0.2872906536492928,0.5027990644785753,0.0112024912084438,-0.0511977598855325,-0.0729040422676081,-0.0289100963264565,0.0568760346846621,0.8922106983449174,0.2192925982531249,1.9754240804314829,0.8609006031530863,-0.0957570886708687,0.1620014615206361,23818.92
2022-07-30 08:00:00+00:00,0.5083176400858208,0.0029431222017834,-0.0074964664864689,-0.0284746646052149,-0.0504078429271925,0.0216010090737623,0.7079230673099185,0.1716826309182319,2.003478102843082,0.2522625055352096,0.2841843634635767,0.2904664207859024,0.5029045304307358,0.0114148378580308,-0.0523686248208827,-0.07470776261758,-0.0318019672611399,0.0564950855717372,0.8989486437492686,0.2206490209838233,2.025174248899628,0.7904904721303875,-0.0659040254159027,0.1627458523272912,23894.71
2022-07-30 12:00:00+00:00,0.5085946365070426,0.001869655927125,-0.0087427944450457,-0.0285431358165992,-0.0510103669736214,0.0207206491545398,0.7067561567260601,0.1577505983172901,1.9285448772690987,0.3062287073734213,0.2049570721313529,0.2942665787525725,0.5029884596845526,0.0116386781499305,-0.0530372290545904,-0.0760355639497617,-0.0342053418320135,0.0560770050073635,0.9031725042937266,0.2222020895693399,2.099596620961861,0.721567656108993,0.2791685650605217,0.1634814336615184,23959.35
2022-07-30 16:00:00+00:00,0.5131177506535562,0.0024646520226357,-0.0263441667221816,-0.0469173934114496,-0.0704097344482821,0.0209583501289215,0.8434334803499354,0.1415727168572941,1.8916575327158225,1.3363188223871352,0.7720896856129311,0.3043795335616883,0.5038662539505759,0.0118869885908877,-0.0725127459804928,-0.0960741381904912,-0.0563341167159064,0.0546175241494181,0.9980312339619736,0.2201356830890566,2.202703414098784,0.7092910921521459,0.4862067982476951,0.1645072944563536,24530.17
2022-07-30 20:00:00+00:00,0.5062950378047769,0.002696345848077,0.0038287958391336,-0.017991620934586,-0.0435024149136334,0.0210974089308578,0.6344516178530982,0.1286293008839685,1.65111883280107,0.6014570196626885,-0.8611395380998478,0.3140666778055494,0.5028152670271543,0.012697136779389,-0.0457804581635715,-0.0710560784029785,-0.0314286196950339,0.0558807271543286,0.8723702848111933,0.2288478731584104,2.1177480193253206,0.621294638549687,0.0019605911330065,0.1656148290889409,23908.49
2022-07-31 00:00:00+00:00,0.5033316439695564,0.0004136039658383,0.0132412264440495,-0.0057971323264885,-0.0312501353474193,0.0223600278687534,0.511963240011888,0.1018380770995225,1.4328762958486514,0.7445589064224754,-0.4639568672758428,0.3058545309301557,0.5023510543200581,0.0128673701605085,-0.0335806407142887,-0.0595856156767004,-0.0203877356459033,0.0563794673609835,0.8176185235732681,0.2327943930463886,2.077678145599692,0.632138640893817,-0.149162093765491,0.1666098079582276,23643.31
2022-07-31 04:00:00+00:00,0.5041847983967164,-0.0013181316813111,0.0067805827123783,-0.009518449775374,-0.0343918499265879,0.0219686401272356,0.5295206740126739,0.0794822466329296,1.453795447167438,0.4228213618641779,0.3016310963239438,0.2956565161586758,0.5025092108466542,0.0127864691420189,-0.0367286996224535,-0.062986434738677,-0.0248124086951032,0.0560241067862089,0.8318374097746747,0.232590760427683,2.1417433312522345,0.6228815409962266,-0.0542312742958027,0.1674870267436126,23754.6
2022-07-31 08:00:00+00:00,0.5032829527105922,-0.0025027226881127,0.0085266496754643,-0.0056633013471375,-0.0301576289949763,0.0210839654681081,0.4625153774079575,0.0714297134358798,1.392784318829293,0.2416988933231505,-0.3981177004195406,0.2867364594996834,0.5023767717046711,0.0127914641519079,-0.0325163431541183,-0.0592096176207311,-0.0217580644252856,0.0560994182158798,0.8133481126880807,0.2338926250173691,2.1594359128602614,0.6138354857036878,-0.1821043752011044,0.1683538641075271,23684.54
2022-07-31 12:00:00+00:00,0.5043734190551808,-0.0033756301640059,0.002145154966693,-0.0100168296795061,-0.0338331130642001,0.0202738419363222,0.511723951138262,0.063327459961344,1.3411667027113074,0.2215824956169529,0.4094458906656757,0.2759398856698907,0.5025584596949755,0.0126500130243019,-0.0361860777904571,-0.0630354498046789,-0.0265772168026832,0.0557251292821804,0.8296175688156591,0.2332371961456729,2.183476300131214,0.5927519868813956,-0.134160658845626,0.1692104429086162,23805.65
2022-07-31 16:00:00+00:00,0.5041178496644686,-0.0039005760604481,0.0015935256980297,-0.0090090482142058,-0.03230987887539,0.0196036328772414,0.4840017535358338,0.0575331932060008,1.335702057225777,0.2995651948857271,-0.0185827003908297,0.2656252319000973,0.5025278664815638,0.0125713406011798,-0.0346686298333004,-0.0618070048480485,-0.0261362660584529,0.0556405797034486,0.8229068563457115,0.2336791219819906,2.2521084034110723,0.4049807559209304,-0.6756405170266356,0.1700568845515589,23798.86
2022-07-31 20:00:00+00:00,0.5044713169355799,-0.0040325751880033,-0.0014013916637054,-0.0108876172449571,-0.0336949231726662,0.0196712343105652,0.5020189354153654,0.0475306233841156,1.311358063866564,0.8355182669294007,0.07879620230489,0.2556345536527845,0.5026032652154648,0.0124654696139189,-0.0360544389457493,-0.0634110442627827,-0.0286385547798668,0.0553650552919973,0.8291010500479747,0.2335067503001489,2.2606036882638123,0.4111649717334302,-0.052403415537108,0.1707991369686518,23864.47
2022-08-01 00:00:00+00:00,0.4983499757419841,-0.0049935256933554,0.020639858105965,0.0130963128172711,-0.0092626931703631,0.0210826061612081,-0.1271342850459427,0.0403137422023893,1.110257754954028,0.773117419134338,-0.8620282125486733,0.2451763058885379,0.5016389784516743,0.0125290485056731,-0.0116540290352231,-0.0397370624984202,-0.0048297369651034,0.0564921982754896,0.7225754847747079,0.2386663764353967,2.2133983088376232,0.3807177352093338,-0.3643782097734648,0.1713061591751454,23296.14
2022-08-01 04:00:00+00:00,0.4994529465940564,-0.0058958312583387,0.0129368328157024,0.0079086831453794,-0.0130103057331587,0.0206922139306861,0.0494545068296235,0.0441621101453629,1.038715399688772,0.5061966733153154,0.4918882915457361,0.2339420412000762,0.5017933825360633,0.0121172261496099,-0.0153422279498394,-0.0431838482036424,-0.0090533723481093,0.0560650956642775,0.7369929660964304,0.2360866039530401,2.204074089762765,0.3700520480017178,-0.3759412709915229,0.1716978830746782,23396.8
2022-08-01 08:00:00+00:00,0.4990113599797794,-0.0066032659248996,0.011649380267765,0.0089123272521272,-0.0106179886238316,0.0199522409456288,0.0756375081295921,0.0487110809996147,1.0116528386754229,0.586042416896972,-0.1455155781514724,0.2216646812039617,0.5017016893517039,0.0117358292722571,-0.012895978632512,-0.0405937659872327,-0.0069797453818536,0.0560173435422139,0.7248449478706533,0.2347642177712027,2.21301049261168,0.3962087265912044,-0.3141207948209406,0.1720266362759239,23348.77
2022-08-01 12:00:00+00:00,0.4980026410398838,-0.007054693397198,0.0128200313192081,0.01209251371232,-0.0060620242387968,0.0196404229810744,0.0559227082828806,0.0537352082452903,0.9271939783042258,0.8308737912268722,-0.2314004376367638,0.2078859454507951,0.5015188536066078,0.0113475053261091,-0.0082846504553405,-0.0358420896900143,-0.0026377667456009,0.056166080547962,0.7030931347010292,0.2333260720751819,2.1911233041533404,0.450042418088134,-0.4489308480593891,0.172151323178709,23247.54
2022-08-01 16:00:00+00:00,0.4993174469540002,-0.0069123145837618,0.005960855398541,0.0065522108478406,-0.0102442118363409,0.0196522729851244,0.1866742487510995,0.0566347457789671,0.9352354997096478,1.475798672461883,0.189203955635687,0.1955457525553946,0.5016742281540821,0.0108826223368556,-0.0123964066829227,-0.0395878479234338,-0.0070851687073946,0.0558806452066625,0.7191770196692374,0.2301336969597237,2.201929003947188,0.5614308615913253,-0.3600984426692493,0.1720958092053009,23352.22
2022-08-01 20:00:00+00:00,0.4952310029155696,-0.0074849037137861,0.0193556908693206,0.0220824483442505,0.0067224705713604,0.0203427360751086,-0.0260773790598877,0.0634075708026836,0.685525583986164,1.4283359565395162,-0.7764806766580222,0.1831656471857017,0.5009955548732523,0.0105113545974607,0.004622116388548,-0.0225811291151775,0.0100208577750857,0.0567894542668513,0.6420300715989484,0.231256761519083,2.1268155022418567,0.6001749991268963,-0.8660190476190474,0.1719621963552541,22955.75
2022-08-02 00:00:00+00:00,0.4986920393786873,-0.0070621319259602,0.0040448458373163,0.0077835034370519,-0.006019922863402,0.0198443289521906,0.2161514772094304,0.066046297635965,0.6522866729434706,1.0648755880359868,0.5766447888660419,0.1725008393875502,0.5014756404612636,0.0098932689501871,-0.0080189116339137,-0.034501336788501,-0.0027908266802204,0.0558182537978553,0.6949732023528764,0.2244619201010633,2.1300753148769616,0.6111442653996063,-0.064614510607127,0.1717547578784204,23250.19
2022-08-02 04:00:00+00:00,0.494565802836542,-0.0069630867547425,0.0188131505379798,0.0237090607434777,0.0110788445359288,0.0205526038913869,0.0132542351717525,0.0712132911268782,0.5612092426102048,1.2630628456593247,-0.5839992909582372,0.1651855954607019,0.5007994237644797,0.0095465214619051,0.0091264022841863,-0.0173808654407614,0.0144220255811493,0.0564661653279502,0.6154976794474939,0.2242452595959239,2.0987096185938423,0.6765440512830871,-0.73689611295817,0.1715264772953926,22854.83
2022-08-02 08:00:00+00:00,0.4954972107563378,-0.0070367874890986,0.0125070004060017,0.0189399054405234,0.0080371358469244,0.0201196757026471,0.1094266482146919,0.0760346336561961,0.4865215933451466,0.6738231003415083,0.2718114602587768,0.1551468856222709,0.5008935396620686,0.0089041881696553,0.0061909394833865,-0.0196517725715754,0.0116963602476309,0.0560443137919097,0.6239716142341178,0.2194532988826184,2.05494554912138,0.6805053736197466,-0.5472740776173539,0.171190460265744,22914.3
2022-08-02 12:00:00+00:00,0.4956830465084562,-0.0068700735942677,0.0099037524331757,0.0175101535188917,0.0081998665372744,0.0195287631942197,0.1516983873649251,0.0806949123331544,0.3869706162794584,0.8813945372920983,-0.0434891826545629,0.1451596622005329,0.5008626901205508,0.008295395106879,0.0064533352983069,-0.0187928791595253,0.0122216804739581,0.0558479111681168,0.6180040776878513,0.2160458471010626,1.9820929255329256,0.6789287311406296,-0.4050219229382561,0.1707392519706874,22900.08
2022-08-02 16:00:00+00:00,0.4969148116461244,-0.0062973950836631,0.0046330472845372,0.0127621743307106,0.0048292030502101,0.0193081530300799,0.2253969932468656,0.0837672415969032,0.4367984977300778,1.85174816060972,0.1333836430525437,0.1372851674913527,0.50096316003077,0.0077059753790837,0.0031792308035747,-0.0214284730353589,0.0091338082983287,0.0554569713603632,0.6288888784506439,0.2103823061225482,1.9993254331605192,0.7055171870893591,-0.4791105706592535,0.1702589373551367,22968.05
2022-08-02 20:00:00+00:00,0.4969441356650913,-0.0047423942393702,0.0057067683327005,0.0126910285725676,0.0052801100004715,0.0200716828365291,0.2390128841036253,0.0833111510918534,0.1878949911027256,1.954057210029532,-0.0157792605705733,0.1379824974589713,0.5009351146146508,0.0073591471095051,0.0036786079588324,-0.0206632679891348,0.0094299337158727,0.0552322471722422,0.6237966929797597,0.2064623562714991,1.9232867787563284,0.7610372658284621,0.0034247000285371,0.1697843070096286,22961.26
2022-08-03 00:00:00+00:00,0.4975587334412,-0.0038435728122748,0.0034060742368307,0.0099465157363052,0.0032991733557778,0.0198740778250653,0.275491516501215,0.0749116397992069,0.301033979224768,0.946082037059348,0.1793040822223232,0.1392996119067594,0.5009972303870371,0.0069297523774267,0.0017631784035716,-0.0221510891786137,0.0074632919774346,0.0548888906932726,0.6297937616622568,0.2023590312803424,1.9732492606329903,0.75238816061745,-0.3039545358662868,0.1693152936638264,23005.22
2022-08-03 04:00:00+00:00,0.496353063777509,-0.0038075800353756,0.0071355865351252,0.0143636510159335,0.0088703678577228,0.0198541312589219,0.2006160718121097,0.0644902416893138,0.3764482913094781,1.1791683566019178,-0.3676624737945583,0.1349317777668106,0.5007600654864238,0.0064254832542098,0.0074136991526541,-0.0160631387415287,0.0134010121330605,0.0549815096832396,0.5970903685111892,0.2007380853863418,2.0011645808548386,0.7536465991185517,0.015663009482201,0.168851830843502,22868.1
2022-08-03 08:00:00+00:00,0.4979359740639531,-0.0031047331513823,0.0006231998430183,0.0075093491308455,0.0028096006523341,0.019157398584998,0.3143040947697292,0.0622899482017141,0.3978321099820353,0.6552517672238798,0.49211379448513,0.1320151374030411,0.5009796502211752,0.0059512335821732,0.0014288494784622,-0.0214665318924801,0.007454009516997,0.0544300239144287,0.6230371198073973,0.1961711510835144,2.024993389785412,0.7590434562086529,0.1088219232487719,0.1683938528611157,23001.61
2022-08-03 12:00:00+00:00,0.502402191250626,-0.0012796855533503,-0.0140920459952441,-0.0094446698610921,-0.0142393250767144,0.0189296011375874,0.6194523849056023,0.0583846191126272,0.3019228882495245,2.702598272514589,0.8546297843890986,0.1372639408307102,0.5016572585256249,0.0056709421811501,-0.015579431742429,-0.0379855018581457,-0.0100797358941153,0.0532531696181649,0.7114779436239792,0.1886892855792515,2.0074120722913875,0.9608773062431336,0.6336975059940188,0.1679455245975636,23410.1
2022-08-03 16:00:00+00:00,0.50140782631468,-5.325562961595715e-05,-0.0085782252179834,-0.0055987385105774,-0.0105818568925094,0.0189588967741198,0.5843669273830686,0.0551229208616364,0.4706139041036583,2.977491617736728,-0.1677639046538058,0.146155252903107,0.5015082279822951,0.0055213398082617,-0.0119111430997208,-0.0343074554462208,-0.0068219880460026,0.0532792571093945,0.6919067985447936,0.1852089402348645,2.0330016116985457,1.1380591554639474,0.3805729820158933,0.167711901828481,23334.51
2022-08-03 20:00:00+00:00,0.5026395900029245,0.001086282770895,-0.0111145980275015,-0.0099355152431157,-0.0152621284048506,0.0185516344627383,0.7032606886988888,0.0520003328076692,0.8983865312276625,1.2225548511965063,0.3997277964170456,0.1558785580051495,0.5017060281034046,0.0053881916090434,-0.0165814503948785,-0.0388610035847722,-0.0120634974566995,0.0528490651133145,0.717771208067022,0.1821579292965525,2.125223650824714,1.0897706957873683,0.5211626934337134,0.1674930675601873,23460.22
2022-08-04 00:00:00+00:00,0.4955390568973754,0.0007178930227884,0.0159667745281462,0.0174477691386496,0.0124035366499428,0.0191914785080464,0.1807579880335293,0.0495335699844949,0.5479792608406101,1.7188954133681882,-0.8374837027379429,0.1582323549710375,0.5006047338060641,0.0052209338560901,0.0110924689189859,-0.0115097181076069,0.0156207955798426,0.0541836194919876,0.5638502664810056,0.1848021006086992,1.9510108853487187,1.2262951222371044,-0.1964868255959873,0.1672768230799934,22820.48
2022-08-04 04:00:00+00:00,0.4986811311688363,0.0003645424280606,0.0031334696735854,0.004938634539582,0.0004571863211424,0.0193450862936825,0.4456455742424041,0.0421958935380634,0.5040186122746658,1.461853362094654,0.6385736680783327,0.1512436332730641,0.5010568446174922,0.004820069075073,-0.0007884456215322,-0.0227784244073169,0.0036494052244744,0.0533911031266271,0.6250264541531023,0.179919518811254,1.927520015643336,1.3161297042166913,0.2440798302956845,0.1670631377391236,23092.03
2022-08-04 08:00:00+00:00,0.4969330955379069,-1.4463468165722142e-06,0.0092199093064295,0.0114657233512862,0.0074976804506512,0.019030043913335,0.2829154520085363,0.0382162487168471,0.3819480008504927,0.8475850258826679,-0.436458816151816,0.1434372790469291,0.5007681785075176,0.0045014928348338,0.0062961125289877,-0.0154752394396682,0.0107743618305939,0.0536126918315046,0.581948586434353,0.1786873110596847,1.849032027108629,1.3733743272746952,-0.0786289449759746,0.1668519812515145,22928.39
2022-08-04 12:00:00+00:00,0.4967485504741974,-0.0007058545540749,0.008396750248623,0.0116849745994109,0.0085758907684179,0.0187415381798144,0.2708627080307161,0.0377199644100156,0.6614791172606013,0.8300475786475268,-0.1774302488699602,0.1355021532873636,0.5007061112632742,0.0040629621133889,0.0074441558305593,-0.0138390388050806,0.0121533965434514,0.0535326297425926,0.5705751169976753,0.1768282010654601,1.976790197061819,1.2142119408858414,-0.5554569461881484,0.1666433236895219,22895.19
2022-08-04 16:00:00+00:00,0.497789888351978,-0.0009833876743077,0.003854331739669,0.0076707342712756,0.0052591630337823,0.018410605779939,0.3716821787658632,0.0371605686172542,0.5020061207784332,1.8457522157943824,0.1606376755070232,0.1279792992231589,0.5008141585872538,0.0036490498064232,0.0041942746706862,-0.0165522959687187,0.0090586263352696,0.053182436495235,0.5843402135195195,0.1742316281822092,1.8935994611926927,1.1476142938558946,-0.4355882352941176,0.1664371354796796,22963.68
2022-08-04 20:00:00+00:00,0.4924354980830764,-0.0020160947736994,0.0228537939982518,0.0284519990901053,0.027246517945473,0.0192735479689674,-0.1391079967066082,0.040942308697031,0.6142474271332835,1.2920583050886787,-0.8663244773370627,0.1238791511076458,0.4999385616089738,0.0031630861481394,0.0262541090347165,0.0057606905147671,0.031755925201548,0.0542984011430378,0.4529027419240791,0.1758380080522663,1.8903558267328615,1.2032028091477105,-0.9152136006974744,0.1658538407213585,22455.07
2022-08-05 00:00:00+00:00,0.4944677628121368,-0.0026847297118501,0.0124961554215721,0.0194985950180903,0.0195680811763536,0.0188254701226313,0.0895327400665496,0.0433790880077055,0.7755305474485863,0.8206310858362814,0.672354485380647,0.1216972066032532,0.5001946487343314,0.0025598414009925,0.0186821364629381,-0.0009120356723051,0.0247501469565141,0.0537752541955888,0.4871650866107175,0.1724402132368434,1.933619997017082,1.104755453294869,-0.2549054563173715,0.1650974674115469,22604.63
2022-08-05 04:00:00+00:00,0.5013280834143032,-0.0018331706658012,-0.0127337970980605,-0.0065430131419367,-0.0061093525251716,0.0183038255362808,0.6836126089600839,0.0430096932424928,1.3482752103225408,0.8618762654510946,0.9462608781159392,0.1177041562204663,0.5011848447611604,0.0021580432875667,-0.0069208714780502,-0.02559136229415,-0.0008480486334082,0.052234130523875,0.6328107866851859,0.1653895741187443,2.0271183186042734,1.0349273611704977,0.1156581425314682,0.1643520974809705,23181.82
2022-08-05 08:00:00+00:00,0.5013380716881628,-0.0002928020421044,-0.0104130108361661,-0.0062219695174263,-0.0061663767473483,0.0185112191964295,0.6863077629687889,0.0431564991644887,0.4491751462312327,1.0165659633026136,0.0126488095238098,0.1184531452174871,0.5011880792071284,0.0020310953867094,-0.0069667814895852,-0.0254887762699912,-0.0011542481061334,0.052081314468091,0.631531812393096,0.1623396242164323,1.8355357448397769,1.0793805475140303,0.2498701498566828,0.1638080045699248,23189.12
2022-08-05 12:00:00+00:00,0.5040336735039943,0.000747874935128,-0.0180042467008818,-0.0154012104465968,-0.0156849493407926,0.0179276387628935,0.9075923033586096,0.0429207570759967,0.98040240302769,1.0410750009245666,0.6676045823882393,0.1213167072834294,0.5015787670030117,0.0018895736870307,-0.0164669959237739,-0.0346666225910726,-0.0109637895004747,0.0514849329072,0.6907041702867789,0.157604555224937,1.9243128486076493,1.1292675038962912,0.4943134430207008,0.1633973476289951,23419.34
2022-08-05 16:00:00+00:00,0.4990394249933121,0.0011871747267085,0.0007545961053441,0.00255291462422,0.0021160300037517,0.0186651418444813,0.4835474110846953,0.0438217189212885,0.8794362754963764,2.446164987100396,-0.6776381078398929,0.1230700999778638,0.5008449875438508,0.0017587366137997,0.0013391755596219,-0.0169822913944113,0.0067784411095903,0.0523468485114412,0.5748529798180039,0.1575567826673319,1.9066508767514772,1.280998548520979,0.0399005250069076,0.163048807139325,23006.42
2022-08-05 20:00:00+00:00,0.4981045518229814,0.0007897486011691,0.0037985815187533,0.0059298039831836,0.0058281902270056,0.018867675343624,0.3882092299826772,0.043510044819802,1.247872803941409,1.2063616326018074,-0.2563115104835222,0.1218231332687257,0.5006818287657236,0.0014745028764999,0.0050929329520159,-0.0129094744550986,0.0106631953324036,0.0524823475911358,0.5467770803320048,0.156515521223257,1.9170393349596933,1.2952798648806074,0.4487366943502145,0.1627053642500315,22916.43
2022-08-06 00:00:00+00:00,0.502406984568688,0.0012037451841843,-0.0109850399311391,-0.0096985505591781,-0.0099682138852867,0.0185823835488603,0.7462209572259608,0.0425520748960284,1.539208388055202,0.8999332661830819,0.7541875359224894,0.1212348070286962,0.5013120928415319,0.0013044216554839,-0.0106751530747454,-0.0281973584397864,-0.0053500354740579,0.0515348356042755,0.6468446825093628,0.1521541618099461,1.9266539894807444,1.329008462169727,0.7659071729957814,0.1623659858261193,23285.14
2022-08-06 04:00:00+00:00,0.5010028548346432,0.0017402533018126,-0.0044888351013286,-0.0042864233795729,-0.0049466180671536,0.018204957311975,0.6314129203691082,0.0427896106231153,0.865557234348596,0.5749594175987685,-0.555499520903742,0.1235252440252356,0.5011104331662172,0.0012350968954035,-0.0056540007772293,-0.0231626885194814,-0.0005993443791786,0.0515624537150801,0.6123274350731793,0.1511147671723852,1.8236265024851344,1.29118581188575,-0.0132128725199912,0.1620306237667848,23174.98
2022-08-06 08:00:00+00:00,0.5016033993311294,0.0018742487957561,-0.0056745986894439,-0.006062063420396,-0.0069563900891851,0.0173373418993625,0.6753203108995078,0.0430126072919203,1.6434539627566338,0.3101872094011452,0.5411996679120085,0.1254565386466714,0.5011965270503034,0.0011264697218227,-0.0076528348381126,-0.0249795883434604,-0.0028340240161496,0.0512061045097711,0.6241579045970489,0.1493213577419314,2.0348664518795725,1.176831308179568,0.0557707739561155,0.1616992305404727,23227.13
2022-08-06 12:00:00+00:00,0.5008667203389492,0.0018660476719724,-0.0025183748831303,-0.0032928192008325,-0.0043753718185415,0.0166215077620314,0.6034647646251179,0.0423290248961012,1.451018853410562,0.3100779595326502,-0.3716848422275157,0.1265794667249772,0.5010928292898723,0.0010188256161588,-0.0050628820251904,-0.0222788905347899,-0.0004394864881046,0.0510904052912973,0.6049197607672766,0.1480897027560503,1.9782843379066897,1.0584088601160635,-0.3382357010431897,0.1613717591781381,23171.65
2022-08-06 16:00:00+00:00,0.501236788431546,0.0018393297688616,-0.0030885139508184,-0.0042204762241385,-0.0055024050985179,0.0157325060136687,0.6229569720255597,0.04217037613277,1.267090890386683,0.2726100792959715,0.3976913730255146,0.1278091499744163,0.5011443716239918,0.0009198867248806,-0.0061805138022572,-0.0232357396403666,-0.001786329639672,0.0507299829476811,0.6108406399784162,0.1459459636687689,1.9206450503178325,0.6745729816307285,0.3274414273599529,0.1610481632665904,23203.2
2022-08-06 20:00:00+00:00,0.5011479234622035,0.0016594281126579,-0.0025391294436714,-0.0037844907290994,-0.0051777572475111,0.01531537858309,0.6307537282095506,0.0410635009443472,1.0324307422668175,0.5126048905392552,-0.006171270918796,0.1253141322767593,0.5011304995108735,0.0008060692446357,-0.0058438799509166,-0.0227379497993519,-0.0016294068208577,0.0504336096006036,0.606491539050609,0.1434078311565687,1.8864955731225028,0.5377872674511274,0.5500965834813002,0.1607283969419137,23199.66
2022-08-07 00:00:00+00:00,0.4977824001496007,0.0013511780150298,0.007838076702173,0.0067153996778566,0.0053024501415837,0.0150002859879813,0.386703072747941,0.0400927454734134,0.9160816527530686,0.5308385530703691,-0.7708353640705854,0.1211621172952585,0.5006923843833103,0.0006768925897674,0.0046464129480081,-0.0122229892957766,0.0087784765537133,0.0505600508862095,0.5296663771410862,0.141790528593934,1.8634961576697808,0.4522468507093192,-0.7390720946099689,0.1603972492439385,22960.16
2022-08-07 04:00:00+00:00,0.4984924118412905,0.0005699893916372,0.0044907695459106,0.0042839742406013,0.0032593280961712,0.0148940247775122,0.4558875135372957,0.0368753823952483,1.9140771727960115,0.5256957234393596,0.1846102085936762,0.1145040270849946,0.5007646410923288,0.0004339425409787,0.0026425541545394,-0.0138410990764265,0.0068688199566981,0.0500923612227428,0.5385366849659884,0.1384788805168945,1.9255371162097084,0.4268379936151112,-0.4182664339732458,0.1598596066499421,23002.42
2022-08-07 08:00:00+00:00,0.4987221067073558,0.0001562791184061,0.0030512583478754,0.0033637553358514,0.0026084491268987,0.0142727197530634,0.4774154363832261,0.0356353942718365,1.871515907250364,0.2720177594574738,0.1396430502974554,0.1086903942355541,0.5007833332145029,0.0002238495596448,0.0020241299309593,-0.0141339459137959,0.0063032706117591,0.0496861836936413,0.5394289004164561,0.13715468604907,1.9073895371569427,0.411595683733195,-0.5210636028698914,0.1593015302351973,23014.28
2022-08-07 12:00:00+00:00,0.4995835482432202,-0.0001565867604741,-2.4116277188568347e-05,0.000741441035825,0.0002649124365203,0.0136517133432416,0.5448940134382245,0.035384964881996,1.7264144573955824,0.2837405165307297,0.2784300184161879,0.1042777939138594,0.5008730164312838,1.2396763919338233e-05,-0.0002853804094488,-0.0160827453751044,0.0040593548279548,0.0492028908518171,0.5535719583439856,0.1364807935613815,1.8767042524722517,0.396543067158364,-0.2567868916036526,0.1587500583603587,23064.53
2022-08-07 16:00:00+00:00,0.4991655177616089,5.238839791016412e-05,0.0014539201060193,0.0019347451854172,0.0014114975274177,0.0134255868626178,0.5104194031790513,0.0354253910663545,1.642144866071655,0.4580954087037631,-0.1371428571428479,0.0982680398444834,0.5008202974183749,-0.0001074127573655,0.0008756706300911,-0.0147370504069496,0.0051278528450235,0.048884913044548,0.5433236508763944,0.1361557241750075,1.8634294343114952,0.4123847587107446,-0.3918460345161934,0.1582051128641811,23039.7
2022-08-07 20:00:00+00:00,0.5009222765608466,0.0004333986830907,-0.002635705416819,-0.0027384250044639,-0.0034652592046606,0.0132374103968331,0.6352941740562018,0.0352074335600922,1.5910741157511037,0.5397523531943865,0.3847555923778034,0.0946319094711947,0.5010305606475267,-0.0001762518883876,-0.0039929068086663,-0.0193933481516814,4.926580610664644e-05,0.0482854384335509,0.5779299741786209,0.1346871675284652,1.850719466216047,0.3966591855351696,-0.0904726818049892,0.1577039443399489,23156.88
2022-08-08 00:00:00+00:00,0.5012677176370162,0.0008065460827718,-0.0026974312084704,-0.003466698746283,-0.0044955936834473,0.013098846566541,0.6510889381381985,0.0354501567454503,1.3308301431610208,0.8024418216722949,0.087789165446558,0.0940012797392848,0.5010788474360673,-0.0002095514235188,-0.0050238299543,-0.0203206586846332,-0.0012429461929803,0.0479192258862112,0.5845373089081249,0.1333320817065024,1.8150534589172267,0.4173939762077622,0.4040586735155305,0.1573401517764854,23187.41
2022-08-08 04:00:00+00:00,0.5030827770231594,0.0010688934926801,-0.0067157630351037,-0.0080470312246528,-0.0093697578155985,0.0129982077570042,0.7936837570361673,0.0312910865571203,1.5507233365301314,0.7056583403238004,0.629456488235893,0.0917675379429223,0.501297311238818,-0.000233995476795,-0.009897749286582,-0.0250423745982575,-0.0064020157315105,0.0473718766921621,0.621257685271982,0.1322288938509613,1.8208295602714584,0.4247078694409659,0.6003401360544214,0.1570220658178879,23308.48
2022-08-08 08:00:00+00:00,0.5108393935058685,0.0020732561850535,-0.0247048367132675,-0.0277490018917644,-0.0299226943059951,0.0129014583898742,1.5066900672054575,0.0282393958432818,1.89240207591687,1.5846232019534587,0.8883129940368815,0.0962012204319164,0.5022468166011522,-8.368514112905623e-05,-0.0304752070661201,-0.0454654655053522,-0.0276600880429513,0.0461520312862007,0.7844110946194583,0.1287450135212279,1.8613979127713367,0.5854900479681288,0.8331848967502693,0.1569767758620837,23820.69
2022-08-08 12:00:00+00:00,0.5150237375873551,0.0040538238924603,-0.0314126211744261,-0.0378994133608586,-0.0418979511354791,0.0136474529681632,1.4590978802511818,0.0411948201779958,1.096159881515338,1.745760904879844,0.7970374590514095,0.1130606114289639,0.5028555343018244,0.0003542614078844,-0.0425360419763645,-0.0579130294136771,-0.0409729799116969,0.0455605452918187,0.887981045630315,0.127119111807939,1.8108480779902407,0.778233898099488,0.9122180999624822,0.157678134632584,24157.62
2022-08-08 16:00:00+00:00,0.511250641216433,0.0052429279332999,-0.0191917939970277,-0.0283514404604048,-0.0340939529159952,0.0135914188828416,1.0907555644666462,0.0530663410511018,0.8049593040677911,2.575866287913633,-0.4358149681172322,0.1300051040394597,0.5025281294980748,0.0007863625732675,-0.0348279422896101,-0.0509066322382284,-0.0344843255441549,0.0459306304175344,0.8305210949011679,0.1286961874274452,1.7772004949258993,1.0723784133363097,0.7670713504625534,0.158496604852353,24001.79
2022-08-08 20:00:00+00:00,0.5094057363711425,0.0051528627827233,-0.0131289779830273,-0.0232424795065814,-0.0300897193837077,0.013712449328379,0.9612911896422472,0.0585865681767507,0.2973503498189286,1.555179989717032,-0.3176557384608225,0.1399397838752566,0.5023744492334301,0.0010700806467009,-0.0308880415368751,-0.0474176117886933,-0.0314951099553661,0.0461060674148942,0.8050667286766536,0.1297354707197458,1.7187772226730091,1.228599562944602,0.6529943750210518,0.1593072661714629,23932.9
2022-08-09 00:00:00+00:00,0.5071023265107811,0.0045798143474817,-0.0066443901318421,-0.0169672987817414,-0.0246244620439176,0.0138108607051633,0.8400701170121724,0.0619877848174867,0.6027385947840503,1.065149453737358,-0.2450841883410139,0.1477828656485457,0.5021469703181081,0.001287569896248,-0.0254748686363424,-0.0423959539178271,-0.0269141974882631,0.0463509313512838,0.768027383764195,0.1308374597297071,1.7519443393546963,1.2705031410623997,0.5847121051282985,0.1601083337415972,23824.9
2022-08-09 04:00:00+00:00,0.5069520637671333,0.0037605698555396,-0.0061638475612086,-0.0161625090543822,-0.024342075176081,0.0137383788631867,0.819359299995507,0.0622766687146032,0.581782601093909,0.84910157423957,0.0613290698151072,0.1524943793110739,0.5021614208276566,0.0014402150834855,-0.0252285239533306,-0.0423776599299827,-0.0273861624996604,0.0462865230088339,0.7706806231336255,0.1312474785437992,1.7386635204937242,1.290704706887206,0.5495520601106396,0.1608999210997139,23840.69
2022-08-09 08:00:00+00:00,0.5071390305468327,0.0031275847473319,-0.0064867904215615,-0.0162663225494935,-0.0249636756105585,0.0134287727955862,0.813587771327084,0.063683263540942,0.7003812537371906,0.9188609426829364,0.2224729777883342,0.1569181815273158,0.5022196094661641,0.0015996962252766,-0.0258868019127679,-0.0432649110615954,-0.0287856816686304,0.0460459223355773,0.7814156784933248,0.1314180624719514,1.7588695476699814,1.2025341613930116,0.0930791438847743,0.1616821404391188,23879.57
2022-08-09 12:00:00+00:00,0.4972578203947716,0.0016465224104621,0.0190116376835192,0.0106774281029944,0.0019314549139699,0.0140092912109891,0.3892607931011484,0.0658479497726576,-0.4589549318066203,2.3350932877048773,-0.9049179385473256,0.1538493633412032,0.5009949146008429,0.0016143919331643,0.0009828902234187,-0.0168580430787712,-0.0023692433349227,0.0471270104376843,0.5807150796053568,0.1350058036548888,1.5555156347335652,1.262177407310237,-0.855757175849551,0.1621523449090192,23249.79
2022-08-09 16:00:00+00:00,0.4951655168593,-0.0006867532653471,0.0214916766574464,0.016359298238288,0.0086454212227429,0.0148293803413151,0.2866185976232757,0.066567593082773,0.8627091648450438,2.7669628912955084,-0.3445993491072207,0.1494366440404644,0.5006796353558375,0.0013391953816564,0.0077410281818592,-0.0098448654193711,0.0045256890441176,0.0474941298824946,0.532069038088232,0.135120037318024,1.6515400178220845,1.2890526491912822,-0.7361235578592131,0.1617796048855194,23090.02
2022-08-09 20:00:00+00:00,0.4951866135931516,-0.0024845560388675,0.0179005645329393,0.0156907104575079,0.0091781397794707,0.014760972246082,0.279594037624454,0.0674280011501608,1.6386381272821953,1.1539099989138686,-0.1289548196479185,0.148943173139033,0.5006341118969155,0.0010036848340126,0.0083338116416331,-0.0088073503695464,0.0054014983855161,0.0476101538716737,0.527275506431536,0.1346939726359255,1.7312066108128104,1.2350421702867878,-0.6956830640798959,0.1611307518653982,23069.04
2022-08-10 00:00:00+00:00,0.4964121220926239,-0.003156872534072,0.0122541811858412,0.0116473784794108,0.005963308574723,0.0144126066109644,0.3255775839358063,0.0673532780337465,1.7804329140436832,0.7691957849910032,0.3368610034961699,0.1456019970170258,0.5007619404347176,0.0007565205882197,0.0051642828780431,-0.0115853752509791,0.0023621566165552,0.047469752052049,0.5502551581620512,0.1341736357814506,1.7511836918196424,1.2102071354715904,-0.64935850769129,0.16048957767841,23138.91
2022-08-10 04:00:00+00:00,0.4929083957773341,-0.0044103278469038,0.0195698495131166,0.021504616567985,0.017131669543436,0.01518034645606,0.1731937552244682,0.070448635483939,2.1421691173738924,1.2896057648463843,-0.5638772104028912,0.1488335955899171,0.5002390678671037,0.0003512795683625,0.0163998317094347,4.455348468557219e-05,0.0140510110978182,0.048095413811093,0.4642734036820511,0.1357010293823157,1.797182038672417,1.3139335855177234,-0.7694043321299663,0.1595622967261685,22870.26
2022-08-10 08:00:00+00:00,0.4950383320752107,-0.0048334992938637,0.0109829377175709,0.0145304483772679,0.011308126941951,0.0147886459341679,0.258642185786548,0.0715945625006232,2.8015118547364604,0.5302401423642694,0.6562711101103474,0.1518890822883958,0.5004674883975515,-1.4842340788814848e-05,0.010647044404624,-0.0050894750223163,0.0087265299366665,0.0479236995057237,0.5024977001180311,0.134987797153071,1.9687343717178996,1.291106749518594,-0.7297470118542081,0.1585893425376801,22989.29
2022-08-10 12:00:00+00:00,0.4974353641846224,-0.0044327052390059,0.0033394155108485,0.007319027331744,0.0047958673873786,0.0144586625886694,0.3398659617203388,0.0703138037468305,2.6291901068958463,0.7440933772520312,0.6094264573799368,0.1507471617198944,0.5007400380785904,-0.0002687705193351,0.0041842370049054,-0.0110672150364867,0.0024930822454072,0.0475427506123258,0.5477729375972954,0.1341401501455966,1.942152249481412,1.120916074254526,-0.1745861040003614,0.1576279027486443,23131.47
2022-08-10 16:00:00+00:00,0.509548333098976,-0.0014059716605387,-0.0276664225890561,-0.0272782521171313,-0.03087042813297,0.0159412091298146,0.8454486611491671,0.0690498044820235,2.878693560552941,3.017362400348921,0.7483003050079234,0.152895270087178,0.5024053729774942,-6.726586021610549e-06,-0.031514235139496,-0.0465372335433587,-0.0339396699184266,0.0459440186999074,0.8254426903054507,0.1299042133140127,1.9663908941086796,1.279707965910133,0.6021119836390085,0.1576312586163578,24008.56
2022-08-10 20:00:00+00:00,0.5042325045890564,0.0001581021523277,-0.0099314443639128,-0.0117014045567661,-0.0162125212395154,0.0166042231887732,0.6187610825901052,0.0693304640184063,1.4230697269169377,1.2771404429881563,-0.5484823141634286,0.1531596114347962,0.5017309751309735,0.0001865020729275,-0.0169082238468397,-0.0323994920447594,-0.0200661126779054,0.0468066530197702,0.7145553876087699,0.1323738225851339,1.8262191704619624,1.3568925641852203,0.3967736860734914,0.1578228064673961,23672.92
2022-08-11 00:00:00+00:00,0.5078646013529348,0.0013296927943694,-0.0190980532505107,-0.0226665603482409,-0.0279709155973522,0.0170897244535251,0.7844219452769603,0.0684330361709134,2.4535335140644974,0.9887954254443532,0.5301501642421458,0.1512288634983977,0.5023012428077784,0.0003859567994072,-0.0287018912301393,-0.0442665141731759,-0.0325394828627013,0.0464181488412865,0.8099050035691594,0.1313187828470975,2.0055082818350587,1.43864052162733,0.5425874592541264,0.1580369348918288,23982.75
2022-08-11 04:00:00+00:00,0.5116971463564746,0.0030430140061324,-0.0278692177302453,-0.0342912534599986,-0.0410165205904342,0.0173629995334831,0.9497673960145908,0.0710724633608712,2.200445109607013,1.2526483315914456,0.6318123005261812,0.1539300663231262,0.5029643515390158,0.0007766441882349,-0.041819206854907,-0.0577105053226829,-0.046728584782267,0.0459720500948222,0.9183408542114984,0.1306579507911598,1.9703177759603727,1.4937038206781752,0.8879359151960503,0.1584686256211042,24346.95
2022-08-11 08:00:00+00:00,0.5112042514919043,0.0047418821237644,-0.0229387906657025,-0.0325845773619567,-0.0411767785408753,0.017487072399355,0.9052053431305992,0.0775222023865649,2.099337666609532,1.0935840046193606,0.1144747218084604,0.1600472273781258,0.5030216511958076,0.0013013556554669,-0.0420860711558611,-0.0587035846881603,-0.0484081598177028,0.0461847577717439,0.9246846473577756,0.1322968234564882,1.9489443552196943,1.6426368531372937,0.7936602635178104,0.1591635256295245,24399.1
2022-08-11 12:00:00+00:00,0.5130312375152336,0.005419475881148,-0.025492554676589,-0.0371318954316631,-0.0472109665972947,0.0172418482825191,0.9515407387172728,0.0814222157877808,2.6992526727114594,0.7606590618844159,0.6008687258687273,0.1675390356395463,0.5033769507168778,0.0017544232851674,-0.0482087132391785,-0.0653799076154013,-0.0558049491239961,0.0461089239706161,0.9778040800450812,0.1328912476263551,2.1055054044752595,1.6842270999417084,0.8474660359398888,0.1599818609952708,24599.29
2022-08-11 16:00:00+00:00,0.5088004125280507,0.0058918939316367,-0.0115563607294902,-0.0251072769293961,-0.0368642132174071,0.0176354901371188,0.7948465712692551,0.0882225424985962,2.085168388299157,2.0828570172537635,-0.3278550094606629,0.1779946652727216,0.5028993736240317,0.0022659724236689,-0.0379731163716765,-0.0560492196156447,-0.0470647059404156,0.0466845962952073,0.903320902299407,0.1359553197271434,2.0283541131069818,1.6214872395735955,0.2601216045155525,0.1609605402903237,24383.44
2022-08-11 20:00:00+00:00,0.5060256935927137,0.0047825089845673,-0.0029032629254329,-0.0160353622931028,-0.0284720181307593,0.0181615646839667,0.703942987638767,0.0901600673173286,2.079390470201804,1.0792040894303403,-0.5292152108344591,0.1818738706259343,0.5025235822610774,0.0025227505619594,-0.0296407977208206,-0.0482545370631013,-0.0397348140435825,0.0471674577247161,0.8431551859837282,0.1381763195464829,2.0237310816660123,1.6248281815617365,0.4132488479262695,0.1619508674832465,24204.47
2022-08-12 00:00:00+00:00,0.5026378498466895,0.0032485006990982,0.0070662904094827,-0.0047882569424911,-0.0174573668258586,0.0181830710275856,0.5906842356677636,0.0910515888691573,1.607898289059774,0.8046419419298144,-0.5121261871609987,0.1810291667351673,0.5020204877975335,0.0026588692074499,-0.0186642455042392,-0.037697849983472,-0.0295496098076447,0.0476518610294779,0.7639714295967918,0.1403898629908531,1.921963594386399,1.6075793250990658,-0.0228982601444748,0.1629265968610675,23956.28
2022-08-12 04:00:00+00:00,0.5033048940476155,0.0016109871896595,0.0027599215541809,-0.0072127888996474,-0.019588298313907,0.0181685765310898,0.6215637887472876,0.0908668600230479,1.604745046437153,0.7210937698468848,0.2027027027027059,0.1752243495036485,0.5021302619433228,0.0026569387146132,-0.0207970647411406,-0.0398569627356625,-0.0321262585570779,0.0475217306235239,0.78038672181681,0.1405667719432934,1.9180622445149889,1.502244519456296,-0.2779230868833345,0.1637263943872853,24024.88
2022-08-12 08:00:00+00:00,0.5023937139943939,0.0004463338456751,0.0043947540416728,-0.0041274447142838,-0.0162968488780246,0.0177104474374599,0.5896855227053426,0.0913109745964238,1.5912884536281195,0.4695396631782311,-0.3594703511802076,0.1698229074977534,0.5019919468550209,0.0026678730180798,-0.0175138461071264,-0.0367035196801506,-0.0293454829466304,0.0476568138465597,0.7576152368068013,0.1415373022127156,1.9166574096629128,1.365776719574879,-0.3790841210237828,0.1645080846455925,23960.94
2022-08-12 12:00:00+00:00,0.4988339917572824,-0.0006046874550105,0.0147005029841449,0.0076085845816014,-0.0043125887279262,0.017552086812392,0.4615138903866315,0.0925943363487594,1.3405100542367774,0.6224717760554428,-0.4932091579355802,0.16471264807365,0.5014419851166937,0.002653448788352,-0.0055389273003372,-0.0249597019142758,-0.0178704110231741,0.0482330263940007,0.6728453427517166,0.143527062363135,1.835381509018908,1.340824248951609,-0.7287026872584531,0.1652099905553744,23685.22
2022-08-12 16:00:00+00:00,0.5031545098283177,-0.001453961213034,-0.0015885503031954,-0.0070975168744429,-0.0183360612428817,0.0174100485222207,0.6206503968308706,0.0912742153720119,1.905141684468962,0.6861634451563902,0.9509351535836146,0.1560507580177222,0.502095415911765,0.002526457435714,-0.0195313278241572,-0.0386151746657019,-0.0319578995811583,0.04754790706186,0.7717949838708733,0.1413197501501107,1.9713727365187592,1.009543068424007,-0.3904032792814508,0.1656677282229506,24033.87
2022-08-12 20:00:00+00:00,0.504530648473427,-0.0012733027188743,-0.0061703516044626,-0.0115709205981824,-0.0227854750645412,0.0171853416511075,0.6680146213403179,0.0909200034997519,1.7690107102322692,0.8214893352256187,0.418015188899929,0.1524297159660246,0.5023220479065478,0.0025657845558555,-0.0239890555891304,-0.0431149143334008,-0.0369053846122705,0.0471184387594584,0.8050640814978165,0.1405812842483342,1.9429649453882991,0.930109528048519,-0.0582786620778642,0.1661200488067511,24162.97
2022-08-13 00:00:00+00:00,0.5071661772356021,-0.0007998613101814,-0.0141444223146633,-0.0198951167596969,-0.0312553644122256,0.0167357859723771,0.7574217066061566,0.088004161999574,1.7326079574065123,0.8466747378663387,0.5807398998000989,0.1522838192536643,0.5027522043554358,0.002652131965651,-0.0324735598255998,-0.0516436637557006,-0.045939791975827,0.0464742889278292,0.8686350019751686,0.139675921668375,1.9324238979933328,0.9236609852320782,0.5149826187717269,0.1666046970688631,24398.29
2022-08-13 04:00:00+00:00,0.511474031072277,0.0004831710793458,-0.0258651250157966,-0.0332604362499729,-0.0453511983182578,0.0165928644990881,0.9154337514050646,0.0850623462844079,1.8816956949233392,0.8737994831907883,0.8300014592149436,0.1572159401151237,0.5034854513453823,0.0029047636023344,-0.0466125074767104,-0.0659699993449586,-0.0609162426914514,0.0456678706464653,0.9762303799499246,0.1386256539180841,1.9536792507679608,0.9403759833894588,0.6138089251016454,0.167405685071726,24796.45
2022-08-13 08:00:00+00:00,0.5082640673321843,0.0016273303854669,-0.0132774528335094,-0.0225732987246716,-0.0358725861618298,0.016592813737558,0.7838239686721306,0.0856545618918137,1.2006089274331972,0.638350890262088,-0.6044126416219447,0.1659359220606445,0.5030624299132945,0.0032916737027488,-0.0372204471971377,-0.0573406117967417,-0.0528599840871077,0.0461067882541885,0.9078716296448692,0.1413925604360418,1.8277952680312963,0.9676861252603262,0.4856570944645461,0.1684832570262883,24595.66
2022-08-13 12:00:00+00:00,0.505821806556535,0.0015143269094032,-0.0052349235944116,-0.0147410846588256,-0.0285643180485906,0.0167497764860057,0.6927930406973279,0.0774532430072461,0.9908601192079404,0.5865991838914344,-0.4189717912938845,0.1686764042291846,0.5027319666853419,0.0035031624551179,-0.0299628613915332,-0.0505804548912451,-0.0465908845046212,0.0464730216228709,0.856522534692732,0.1434064401067719,1.7709749217346975,0.9486523988907202,0.6157432646850606,0.1695789446052941,24442.32
2022-08-13 16:00:00+00:00,0.5066405513250615,0.0012321953045954,-0.0077903476583675,-0.0171317954255597,-0.0311950307294217,0.0164360752360335,0.7394794093563211,0.0653145250364008,1.2295759380018825,0.5117574916633193,0.3203957382039499,0.1690931209916448,0.5028906304046724,0.0036413882310252,-0.0326226891630497,-0.0534809495523758,-0.0500050089140593,0.0462826129306499,0.8769021879134532,0.1438839656313106,1.8269843235806889,0.8984586367704488,0.5404495822560298,0.1706616652999295,24538.37
2022-08-13 20:00:00+00:00,0.5044341205797547,0.0009559265986535,-0.0006573166066182,-0.0098717169632364,-0.024271830283469,0.0160087758775982,0.6306528647550225,0.0525197872166977,1.1804654892250657,0.4979835944581421,-0.568814055636898,0.1699193875886406,0.5025829131964278,0.003805250462061,-0.0257407561041916,-0.0470368021570699,-0.0440391145765239,0.0464386840026934,0.8292149247048319,0.1458456051732446,1.8129209004396671,0.8166018884964305,0.2740729291752373,0.171731572566429,24393.5
2022-08-14 00:00:00+00:00,0.5048406616024209,0.0005314597605411,-0.0021533732089951,-0.0108886784078099,-0.0253489710525788,0.0156067096706583,0.656499424230794,0.0497625953415003,1.3485273775312512,0.4243980366135698,0.2216540968937744,0.1681951258954699,0.5026654646525164,0.0038936766055504,-0.0268385433857997,-0.0483413823666303,-0.0458233383488984,0.0461528024447958,0.837979009424368,0.1465122311475463,1.850637413685794,0.7167369627113,0.0817869415807575,0.1727888180449541,24447.08
2022-08-14 04:00:00+00:00,0.506137127997834,0.0004011566746623,-0.0061678879103018,-0.0147463169830964,-0.0293321568106664,0.0152226687623952,0.7430979796230082,0.0475741635916954,1.6837572903087124,0.974142741826856,0.4340718361866474,0.1674805628852889,0.5028902074224226,0.0039970424272002,-0.0308431969437318,-0.0525276690491687,-0.0505129813056532,0.0456540012906039,0.8676304344306576,0.1461122239954547,1.9074540970020772,0.7114429316816829,-0.3722068560891813,0.173833551581084,24576.34
2022-08-14 08:00:00+00:00,0.5093636417086086,0.0005826939419359,-0.0154784475779413,-0.0242877863628945,-0.0390905432440267,0.0147262448512542,0.96043541680633,0.0460118003469189,1.9831750197671576,2.540078042169421,0.5203205914106381,0.1688400990533849,0.5034137993045825,0.0041237866458672,-0.0406233313018669,-0.0624278897381819,-0.0609551917579754,0.0448796301774208,0.9397553580689562,0.1445034059781657,1.9444871918898217,1.0293964454221702,0.3506531513555209,0.1749267720217073,24859.05
2022-08-14 12:00:00+00:00,0.5049842736614416,0.0006258930279641,-0.0018289049872142,-0.0109225844096837,-0.0262534986456831,0.0152398987892521,0.6767470650604511,0.0479049619227874,1.3431049402227606,1.1220039543095346,-0.8437979866916899,0.1763005718965943,0.5028014944483619,0.0043409463791234,-0.02784289692628,-0.0502780332553782,-0.0493149909856199,0.0452426073273089,0.8507681788531155,0.1465101766568197,1.887830197102868,1.1196060192408734,0.1654859733635582,0.1763123402503481,24564.18
2022-08-14 16:00:00+00:00,0.5042116656370319,-1.7198984643834848e-05,-0.0002006398815094,-0.0084442352478297,-0.0236518330117313,0.0151096252423665,0.6422704932551399,0.0478023641487442,1.5014670878388603,0.5780604751136319,-0.2018139440616031,0.1781041947886135,0.502697799142085,0.0043775404762279,-0.0252548390003521,-0.0479044172950793,-0.0473849074594981,0.0451362171100885,0.8341543307431473,0.1462943188606812,1.936618776839431,1.1193869408229509,-0.0255380947814046,0.1776815110100818,24522.49
2022-08-14 20:00:00+00:00,0.500951065105561,-0.0010791581028576,0.0079247421948112,0.0012279627353455,-0.0135472569295044,0.0152108170058091,0.4480981293697512,0.0480594791951826,1.3159086042739816,0.9727906431847384,-0.5567125768479271,0.1740706039056746,0.5022078074257961,0.0043241345179596,-0.0151520959808795,-0.0380214094335195,-0.0378676720431907,0.0454505177118487,0.7642887293161053,0.1468153212516503,1.8879013027448253,1.1926409442567043,-0.1201812802641673,0.1787998921913378,24286.6
2022-08-15 00:00:00+00:00,0.5010652965411899,-0.001792841728449,0.005973890889388,0.0006101338196775,-0.0135795157815171,0.0149505321608528,0.4738384754629689,0.0465557442857473,1.3368717871007056,0.5578751205367889,0.053236469864693,0.1692288897416884,0.5022159282214791,0.004213370085888,-0.0151672893363719,-0.038000977061132,-0.0382059219633691,0.0453241954166402,0.7645993500698174,0.1457721090990046,1.8898844644840025,1.207660126426972,-0.1610247432047604,0.1798089040447639,24301.71
2022-08-15 04:00:00+00:00,0.5080294173911375,-0.001157013276472,-0.0152971309716961,-0.0210161510326173,-0.035033307206845,0.0151943804539705,0.9387507986575412,0.0476275994299619,1.6889224619867724,1.6750231828748812,0.5463978710776706,0.1702859058238919,0.5032931503192283,0.0041963988376153,-0.0366058262807759,-0.0591569978911619,-0.0598187808361173,0.0442100970618816,0.9245183188768952,0.1397554535981108,2.020288040174061,1.30373709871112,0.2771746288595775,0.1808408534002757,24869.32
2022-08-15 08:00:00+00:00,0.4970481616987123,-0.0013618232842125,0.0191130513755051,0.0136349920695806,-0.000687222037533,0.0172316709705876,0.2210849369861934,0.0500816296567151,0.6151116575281267,1.7058969245389222,-0.8030827698629329,0.173609031973566,0.5016109993713798,0.0043349334475516,-0.0023184729847262,-0.0257776953614469,-0.0268891459340028,0.0457443511276505,0.6803337177157459,0.1414985364656915,1.8444904112595213,1.137905531243028,-0.6526941845474883,0.1819299452942337,24035.65
2022-08-15 12:00:00+00:00,0.4975371368778847,-0.0025908582921493,0.0148242587759341,0.0115342161539078,-0.0016840416880601,0.0182397370399319,0.2288826237305448,0.0484773837477913,1.082072016935824,1.2550015815469306,0.0634783005521832,0.1645967089458661,0.5016451009786724,0.0040610173714994,-0.0032657627618039,-0.026445951887109,-0.0278135672397421,0.0458041214446,0.6865845295921945,0.137182573007837,1.879218951437756,1.1393556955400008,-0.3742619420957459,0.1825805889232068,24063.47
2022-08-15 16:00:00+00:00,0.5000012797232517,-0.0032933536093898,0.00450477654434,0.0028903293352702,-0.0092318156554621,0.0179349412088785,0.3794028953797201,0.0467047954320092,1.156976064782522,1.7313833709116533,0.509271178548926,0.1556814971693094,0.5019877745483692,0.0037679820550483,-0.0107551062877883,-0.0335048337853647,-0.0351109535523248,0.045563587124287,0.7441655936869873,0.1311474390030617,1.881740240923505,1.3363755312201084,-0.2024248062480785,0.1832156067952735,24250.42
2022-08-15 20:00:00+00:00,0.4967941259644294,-0.0036432084817068,0.013840622755834,0.0133649645888214,0.0019766407853964,0.0177460267277127,0.1103777081175224,0.0444374445194087,0.985871269044242,1.0663359547968945,-0.8508972164098806,0.1480982435187838,0.5014458633770791,0.0035674062742925,0.0004787557231822,-0.0222926281554173,-0.0241732429945267,0.0461828334992184,0.6584767099954877,0.1270158875678682,1.831476023495573,1.3530731159803893,-0.2282183826122204,0.1838431095658843,23983.67
2022-08-16 00:00:00+00:00,0.4983047728908075,-0.0039417605533653,0.0070876136967132,0.0078453041555914,-0.0025061232833545,0.0172513464789882,0.1797168268654051,0.0411121895329767,1.0129774235837643,0.974857521536584,0.2624542606366473,0.1397003258477721,0.5016405632304027,0.0032614944898722,-0.0039454939019415,-0.0263057514834827,-0.0283932391819465,0.04609708879324,0.6942877733605105,0.1209441838919645,1.8263806154083728,1.4330987897960443,-0.143471274442288,0.1844182460981401,24092.27
2022-08-16 04:00:00+00:00,0.4984748824709307,-0.0038216673061164,0.0056467705256098,0.0070295535979987,-0.0025463656507764,0.0173267788601244,0.1800128613336021,0.0407973929191821,1.3678257736006738,0.920008907235883,0.0064220879370961,0.1305564901780594,0.5016263416126376,0.0030149359778265,-0.0039423859627986,-0.0260432108605346,-0.0283626062295488,0.0462347698722696,0.6955474531668969,0.1158024850286165,1.902144031974889,1.3301658949230155,-0.6379978676099861,0.1848354930010713,24096.31
2022-08-16 08:00:00+00:00,0.4984092090528367,-0.0039384596970342,0.0044951962929522,0.0068343692182406,-0.0017877021980012,0.0172721317222857,0.1860370249069203,0.0428469622054421,1.234214882268757,0.6362427436965513,-0.0571520167871211,0.1224451254030295,0.5015733680845382,0.0027074283364147,-0.0031290526095729,-0.024892363155867,-0.0273963014768772,0.0461619011262732,0.6889232207382427,0.1104806253276422,1.8617810536815376,1.1641656701311662,0.0749254061222241,0.1852478020070622,24076.33
2022-08-16 12:00:00+00:00,0.4980883554140646,-0.0036640726901667,0.0047881684175978,0.0075067727868434,-0.0003862429702519,0.0167723470743131,0.1867027580343818,0.0440274521601039,1.3046467240439543,0.5621725970240432,-0.185153967183638,0.1146362349841568,0.5014970138092602,0.0024487386398846,-0.0016829784570508,-0.0231778092549566,-0.0258866979581681,0.0459416578568766,0.6762995607868594,0.1054122393433835,1.8802521318763736,1.0530525298078068,-0.0414003998902242,0.1856552315535165,24043.36
2022-08-16 16:00:00+00:00,0.4965957928402341,-0.0038548823311059,0.0084918298889422,0.0122111059828198,0.0053015219231793,0.0166672533319898,0.1033064550480569,0.0454995903980719,1.3083646908752402,1.645189098704095,-0.329572418927088,0.1102636808893334,0.5012030586626601,0.0021109159025899,0.0040614264924034,-0.0171254504769449,-0.0199875432935852,0.0459394232687528,0.6183119197062382,0.1005830891739937,1.8546762237154724,1.0468142156095002,-0.5656555867816673,0.1859804459626107,23901.84
2022-08-16 20:00:00+00:00,0.4972610982117664,-0.0038068036540226,0.0052783140185947,0.0097091025725268,0.0037760095347536,0.0165505739414279,0.1776259381805358,0.0479327835814015,0.9681706043224656,1.126213468659799,0.0893984801455628,0.1077297543986821,0.5012477465793431,0.0017585573808922,0.0026013924618926,-0.0181144051123832,-0.0210973198309853,0.0456325572457153,0.6285926164949335,0.0972274389847619,1.7945055218895354,1.0643322250903535,-0.086299873715826,0.1861713989258888,23931.96
2022-08-17 00:00:00+00:00,0.4965432743657169,-0.0035118836035963,0.006968189791612,0.0117016787184514,0.0065401910274334,0.0163170256767848,0.1523870559901332,0.0496162518028229,0.7944448421153134,0.5877043063838717,-0.3764346240480601,0.1036302075670771,0.50109905628679,0.0014520875299964,0.0054186074738173,-0.014956690782593,-0.0180849623780958,0.0455157259406253,0.5951838317593416,0.0967134506212145,1.7607522621315628,1.0000088115826795,-0.3958667531315085,0.1863600920616006,23861.8
2022-08-17 04:00:00+00:00,0.4986039686049943,-0.0028598701061788,0.0001827026179648,0.0046242260787168,2.2469731233654144e-05,0.0158009315914225,0.3053457851193142,0.0495307782839633,0.7259790071443404,0.7764360974557011,0.5917039758160263,0.0981471522821687,0.5013906866289373,0.0011953521992193,-0.0010479717631809,-0.020971587821948,-0.0242424404557104,0.0449577840675561,0.6591316757104311,0.0955600613921806,1.7453261400754714,0.9820875079385232,-0.1642571769842211,0.1865465521136131,24016.18
2022-08-17 08:00:00+00:00,0.4956532832877547,-0.0018394515107033,0.0113306405092712,0.0147832052920879,0.0102541965889959,0.0159323842423187,0.1170221160997534,0.0498532262802704,0.4144732932760961,0.985268295969694,-0.347874393310331,0.095062435594568,0.5008979528413341,0.0010679731076915,0.009195660242107,-0.0107531759356918,-0.0142809557737506,0.045183904068518,0.5517101066099013,0.0964867624902732,1.6878135894691713,1.06011002650855,-0.3817729887634698,0.1869129788993977,23778.34
2022-08-17 12:00:00+00:00,0.4954896545848609,-0.0021609275293533,0.0106636392796408,0.0149489923177321,0.0113112445640939,0.016721863270541,0.1263878996554615,0.0507596280011704,0.2377877403629019,0.7347978849688184,-0.1451165612271504,0.0893039671742959,0.5008220216724265,0.0007153308581094,0.0103165294223159,-0.0091742763907726,-0.0127897076366179,0.0451011476005448,0.5343078734904738,0.0960578072801752,1.6570338708190495,1.107193661343398,-0.3826570487770493,0.187462993885166,23744.85
2022-08-17 16:00:00+00:00,0.4914048120631513,-0.0032078870071206,0.0228326821770394,0.0291286248856144,0.0269006752461511,0.0171096619054163,-0.1101889818668208,0.0541622494848019,-0.7292681574531008,1.6463816225635417,-0.8518702341740749,0.0889602068358202,0.5000665485292037,0.0002029179722788,0.0259888725542691,0.0069221558651058,0.003281156568939,0.0458112422296915,0.3656492311377747,0.0971945270722153,1.51650078981266,1.1448619974169914,-0.471875635572612,0.1875413565452003,23364.92
2022-08-17 20:00:00+00:00,0.4907606100040407,-0.0039352014668047,0.0230791447382889,0.0311241219271252,0.0303922177620081,0.0170086646867443,-0.1194894238313195,0.0561256138147497,0.4070063664444895,1.2991947214092587,-0.2497534516765254,0.0894893755269267,0.4998645988040989,-0.0003499355740443,0.0295816236236514,0.0112340650089919,0.0076482729964004,0.0460501939488629,0.3226504124899089,0.0976671069463349,1.6044358104029046,1.184396873247488,-0.5494501882016469,0.1873913393880007,23263.43
2022-08-18 00:00:00+00:00,0.4923895577187151,-0.0043317754265768,0.0150114237435445,0.0244343616955997,0.0251661928688586,0.0169338126039238,0.0274532707083617,0.0594157129677161,-0.2489554742429023,0.5348521214671209,0.3987753703862322,0.0904137099333358,0.5000508426555306,-0.0009067439762772,0.0244652354400027,0.0070197262364761,0.0035443516803022,0.0459636185105515,0.3664216870873445,0.097310824933975,1.5356890389085904,1.1776850098833558,-0.397098592659754,0.1870250381763644,23357.89
2022-08-18 04:00:00+00:00,0.4937245361313167,-0.0039870977886917,0.0092294446836329,0.0189809629105697,0.0207474209605689,0.0163892103085747,0.1317274842040085,0.061369142315534,-0.0538182631350533,0.4731544352144702,0.3744403223743205,0.0892524995355291,0.5002108771215172,-0.0013593847108675,0.0201352811196462,0.0034510050434188,4.0980336196039246e-05,0.0459014371788113,0.4038668862971027,0.0969921205004823,1.5764991075656116,1.1197668662055005,-0.4545748413292834,0.1866623962037159,23439.74
2022-08-18 08:00:00+00:00,0.4937234664190738,-0.0036441228428557,0.0081293130278823,0.0181480423942037,0.0208950548822508,0.0157945343021045,0.1569773888484463,0.0631906176833485,-0.3182903828940724,0.3538114433917992,-0.1839707303603572,0.0883361856735509,0.5001637973021669,-0.0018090420108768,0.0203674888566907,0.0043717500794773,0.0010242172457732,0.0460026001686033,0.3956738517681885,0.0970232102592081,1.5193408640263832,0.9952789742140548,-0.4869262135138431,0.1863040459074692,23416.51
2022-08-18 12:00:00+00:00,0.4955251873738145,-0.0029490502910889,0.001943181713599,0.0115952850554297,0.0150205544810584,0.0152362983854291,0.255467423985282,0.0574065476681644,-0.3182502840502005,0.3954691793118973,0.4886363636363653,0.0860577894476188,0.5003998145264039,-0.0021753494225784,0.0145667338674932,-0.0007322660584269,-0.0040241900838873,0.0455700487887164,0.4497111166451187,0.0964514688290025,1.5224452249373268,0.924373525752413,-0.3565795364534924,0.1859499364978996,23535.44
2022-08-18 16:00:00+00:00,0.4947763391275236,-0.0023434174794609,0.0044774882251279,0.0137827714587261,0.0178185547358942,0.0148846263976183,0.203597619664913,0.0514784226612027,0.0173054081298022,0.8698080226312794,-0.2855622561191897,0.0837210879092663,0.5002353569513649,-0.0025349996298318,0.0174299534437072,0.0026735914205799,-0.0005914719166336,0.0454318256788545,0.4153851720626678,0.0967212258466847,1.5246580008533492,0.7464486584997053,0.1971039219546344,0.1856000177863509,23454.84
2022-08-18 20:00:00+00:00,0.4936915154669508,-0.002160962855601,0.0073653853561437,0.0168617761913241,0.0217147041734155,0.0147476096780916,0.1532983458618002,0.0530093427513302,-0.8692093590750769,1.0829012438318286,-0.4356961623850331,0.0854723256535972,0.5000147808045492,-0.0029571239949132,0.0214028799784242,0.0072682385288951,0.0040767499450149,0.0453304432819439,0.3689346330537179,0.0972325370320371,1.463029708885618,0.685537955929879,0.1914924022293177,0.1852542401781223,23345.16
2022-08-19 00:00:00+00:00,0.4917405364010154,-0.0018861160814433,0.0132311814965848,0.0227468982558984,0.0283210238610878,0.0145369164935189,0.0521056302000121,0.0539422972853993,-1.3272577909808254,0.8497877659815892,-0.4943961607116651,0.0884961215362234,0.4996724564561268,-0.0033624705375533,0.028080618917027,0.0145103974085321,0.0113830150401976,0.0453264377513343,0.2964653239350672,0.0979543311063803,1.4200733764434603,0.7256603674236335,-0.3572544801412518,0.184878349872259,23175.9
2022-08-19 04:00:00+00:00,0.4872060034232233,-0.0031341843192903,0.0254155997889222,0.0372917799389935,0.0446953621049712,0.0155822919587246,-0.1327882828993436,0.0621269242106281,-2.386869279113647,1.4105496085945253,-0.8086302422453263,0.1016930370460468,0.4988745704798938,-0.0041018178525725,0.0445835185152931,0.0318823681750812,0.0289883170307487,0.0460001524477873,0.1266013089618753,0.1004268672212247,1.356609509941278,0.8727401157854996,-0.7520218973169049,0.1837594293331098,22775.53
2022-08-19 08:00:00+00:00,0.477591913861039,-0.0050513839737263,0.0590606355574359,0.0747044491331689,0.0847991991376884,0.0170789122412356,-0.4825662815843378,0.0793594992121856,-2.71640551070448,2.30771020829759,-0.6393236102912601,0.1210803248515531,0.4971196165834064,-0.005155309122378,0.0848569210231662,0.0730714960256118,0.0704986910109535,0.048022387224639,-0.2441625334191592,0.1063510789914426,1.333129368284141,1.197618643116079,-0.7119990701999063,0.1825059698841725,21886.54
2022-08-19 12:00:00+00:00,0.4746776561215594,-0.008562485707271,0.0660770827290115,0.0882450317392904,0.1025933941531813,0.0197583168381127,-0.3560343268387349,0.1095057206324037,-3.0467011928746555,2.567972475810802,-0.6601576357719082,0.1500507149721544,0.496319136754286,-0.0066412331588341,0.1029252725142195,0.0930843488258161,0.0912466468715722,0.049600053754872,-0.3805450442690392,0.1132790841661607,1.2943960050399197,1.5922273008411738,-0.8912294863757761,0.1812964251789759,21459.72
2022-08-19 16:00:00+00:00,0.4767187682965429,-0.010917911074455,0.0528147331113346,0.0803190190112861,0.0987467632271108,0.019962437795438,-0.151956339928051,0.1349741270188993,-2.5398478318002526,2.260451407893701,-0.0137096533842046,0.1795374324623692,0.4963611137277928,-0.0080828462055647,0.0993636404729609,0.091829427480552,0.0908650592664628,0.0502685533054867,-0.3355358136978615,0.1182838084540453,1.302355894188935,1.878356220331853,-0.9071018423606908,0.1802942991827346,21455.1
2022-08-19 20:00:00+00:00,0.4772534761158886,-0.0117215617166206,0.0472315443816424,0.0782393837923436,0.1002509174598309,0.0199875625081451,-0.0715233702269448,0.1526558160548102,-2.910573470512048,1.575336150699034,-0.2086470167018279,0.2057980215259563,0.4961988538655394,-0.0094489548909721,0.1011339156908315,0.0957589495668242,0.0956445241819163,0.0511461517886233,-0.3360225280543674,0.1232860726689679,1.2318621850986282,2.006614489751384,-0.8648732997546612,0.1793400721828443,21349.57
2022-08-20 00:00:00+00:00,0.4737765164241204,-0.0127505365645849,0.0605445883358359,0.0958413513446969,0.1221788434452393,0.0207308060743463,-0.1074325560927861,0.1756198511878341,-3.2356253900932304,2.2323233100946407,-0.8327970523999255,0.2319628358463565,0.4952790262997025,-0.0111312133917207,0.1233725938971652,0.1203045373898699,0.1211749427266448,0.0531024601411725,-0.4656679347151128,0.1329993224341359,1.1694375692746697,2.331906819894258,-0.9591728985262152,0.1786763544382143,20850.04
2022-08-20 04:00:00+00:00,0.4786836996506753,-0.0123085550593337,0.0364968813390933,0.0734676118974679,0.1027664642714085,0.0206382411468205,0.0471047131556434,0.1880541671899253,-1.3398885253620636,1.0376422061806123,0.7021849670241198,0.2580190041593778,0.4958910619232716,-0.0123376342165283,0.104214865731512,0.1035271235762407,0.1053647304081588,0.0529492465751598,-0.3142781066791233,0.1377846047262042,1.3239371528703208,2.305193523164518,-0.7978791195427467,0.1782794724017556,21134.41
2022-08-20 08:00:00+00:00,0.4816951050442094,-0.010728366769708,0.0226675186291849,0.0595745298078034,0.0911122199107603,0.0199379464389976,0.1341393132773196,0.1944935533539085,-1.2492141987745835,0.7921911832958274,0.5169934640522893,0.2790276289863119,0.4962298152227443,-0.013390779276876,0.0927792262275573,0.094169620159656,0.0968870727518098,0.0529332025424063,-0.2263922234259676,0.1422613423805653,1.3337766418445054,2.0806012418352644,-0.530360598065084,0.1778872872547882,21284.7
2022-08-20 12:00:00+00:00,0.4822054391405627,-0.0089928742179491,0.0190472808650532,0.0554765114860305,0.0890773791110519,0.0194294219781972,0.1653051421618225,0.1980104074813556,-1.232788972291675,0.4996395040300633,-0.1797852866966834,0.2959225937548824,0.4961958616694395,-0.0144466465966523,0.0909559271555426,0.0943106974453926,0.0979032192664748,0.0529359261932672,-0.2048644514033177,0.1476078311312861,1.3228297015346293,1.7253653175567447,-0.2369165810795398,0.1774997434121034,21252.09
2022-08-20 16:00:00+00:00,0.4836376990713479,-0.0069515650691197,0.0130626132976745,0.0480851740861731,0.0831134804413957,0.0186663955885055,0.2062964958906573,0.1942083140834296,-0.8180047559930261,0.6639420830122862,0.3390931618779758,0.3100358758353615,0.4963229979351941,-0.0153132899084267,0.0851708085802973,0.0903202641262539,0.094730485180027,0.0526758341896918,-0.1619457534907072,0.1518647998873424,1.4008779031021563,1.4321744299921937,-0.1782836927992693,0.1771167859463133,21301.15
2022-08-20 20:00:00+00:00,0.4808425215824947,-0.0053547124879247,0.0247473590983589,0.0590321831633045,0.0959526729285393,0.018410498118634,0.1590849475032201,0.195928001441213,-1.568581871388657,0.8967313251584647,-0.7452908032156909,0.3231070111799886,0.495731938781866,-0.0164105694767548,0.0982185489121059,0.1052382423127313,0.1105604904542392,0.053247205719888,-0.2309782961430383,0.1588028268232293,1.2444075956258036,1.3025072228111323,-0.6079758590220254,0.176738360580068,20984.89
2022-08-21 00:00:00+00:00,0.4844526812550353,-0.0040498568741873,0.0126758553054657,0.0457698670102393,0.0837597952256252,0.0186426396931224,0.2301707853092998,0.195130895417244,-0.4224459469344188,0.9546516230741796,0.3392474325731427,0.3387888361744834,0.4961235878207564,-0.0171414235633388,0.0861850543845812,0.0949587188312777,0.1011150592069569,0.0525424060815688,-0.1539345173661006,0.1625588427778156,1.3506781418213416,1.0379395076672673,0.4836437908496758,0.1763837163601037,21151.45
2022-08-21 04:00:00+00:00,0.4857629180241044,-0.0022638807529629,0.0082645005930968,0.0392938349666212,0.077891999171068,0.0183798586034003,0.2670402541849678,0.1925408944723867,0.1117802100207723,0.5481249899571267,0.2505527251754335,0.3520640815239543,0.4962572290368001,-0.0177705721632249,0.0804521540442593,0.0907710502134082,0.0977038675273029,0.0521318934347096,-0.1170337842521175,0.1664029186405355,1.429895865925384,0.9260811754727476,0.1147712418300679,0.1760398081177565,21204.65
2022-08-21 08:00:00+00:00,0.4870161942882592,-0.0008460568323758,0.0041586504895501,0.0333179190572447,0.0723974976952046,0.0176815116425853,0.3017708344522605,0.1889119041636017,0.2915521181688804,0.4478527793854641,0.2171190933187024,0.3637473543435331,0.4963793528410399,-0.0183507380431867,0.0750835313136992,0.0868926405216057,0.094597597071582,0.0517395756766011,-0.0837871925869526,0.1702319859571993,1.4504204632869493,0.8441674526814908,-0.0602975854395717,0.1756999698479982,21252.12
2022-08-21 12:00:00+00:00,0.4915197154395073,0.0011308236262596,-0.0087028408814571,0.0171438657930269,0.0555316384314235,0.0175358187731042,0.3942934336290051,0.178181689810963,0.2998198349393809,0.7608691490895358,0.8424332865168485,0.3682051359378138,0.496997036254774,-0.0184997681331729,0.058269534506101,0.0711232989258001,0.0793930601945085,0.0508451619599176,0.0094830763026263,0.1711851119584669,1.4415195068826332,0.8901352203275359,0.3606138744596806,0.1751535539046111,21540.01
2022-08-21 16:00:00+00:00,0.4906251328841192,0.0027301645557567,-0.0030355524854733,0.020161427150531,0.0583628503396627,0.0172719510740796,0.3857874977803792,0.1686525885415009,-0.1296742287071781,0.4981802237172824,-0.3982359426681223,0.3693922544685121,0.4968084382317976,-0.0189039111632457,0.0611868798259758,0.0752054085113576,0.0841544269435559,0.0509474112639148,-0.0061975769274504,0.1750390264585695,1.3741185424842182,0.849182529406645,0.1611826591692372,0.1744582128357268,21434.31
2022-08-21 20:00:00+00:00,0.4923081146790967,0.0039685521127323,-0.0064259223175303,0.0141203040004458,0.0516496698598425,0.016643799087096,0.4331147028483234,0.153413796419845,-0.0022418156906321,0.4687506289468163,0.3946092350705437,0.3705329162391004,0.4970180375595976,-0.0190710167468831,0.0545222143957127,0.0694961282546409,0.079020514040659,0.0505862682780153,0.029138728977134,0.1770889306646337,1.3876426025368411,0.7566708375489061,0.6530382731724994,0.1737700119549003,21525.32
2022-08-22 00:00:00+00:00,0.4928926439257787,0.0051017526256186,-0.0045038828771877,0.0134261832019777,0.0502044270527424,0.0168561389279658,0.4532985691792457,0.1346960365648576,-0.1458080112888948,0.9266215666766612,-0.0219568567026151,0.3644826300504167,0.4970404908230278,-0.0192269906908572,0.0531198004094606,0.0689791570967404,0.0790734553650358,0.0504497280109658,0.0361118178089731,0.1796871042691239,1.378499500304564,0.749571871959895,0.4965166609412575,0.1728283630635314,21513.86
2022-08-22 04:00:00+00:00,0.4919725425115039,0.0055565905841887,0.0007065341140664,0.0169384823181137,0.0533085495593541,0.0169608993352294,0.4401020783987376,0.1142541455190377,0.1869891641154202,0.6360277594921855,-0.6263199658182231,0.3582116901790464,0.4968545492005152,-0.0194884866525472,0.0562846367043172,0.0731366221197908,0.0838731557371244,0.0505020920258901,0.0193019737441306,0.1832605218615484,1.4030972871096992,0.7704717632296154,0.2791343181037436,0.1718276888062214,21407.75
2022-08-22 08:00:00+00:00,0.4882877047519687,0.0056216858309807,0.0152234186713915,0.0304842165232281,0.0669279977120946,0.0166869071091935,0.2989510533814041,0.0859228184697803,-0.331551854708674,0.781338275894929,-0.7194721728428815,0.3534817412672854,0.4962419217926851,-0.01995617408011,0.0699978571571868,0.088044286619876,0.0995597710046833,0.0510547969672087,-0.0499613281555861,0.1887970249131131,1.332901141419969,0.84339547588877,-0.2173254949658727,0.170842562755722,21091.29
2022-08-22 12:00:00+00:00,0.4914974147401148,0.0049040502034772,0.0047679002173508,0.0197590407914036,0.0558704436255346,0.0171542747576307,0.4162570382843709,0.0612855376042423,-0.4421255243096333,1.0290070603873522,0.3841092211280167,0.3561283365054429,0.4966416090102828,-0.0200658111160035,0.0589842553927539,0.0779637855582693,0.0900747344906207,0.0505453696705803,0.0052976358041781,0.1906052342005873,1.3108361708908736,0.9041023340268072,-0.3095019825710429,0.1702220028618958,21262.45
2022-08-22 16:00:00+00:00,0.4945153157765391,0.0047160079044284,-0.0044292295610228,0.0096366908546445,0.0450816201979153,0.0168354908000025,0.6793644754470198,0.0332018518559971,0.5503567557206689,1.5840551725677408,0.4889088057360544,0.3577917278902812,0.4970463300561548,-0.0200591644700159,0.0482169378093839,0.0679599553718033,0.0806003050384966,0.0500402333128748,0.0585447919478913,0.1919941230145733,1.3762692769428773,1.1355415520622096,0.0022642176299708,0.1696157346799094,21437.04
2022-08-22 20:00:00+00:00,0.4902902499596067,0.0044250830246834,0.0121304526717507,0.0259807120140027,0.0617710240233806,0.0175449804430577,0.1366388668938389,0.0300612238112071,-0.0625300585094712,1.0418959707016036,-0.6573106262807181,0.3545322898762878,0.4963146982701441,-0.0205811165874821,0.065011431506595,0.0860486902093389,0.0995685135436312,0.0508533846156864,-0.0216359793946677,0.198683074262328,1.3300912292707228,1.2468080466506228,-0.51904704050188,0.1690166413619664,21055.32
2022-08-23 00:00:00+00:00,0.4952472622415073,0.0041106449105964,-0.0056780058215412,0.0074223872530259,0.0423009468074897,0.0171099241145546,0.7095235528825429,0.0293579420088272,0.2806497774595791,0.8189564134233309,0.917050327536768,0.3528273585629097,0.4970562412396604,-0.0203736818907056,0.0455312695735585,0.0671126868387868,0.0810481632048125,0.0498729073703777,0.0722708617476555,0.1985774965802407,1.3746874106999702,1.206060509097511,-0.1638295582107005,0.1684246379973365,21403.82
2022-08-23 04:00:00+00:00,0.4934856559571729,0.004533123538499,0.0021871686776697,0.0139192947236557,0.0482296818325678,0.017172355473435,0.4658919856573627,0.028722817276348,-0.0032935207146927,0.6244915764941152,-0.6581238908835652,0.3437080026794863,0.4967604939311034,-0.0204942511996898,0.0514961657240551,0.0739058425887269,0.0884955020745343,0.0500101125498241,0.0437940625516265,0.2025248938099365,1.3147070803226413,1.1825820790168668,-0.246959142562775,0.1678396406801629,21246.38
2022-08-23 08:00:00+00:00,0.4948923850923431,0.0040827792677589,-0.0023712963261475,0.0090503394680969,0.0428874754888255,0.0171328149267322,0.574950601042748,0.0282947316176708,0.6286832331338118,0.9874777775493824,0.1479195970779081,0.3396845047134393,0.4969337194336614,-0.0205009103059401,0.0461766419533031,0.0693250961599885,0.0844883839248795,0.0496255477131347,0.0691552818064771,0.2049164455844762,1.3840856007669753,1.1838768676211702,0.3412065015146606,0.1672615664975711,21312.72
2022-08-23 12:00:00+00:00,0.4970182695315485,0.0046712734415807,-0.0074332585742119,0.0021437974656544,0.0346774144715329,0.0176045885436913,0.7842846666492743,0.0272988633823793,0.5796828084548716,1.0992878843096971,0.5195452125636839,0.3318577657972812,0.4972556525963309,-0.020219571069282,0.0379352549879521,0.0614254707175183,0.0769770868660577,0.0490842996550067,0.1086911523302758,0.205812328069175,1.3772091835940938,1.1427941776473372,0.28527509806,0.1666807986977808,21450.85
2022-08-23 16:00:00+00:00,0.4973616504645933,0.0052443741734702,-0.0060860850935586,0.0016666393321145,0.0329598282477339,0.017373309096855,0.7671109788389493,0.0281561082519039,0.8613344953596638,1.8392980309284657,0.0215203152910492,0.3218357738107727,0.4973118273961612,-0.0199945652688625,0.0361934300049693,0.0600621434467645,0.0760528438673289,0.048885977712424,0.1178325211522191,0.2077224718366271,1.4095640211235176,1.106983188638089,0.0280946532798179,0.1659826387805475,21459.23
2022-08-23 20:00:00+00:00,0.4983608403634692,0.0055034866377108,-0.0077767354262492,-0.0015236944944543,0.0284848327593214,0.0170835880998958,0.8475203657374946,0.0287814766758088,0.9605019019129872,1.0117075688066226,0.2721446179129055,0.310702705544942,0.4974761310150752,-0.0196963204306516,0.0316821702025282,0.0558265492289471,0.0721983265607135,0.0485909680683208,0.1398635257832254,0.208954239064726,1.4206181458671054,1.0653748011208954,0.5965081093399826,0.165186662359254,21526.38
2022-08-24 00:00:00+00:00,0.4985013080599638,0.005651404082315,-0.0064946367277896,-0.0015837356312333,0.027200007876668,0.0166724459840895,0.8208328928309593,0.0298355424631108,1.0006447756563313,0.7223015548007409,0.0153603603603597,0.2989345525422997,0.4975050565747101,-0.0194200919696891,0.0303637930600846,0.0547916106866712,0.0715667117980218,0.0484434800443403,0.1465878863986741,0.2107083850624204,1.4213537645651324,1.0313877083933656,0.1563501006545729,0.1644001058989185,21529.34
2022-08-24 04:00:00+00:00,0.4953701220367004,0.0049974890894521,0.0052314063157468,0.0101339038074441,0.0385617145476979,0.0168781615536928,0.3969995033501802,0.0297376583575524,1.5457847825011928,1.0357880883547157,-0.6440508184705621,0.292029869756466,0.496995914610139,-0.0195019812201416,0.0417550230861072,0.0669336926645822,0.084399137510251,0.0489074202990523,0.0955101871378062,0.215570924780469,1.4728463631802124,1.093760837314994,0.0206879961510706,0.1636228579192736,21263.86
2022-08-24 08:00:00+00:00,0.4961605636158402,0.0045642934585844,0.0028915445346577,0.0074366959237599,0.0349924899836668,0.0167345156519629,0.4430558536776544,0.0274795863900041,1.7940708850255678,0.8325314956005817,0.1700591671938406,0.2854116491437352,0.4971163002598575,-0.0192553691611703,0.0381606388542574,0.0636606898790805,0.0815421893527155,0.0486176033583448,0.1123289299818044,0.2171996563621201,1.5042714226278475,1.0650544691068424,-0.0087575877168251,0.1628548082593624,21309.56
2022-08-24 12:00:00+00:00,0.4982946725656937,0.0041786815342336,-0.0041753262370355,-1.633235275899647e-05,0.0265359088924208,0.0162100129455373,0.6889652926888329,0.0267993359601179,1.7298681754793408,0.7824577569718004,0.6905718557278876,0.2778708923908253,0.4974468569534638,-0.0188970969136862,0.0296601040413826,0.0553175175981772,0.0735112477418431,0.0480021804839195,0.1504692266494252,0.2176786867699387,1.4950778255233952,1.0203251821676265,0.0129484505083524,0.1620958480619229,21458.53
2022-08-24 16:00:00+00:00,0.5009381341197017,0.0042673731246127,-0.0119687542101077,-0.008844467025562,0.0163590498973105,0.0157687824015626,1.00713796763809,0.0261794477275981,2.168474681521022,1.201699412935822,0.6808713122554721,0.2675018875832308,0.4978710315846804,-0.018401871530374,0.0194134103972629,0.0450159473528584,0.0634125708657575,0.0472925769992126,0.1968781709821516,0.2173764267410796,1.5247768533228694,0.9259420178394228,0.3810268387301113,0.1613458494840845,21652.65
2022-08-24 20:00:00+00:00,0.5017620692958267,0.0049275861982798,-0.0122911569792126,-0.0110433338740065,0.0124997272418168,0.0161638179133415,1.0345454118106274,0.0295333016526065,2.25863559975134,1.3350044606309002,0.22346037394263,0.2517658169639643,0.4980384122627191,-0.017863206369175,0.0154722840497345,0.0409330509757539,0.0595318233564416,0.046999986904767,0.2150641874871551,0.2177476037068444,1.5253535389299917,0.98921524059549,0.2543499787805898,0.1601327967910049,21723.71
2022-08-25 00:00:00+00:00,0.4968798073368974,0.0048393170139422,0.0057971894063437,0.0063107567582547,0.0290635667866376,0.0162343567399833,0.455682187367404,0.0314758395735621,1.198492425942767,0.901985999082494,-0.868451799041469,0.2368177024878708,0.4973054955194307,-0.0177668625766884,0.0320310143071493,0.057971225881779,0.077197180177678,0.0476683843100119,0.141630395692805,0.2227325095704312,1.3814975563137633,1.0268400572072496,-0.2170809809796973,0.158922422149764,21358.67
2022-08-25 04:00:00+00:00,0.498439643759814,0.0043033061735247,0.0007624377908597,0.0011138382504936,0.0228371918501986,0.0162292493684033,0.6173420542538515,0.0316105956868562,1.837195686642762,0.8168420092888076,0.339346689632257,0.2263232375550025,0.4975554601404305,-0.0173320410066092,0.0257451644591724,0.051662718895777,0.0711256563318505,0.0472783801454103,0.1697609157696994,0.2230982960979524,1.457059022113049,0.9983729345807548,0.299637313216308,0.1577263716537618,21470.4
2022-08-25 08:00:00+00:00,0.5023138148993455,0.0041720589068441,-0.01100571373095,-0.0113511115412198,0.0089639634306801,0.0157731746655188,1.014459845418031,0.0319532315677724,2.450126537660652,0.635566558761529,0.9117094957602472,0.2144280902357767,0.4981556474612205,-0.0166908570392059,0.0117754228538218,0.0373432015679982,0.0568312962384944,0.0464831102115213,0.232893140549687,0.2215095716887697,1.5911525051703743,0.9747108516161204,0.6666314247307751,0.1565444757842973,21752.09
2022-08-25 12:00:00+00:00,0.5017443498079963,0.0042176927642455,-0.0077269378024021,-0.008947785125835,0.0101513128092742,0.0155367669155449,0.9172974353335974,0.0341849975815904,2.148598545496514,0.6488489316011501,-0.1791954685099932,0.2002811156880055,0.4980982918697221,-0.0162474034824382,0.0128980277448191,0.0384011629751692,0.0581555355228917,0.04636262410671,0.2295067506407579,0.2229890205840012,1.5556274330566948,0.9604245643629788,0.416510167076804,0.1553765670288342,21716.75
2022-08-25 16:00:00+00:00,0.4995723404743739,0.0039568166775947,5.0028200480278784e-05,-0.0015678139301678,0.0166038204063099,0.0152472835618463,0.6913278073233936,0.0356442331134308,1.5732767278173792,1.1335670656469592,-0.4966145304353652,0.1876795622003435,0.4978069993425695,-0.015921124187631,0.0193068504397182,0.0449125757606243,0.0650509720048899,0.0464691419785551,0.2028799589354522,0.2257015538436654,1.4675910331611055,0.9612115701723049,-0.1364136769848438,0.1542224798572584,21567.86
2022-08-25 20:00:00+00:00,0.5002651005271268,0.0032865207431788,-0.0022248953315481,-0.0035816576849344,0.0138147061377462,0.0151022535940781,0.7355585559815507,0.0339054789529114,1.9369248575998688,0.6030694693190339,0.2098099867432599,0.1795731840279225,0.4979193285984849,-0.0155245419321299,0.0164643697816879,0.0420342280393719,0.0624154735715463,0.0461066794386234,0.2161054616334023,0.2265836603542708,1.5087924059084743,0.8368364657482423,-0.2161448140900209,0.153082050698417,21612.44
2022-08-26 00:00:00+00:00,0.4988751573510745,0.0029164330631554,0.0024430379336346,0.001039810269261,0.0176770701102699,0.0147488663947179,0.5847554875793031,0.0335981630438644,1.7746798000800503,0.5991781974013553,-0.5515782049021312,0.1699512249583506,0.4977364856606271,-0.0151900641653888,0.020283060856713,0.0459151317816111,0.0666399377310364,0.0460412842458551,0.2010712044307175,0.2287902849490147,1.4862511488645769,0.7810240093690681,0.313600782778865,0.1519551179169362,21518.35
2022-08-26 04:00:00+00:00,0.4994556312193968,0.002409401656331,0.0005327073383285,-0.0006384096544211,0.0152992653259429,0.0143767931274492,0.6191205050913267,0.0313045456639215,1.9813558818152732,0.6813635343007931,0.1930322721563864,0.1632302867234641,0.4978297353879422,-0.0147969507242222,0.0178525252924042,0.0434264707018641,0.0643830575315798,0.0456434496941597,0.2129958251816197,0.2296467795312335,1.5271489392694884,0.7453421273609686,0.2135448136958699,0.1508415217903111,21555.21
2022-08-26 08:00:00+00:00,0.4980395329149342,0.001672233036829,0.0042076664517143,0.0037213347292388,0.0193177503096311,0.0141953403364721,0.4415153303888627,0.0284622493517417,1.7673131876789838,0.8061941202484857,-0.4185701327616066,0.1598627418957026,0.4976343616046867,-0.0145607730986139,0.0218470308762332,0.0476035581947598,0.0689590423053023,0.0455653108786789,0.1972529346985243,0.2321371902897568,1.4926044029775392,0.7594634988238106,-0.6089274492712539,0.149830107219589,21453.69
2022-08-26 12:00:00+00:00,0.4943923661474309,0.0008541000106869,0.0143744114253616,0.0148504233157555,0.0304151817664526,0.0140851893732953,0.0290208994216537,0.0287811950746479,1.2265706541787385,0.8923713974345426,-0.6848172472081338,0.159844921217503,0.4971241595078497,-0.0144756198714921,0.0329483012344955,0.0591351700201934,0.0810729867641684,0.0458370862913588,0.1523842356598289,0.2364225508268732,1.396655570139902,0.7844708500410664,-0.7629786725610843,0.1489767333962816,21203.69
2022-08-26 16:00:00+00:00,0.4893338222629458,0.0001279899700656,0.0336175205342641,0.0350563269421051,0.0507878998710524,0.016070741172545,-0.6750468710313771,0.0298047080873383,0.9022681521189096,4.350139504320019,-0.340512330186049,0.1556730754686975,0.4962959975901858,-0.0145287856220339,0.0533500265001547,0.0802200766534495,0.1029539732770081,0.04671673798033,0.0726228681822287,0.2429871388523697,1.4077173953463042,1.3149994724268594,-0.6306202940121904,0.1484075176946513,20773.5
2022-08-26 20:00:00+00:00,0.4887771668345065,-0.0024973062840483,0.0317496587799879,0.0372381647345458,0.0544973256879859,0.0183000724006192,-0.3519396095276879,0.0458453717243889,1.6992162004897986,1.6386423457293946,-0.3742349169338343,0.1598347460209041,0.4961068136989646,-0.0148098831908255,0.0571389293286821,0.084935125654163,0.1084209277619798,0.0471933093056593,0.0594802604893728,0.2475012691755738,1.4670820086803005,1.508701530269119,-0.7051132418337337,0.1484668791110165,20657.65
2022-08-27 00:00:00+00:00,0.4840913930588673,-0.0044952056799685,0.0461793023194894,0.0553083148291633,0.074431895041221,0.0186807120494702,-0.4657691537328493,0.0608689588779622,0.8208335210454795,1.575173970292313,-0.5699291313218062,0.1634560307263064,0.4952660050877272,-0.0153583330858705,0.0772021207340305,0.1064287119688207,0.1310790074318184,0.0484557681876645,-0.0129555102051772,0.2561688041960428,1.2976541335022107,1.6912585913394127,-0.7305851229556951,0.1486353122783632,20230.18
2022-08-27 04:00:00+00:00,0.4847079864866009,-0.0065118958500904,0.038700568091524,0.051899205747705,0.0730958619832706,0.0193175199113367,-0.2264739730283702,0.0788389940767033,0.6700133673026963,0.9078850527070031,-0.117376249311396,0.1727953194540509,0.4952543154881015,-0.0157934235509696,0.0759781569116579,0.1063535141534848,0.1318338636007265,0.048984988871925,-0.0056330308788044,0.2608702832569946,1.276697159140021,1.7366875909963364,-0.7669874863335344,0.1492408920349843,20201.27
2022-08-27 08:00:00+00:00,0.4868262696674776,-0.0077040741066194,0.0267236946169566,0.0431317417677175,0.066224994452285,0.0189953706779592,-0.0337572042920659,0.0937826868561899,0.8593020589909681,0.9813097257279794,0.2107618206173231,0.1838223043314523,0.4954652027862753,-0.0161612236125417,0.0692073333199947,0.1006088144507255,0.1268157230060203,0.0493338689601283,0.0212246177419906,0.2644349819195559,1.3236033132495213,1.7792452116701365,-0.604225880563107,0.1499965481117953,20275.22
2022-08-27 12:00:00+00:00,0.4867250201171976,-0.0078176434490904,0.0235444300808316,0.0417755108754005,0.066431226482831,0.0185383245910353,0.0212891893750107,0.1048584070610834,0.8479349839556791,0.5488495875398425,-0.4036637462891987,0.1938596681835579,0.495382063908097,-0.0165272138370478,0.0695119483205699,0.1020036839326932,0.129057132373028,0.0500232973996696,0.022662115624838,0.2693491202836144,1.3341527317938446,1.7278566541588452,-0.5044227319685661,0.1508073763934012,20219.44
2022-08-27 16:00:00+00:00,0.484717116752864,-0.0077248813999852,0.0287378616012856,0.048534760375231,0.0748651506479551,0.0181055383324438,-0.0019263802018331,0.1159831215504392,0.6630493603479506,1.00576600821877,-0.4688919568896386,0.2043979745698788,0.4949842484887946,-0.0170183851276373,0.0780680439334295,0.1119155189272851,0.1400467351434378,0.0508953046328659,-0.0035680780065172,0.2764481734733848,1.278276574467592,1.2021775989859187,-0.722570947798301,0.1516227646886302,20008.86
2022-08-27 20:00:00+00:00,0.4859453103423392,-0.0076135930536803,0.0219014867392171,0.0431356195498575,0.070983531812472,0.0181755959566705,0.0739746154283646,0.1265039382778281,1.56936794517816,0.9695577496829092,0.0637469957654563,0.2184592813629464,0.4950705792875511,-0.0173756821013766,0.0742843941109501,0.109205943304018,0.1381568859341577,0.050876157260075,0.0123532337648054,0.2807953422106152,1.4046623896402928,1.082852369108866,-0.5948365506418859,0.152575252012077,20025.57
2022-08-28 00:00:00+00:00,0.4866556747369099,-0.0069842745714798,0.0175814340176325,0.0394395543779286,0.068516783901336,0.0176432334188056,0.1229929281278697,0.1340292273053505,1.393275913547024,0.8373844006717627,-0.0339495798319248,0.2315035838013914,0.4950986735671411,-0.0176837954535676,0.0719058701668784,0.1078552418776364,0.1376335535612654,0.0508082696642233,0.0232667564604197,0.2852354998192848,1.3751250376627853,0.9510049049311172,-0.3609838069049775,0.1535164671506198,20018.43
2022-08-28 04:00:00+00:00,0.4870075416071462,-0.0059888399302071,0.0150787768693267,0.0368652885791753,0.0668629089499737,0.0172535474037255,0.1551285162308444,0.1372041451011271,1.1333509481059498,0.6601589061794045,-0.0898604029089699,0.2420443705984078,0.4950928773896484,-0.0179255013392023,0.0703272150110885,0.1072265375528933,0.137817653056786,0.0505600015007733,0.0313131141962346,0.2895973490781933,1.3307327829451407,0.902210599100359,-0.4182995716857363,0.1544465435046194,19999.11
2022-08-28 08:00:00+00:00,0.4885167366145295,-0.0048736375205879,0.0089554673813094,0.0302172397724751,0.0607926621691499,0.0166858485054307,0.2124294559801416,0.1389640151108505,1.355006251138574,0.3319523775674899,0.4503382949932095,0.2505620715267901,0.4952645509147336,-0.0180398338744866,0.0643074455334344,0.1019327501736313,0.1331857974245276,0.0500831111124661,0.0534117151861098,0.2923369245433065,1.398402440974214,0.7807793945149109,-0.4410599358504017,0.1553656128957134,20064.8
2022-08-28 12:00:00+00:00,0.4885883716558007,-0.0037717734104403,0.0083942110389665,0.0289695315744582,0.0600689118270774,0.0161043046485763,0.2298374009029057,0.1405887150730578,1.342594276751125,0.3302910771770555,-0.1876554910555641,0.257759023027726,0.495226346573322,-0.0181904064774299,0.0636411990049994,0.1021067277818439,0.1341520707901036,0.0498437783415397,0.0578311160635176,0.2956765504416579,1.3897072520500031,0.7374507163721612,-0.4178097443662605,0.1562738055855005,20031.8
2022-08-28 16:00:00+00:00,0.4896547104740525,-0.0029233791364338,0.0049477715848305,0.0249527313727255,0.0564897603179039,0.0156438015124767,0.2650977525369501,0.1396270570319865,1.805850850485038,0.7375761882961704,0.0846946370509615,0.2664632072837636,0.4953133507465837,-0.0182932555382483,0.0601103811661472,0.0993189033411097,0.1320813525225332,0.0494449975392115,0.0711520402618213,0.2981405445516494,1.456441741029575,0.6833502405481168,0.1226145712589383,0.1571712502940014,20052.23
2022-08-28 20:00:00+00:00,0.4888996309875115,-0.00184491730726,0.0078315453156594,0.0268136194526762,0.0586162067478781,0.0156588770051108,0.2571832287652854,0.1355755925059766,1.666311136658324,0.4918659512246386,-0.4018993538280921,0.2716287629355993,0.4951665573310094,-0.0183987380551566,0.0622859311984587,0.1023143132460371,0.1359168865451054,0.0492734815685116,0.0665762650612785,0.3020924995865114,1.4368868224758935,0.5910645650940715,-0.1630148992112182,0.1580580742179036,19968.85
2022-08-29 00:00:00+00:00,0.4837335808401508,-0.0013081920536925,0.0255248576937234,0.0443226620524359,0.0770364206351801,0.0155899977475334,0.1325576049321429,0.1329647909822851,1.050535274685623,1.7489815661533004,-0.7190328949819301,0.2780298992102051,0.4943778666050641,-0.018827551747907,0.0808205351731576,0.1223592475439843,0.1573701204302362,0.0498814817078809,0.012780477941373,0.3110452488475649,1.3825933943092923,0.7334149569753371,-0.6729693168542105,0.1589714761711192,19582.83
2022-08-29 04:00:00+00:00,0.4891796294781408,-0.0013472300079851,0.0071789557774881,0.026043833347183,0.0589560500994457,0.0159786561233166,0.2700109892679815,0.1273287253936941,2.1312760174733403,1.6184569739208856,0.6865888859242754,0.2897986461895749,0.4950504193058693,-0.0187323783376567,0.0627492594482026,0.1045648428185561,0.1398890571789643,0.048975081971015,0.0697723332770089,0.310116052600169,1.4286692185106595,0.9070332681878216,-0.2052005644023395,0.1602107134427357,19865.9
2022-08-29 08:00:00+00:00,0.4905974295118854,-0.0006981609081819,0.0029456019239162,0.0210194829535266,0.0539967954798052,0.0158945318498022,0.3106862803235817,0.1179787306599078,2.511318519486644,0.9112308784754496,0.2402552773686764,0.2964027064866345,0.4951977670135347,-0.018718632956797,0.0578159112889244,0.1001995438922278,0.1361692650787132,0.0486606893927332,0.0869255596672634,0.312229694936514,1.4904700315166337,1.0182276029203816,-0.2310328252678597,0.1614352849951117,19914.48
2022-08-29 12:00:00+00:00,0.4898385624668162,-8.778270350740976e-05,0.0057545860766594,0.0230714333512396,0.0562150169791857,0.0154391233232915,0.2907941201892714,0.1069601463949347,1.8656864207610533,0.8503046262583889,-0.5233761376387214,0.3026542127912788,0.4950496223119838,-0.0187933367417938,0.0600785267066383,0.1032633756422263,0.1401044041551071,0.0486759829078507,0.0823597996229605,0.3166242540870014,1.397999568528551,1.1208582972511512,-0.3119563363465855,0.1626453643892967,19829.42
2022-08-29 16:00:00+00:00,0.4973448634819181,0.0014963122410666,-0.0144576402937005,8.266922717647951e-05,0.0317206417560647,0.0155362202129958,0.534376687447085,0.0902887293539862,1.984800115684041,1.9775628996933947,0.7504821724214463,0.2959047930581824,0.4960747507754424,-0.018151405169652,0.0354825736217159,0.0780102521615095,0.1146161763075621,0.0474967008640447,0.1591419486072262,0.3123745472206823,1.4258085812435106,1.3817531657514697,0.2473996350364945,0.1636231174802235,20267.87
2022-08-29 20:00:00+00:00,0.4950438955297448,0.0030021299460187,-0.0038051543127288,0.0082051851715518,0.0389751095037707,0.0159898659362608,0.4681958378400205,0.0738640911627888,0.6641425370922458,1.1060597026552903,-0.4796962315518006,0.2820523331472256,0.4957554436339355,-0.0179517296440887,0.0427278293648931,0.0857161194772906,0.1231169956983595,0.0478629820397468,0.1390520612462798,0.3172570704517822,1.26777129115833,1.5221698348975503,0.1440910832557918,0.1642485900519935,20100.47
2022-08-30 00:00:00+00:00,0.4981827781072597,0.0038620948836995,-0.0114840252602265,-0.0015860287523061,0.0278810551682044,0.0155243388482495,0.7097944074855259,0.0471504759494184,0.4545829793211139,0.991376097873272,0.691796332821982,0.2700123081287962,0.4962092021748606,-0.0174452565880283,0.0315603525787919,0.0742523215628139,0.1117871303371311,0.0473847964912207,0.1750743823978536,0.3164354119841274,1.2144599067251736,1.4184725364462945,0.80776249458245,0.1648656016388038,20291.07
2022-08-30 04:00:00+00:00,0.4979700337288827,0.004433655196479,-0.0088003090830283,-0.0005885612533609,0.0278884310629661,0.0152560653552588,0.7491560468686044,0.0394773457939951,0.366302989102263,1.2180693631327186,-0.1303982993958465,0.2558977268825029,0.4961832417250759,-0.0171059280927505,0.0315296097103543,0.0743368641340096,0.1123821968694711,0.0473326225527298,0.1769678001799842,0.3190493126058674,1.192838728448498,1.346549774733332,0.5810695171653572,0.1654753112190431,20266.17
2022-08-30 08:00:00+00:00,0.5006113256177338,0.005428821190334,-0.0137650828981926,-0.0081256348658284,0.0185916502953376,0.0153611027331372,1.0260306229274057,0.0349969156850391,0.2978805940035701,1.5957905093955358,0.5192578963508203,0.2416182262834297,0.4965863117268044,-0.0164478646335541,0.0221289651332987,0.0644042225059868,0.1024873460834279,0.0468395193837065,0.2079211010828567,0.3181029611290141,1.1960034086897142,1.4628978508249726,0.6361397905822977,0.1658577149228931,20435.25
2022-08-30 12:00:00+00:00,0.5001171290468358,0.0059397077573096,-0.009746918002694,-0.0060155274046758,0.0193121575370518,0.0150792922544738,0.9431471347502864,0.037415008973107,0.2663894117196205,0.8804236333674107,-0.1645449469570117,0.2288680093915426,0.4965467711911865,-0.015956401091278,0.0227811035192739,0.0649237239836086,0.1034028485614584,0.0468251486184432,0.2081620811184473,0.3201010530457362,1.205012309158208,1.4562627054112527,0.7421946297510295,0.1661369351667273,20405.59
2022-08-30 16:00:00+00:00,0.4906521009187547,0.0050726693891776,0.0205088591694495,0.0246248939550852,0.0501851859517725,0.0160083607561284,0.141454834415764,0.0402656660515258,-3.2074021274148308,3.1335224842927323,-0.779190953456733,0.2194050953151183,0.4952182731740779,-0.0161557114629382,0.0537327727699663,0.0973114749073207,0.137486390044472,0.0481637962329872,0.118539930305177,0.3314054874285049,0.8708731482052001,1.6488470955135477,-0.5222685071158564,0.1665896115719628,19780.15
2022-08-30 20:00:00+00:00,0.4944904857081827,0.0031629797033705,0.0067504316358883,0.012658918196549,0.0382542360294027,0.0171170129285019,0.4107510159642087,0.0416659203957623,-0.8675648741822106,2.0743363856655272,0.3404053254968037,0.2198839078202137,0.4957134155682855,-0.0159299454578909,0.041782897413269,0.085371489640422,0.1257811502130348,0.0477482293415307,0.1546145325396925,0.3301528453221098,1.056515266318479,1.839833968807585,-0.126570743405273,0.1675348134678405,19969.72
2022-08-31 00:00:00+00:00,0.4930102200168136,0.0023469618321751,0.0114284267792321,0.0179999161949262,0.0436123749450059,0.0175523906561792,0.2651202683468616,0.0420867211991104,-1.040929127593422,1.2948707660076202,-0.4339714313477788,0.2169665149646819,0.4954713184193008,-0.0158464709541774,0.0471562505156823,0.0912926439824304,0.1325213808121157,0.0481239288932579,0.1408279636784444,0.3337996532527288,1.0313481592038842,1.9158990436366572,-0.4352805755395672,0.1684929312688907,19835.7
2022-08-31 04:00:00+00:00,0.5014245127344757,0.0028769636192278,-0.0150435851079552,-0.0099663998847191,0.0139723942232661,0.0175766171217126,0.9112281646788986,0.0421796559610816,-0.936499837532201,1.1352524954178127,0.8470126643640579,0.2081664447406971,0.4967541319650734,-0.0149981904441646,0.0173654620768803,0.0602056744763872,0.100688861260374,0.0468538738034652,0.2304562788124616,0.3246082699576172,1.0446079533138466,1.935801972701548,0.1243836930455653,0.1694397102513052,20395.59
2022-08-31 08:00:00+00:00,0.4995283764539002,0.0036024183281783,-0.0065761196306624,-0.0031413951576448,0.0196847793887773,0.017725473271193,0.734457336957789,0.044036597746537,-2.037530969481248,0.9110107227315312,-0.4224748723018633,0.1946862709359083,0.4965083494182227,-0.0145801009504823,0.0230260810222719,0.0658965186204618,0.1069508088851123,0.0471963092951783,0.215445165437265,0.3255804635710767,0.8281344275247802,1.8461964641813609,-0.1723967707101359,0.1703752846040201,20267.43
2022-08-31 12:00:00+00:00,0.5004130977261777,0.0037757270824166,-0.0081537886182222,-0.005724691574701,0.0159992919791076,0.0175311854349009,0.7805537867868815,0.0447367409336336,-1.2675385111011648,0.9232387830641368,0.203228675011964,0.1840878544011681,0.4966751373025878,-0.0140726032995589,0.0192669192313095,0.0618230020802099,0.1030900971912627,0.0470660055731682,0.2286750255663569,0.3235917630224848,0.990050599114841,1.889620376747323,-0.0834369664650231,0.171299786927916,20325.26
2022-08-31 16:00:00+00:00,0.4981305289235375,0.0036666412032704,0.0007162375884612,0.0025898629414438,0.023579904252003,0.0176238718494832,0.5840695858398193,0.0458709254606011,-1.8701549546529197,1.6009785050309728,-0.2997843278217109,0.1745791816815928,0.4963698369730873,-0.0137407501248724,0.0268139495453543,0.0695412516904168,0.1114818027257349,0.0474502540974578,0.2075667518230387,0.3247417415762894,0.9264823399431508,1.689486084929528,0.3994056025124879,0.1722133482546119,20158.73
2022-08-31 20:00:00+00:00,0.4991152800104346,0.002960127049715,-0.0029433374896855,-0.0007334368117618,0.0197222021158818,0.0179841761460829,0.6402459621527776,0.0458122622358511,-1.4834513697420082,1.1891754392216871,0.1313809959599123,0.1707186061659008,0.4965393546645523,-0.0133678073220033,0.0229089013006447,0.0654848845035525,0.107702491481135,0.0472513201736377,0.2208463341717076,0.323355070740299,0.973533804729011,1.562547374773278,0.33042005420054,0.1731160980650359,20213.53
2022-09-01 00:00:00+00:00,0.4966208334747136,0.0026870955310134,0.0063341228857054,0.0084194273215296,0.0283907283047561,0.0182619344828485,0.4264585189603781,0.0460374306704408,-1.7765340252299542,0.69823646760741,-0.5711552478134059,0.1648343782402432,0.4961638516846766,-0.0130952696833873,0.0315564604580664,0.074398931996358,0.1173608093222164,0.0475661458856615,0.1967207305141576,0.3259653818316151,0.9166836281291112,1.4624359704224952,0.2743276780401444,0.1740081643077791,20025.48
2022-09-01 04:00:00+00:00,0.4967887365930459,0.0023167775405909,0.0058841706011976,0.0080146926881532,0.0274232012775623,0.0181333481870307,0.4219668173102157,0.0459505240407253,-1.6843165054117173,0.6513671767045229,0.0097020573866363,0.1621545918246553,0.4962074372439591,-0.0127230554291589,0.0305429199222198,0.0732752235348201,0.1165906038158115,0.0473689055813768,0.2015315579749744,0.3258058649986957,0.9150422300668304,1.3845070490236764,-0.5975408776578601,0.1748896734172283,20025.8
2022-09-01 08:00:00+00:00,0.4951686098688905,0.0016646702431098,0.0112145003005745,0.0139164627164132,0.0331488210271315,0.0179839640526345,0.2691510526050283,0.0454786837406652,-1.9294028248298531,0.4331701515978661,-0.3887392321127237,0.1601330166145843,0.4959564702343925,-0.0125005814210067,0.0362561231932641,0.0792454011069243,0.1232377846276064,0.0474764823988825,0.1861650886257438,0.3278412324919857,0.8169291772328563,1.295827540007732,-0.5945121951219527,0.1757725049685899,19893.39
2022-09-01 12:00:00+00:00,0.4980029955281962,0.0010579043197646,0.0002823004675547,0.0035740713684937,0.0224365194337017,0.0175749628217069,0.457404868681433,0.041823439316092,-1.5635182123032578,0.4855319191489023,0.6090989835191983,0.1602096504924625,0.4964019991969538,-0.0121125481780122,0.0254882886154164,0.0680889457864826,0.1120733435318956,0.0468506329737366,0.2196251060851604,0.3247897171579363,0.88409766975647,1.2096337795074772,-0.393819435576551,0.1767277096868716,20078.81
2022-09-01 16:00:00+00:00,0.494368833313509,0.0004342473964936,0.0129371757092271,0.017042967541621,0.0360980644630983,0.0177846197759489,0.1042014323016251,0.0418549062952912,-1.429972239029625,0.8563864711521476,-0.639429341720965,0.1590962079254256,0.4958234861259835,-0.0120435453241125,0.0391729731397698,0.0824368684166456,0.1274784870354595,0.0473412732401671,0.1804853213048228,0.3296183678896801,0.8616159769557182,1.0492191946540943,-0.5403326218427593,0.177729697171514,19790.14
2022-09-01 20:00:00+00:00,0.4959136897520697,-0.0002766140052326,0.0062330146188576,0.0113657511384137,0.0304908852891796,0.017960285368738,0.2089485488469672,0.0424466236917583,-0.9039282869330736,0.883087491575837,0.1956413200858811,0.163256185028433,0.4960545969710827,-0.011818929567739,0.0335454431129136,0.0767671850654985,0.1220794963459512,0.0470376458436103,0.1979679952244873,0.3279492064560064,0.9177765026887398,0.97505398223024,-0.4682421645813107,0.1789567959948856,19870.38
2022-09-02 00:00:00+00:00,0.4993092254701266,0.0003728482546567,-0.005107842596167,-0.0009237018672511,0.0172939534031499,0.0179954731146846,0.49729396409628,0.0414538177276912,-0.7775003787798456,0.5900506163460811,0.720418535127054,0.1617042766101563,0.4966246054244013,-0.0112799296654926,0.0202594793341475,0.0627663521011898,0.1078356351232026,0.0463282366149365,0.2393356510894889,0.3226613572062473,0.9243118660675624,0.9407439962456764,0.13890957611866,0.1801894284390237,20112.51
2022-09-02 04:00:00+00:00,0.5000347282409835,0.0008458489013204,-0.0067371343319277,-0.003325991149859,0.0141731371295488,0.017432673464987,0.5631240541627349,0.0410542903159646,-0.7073191649977311,0.5156379382913592,0.1649743536062055,0.1593673436086024,0.4967601439552915,-0.0108515777958305,0.017078067789618,0.0592686723011941,0.1045191185644722,0.0460544505927355,0.250456021519071,0.3194623506452362,0.9306915274394,0.8938846701933029,0.1984440947661024,0.1813742526545448,20159.65
2022-09-02 08:00:00+00:00,0.4994031388058644,0.0012921388603674,-0.0034604127317018,-0.0008785230853857,0.0158941785271713,0.0173241930485941,0.5110466149854331,0.040974265852084,-0.669750500094291,0.2780041202558287,-0.1769479886066502,0.1545297210884363,0.4966798088437201,-0.0104424126363252,0.0187455120249786,0.0607568487760821,0.106367277958483,0.0460435579745764,0.2466254431767862,0.3169636621379615,0.925847054647486,0.8467132738448049,0.299216033812801,0.1823288621891924,20113.11
2022-09-02 12:00:00+00:00,0.4993166916255899,0.0014446418988626,-0.0025435596327633,-0.0004407594947579,0.0156953362261615,0.0166748142120363,0.5069506275985555,0.0407086118014954,-0.7080093302141702,0.2663012601781109,-0.0307758527924311,0.1499332474142553,0.4966829054586417,-0.0100405537511967,0.018492810624608,0.0602712724092759,0.1061629908801899,0.0459513944612433,0.2487974885892801,0.314413152869386,0.8902063543529967,0.7879206243218496,0.0396618719749132,0.1832615081153498,20103.84
2022-09-02 16:00:00+00:00,0.5031096506245387,0.0022520682951991,-0.0135149564327963,-0.0129603087127383,0.0018160831019613,0.0166378112098786,0.8616710187472373,0.0387392373197456,-0.5436390836277712,1.0719795971773625,0.6493882883952966,0.1411099767063564,0.4973338046030853,-0.0093597059481675,0.0044925140066651,0.0452400327051289,0.0906690616487488,0.0452825623912015,0.2955789343578537,0.3070923040712564,0.9145371881740878,0.8115840123197001,0.6632011687561593,0.1839494176776592,20377.61
2022-09-02 20:00:00+00:00,0.4965253083181885,0.0015759919945727,0.0089608127294216,0.0101550119315312,0.025026458600682,0.0177847830638183,0.2722400493484997,0.0376680377235406,-0.6994065478223241,1.0854866389106088,-0.759794272652232,0.1377233172228154,0.496326860737087,-0.0092647709481916,0.0277287288769316,0.0692956093084551,0.1161054716246565,0.0462676781346584,0.2226597958038425,0.3115322203082509,0.8902232460412295,0.8290447019596173,0.0411611030478963,0.1845259217454965,19899.89
2022-09-03 00:00:00+00:00,0.4973167599233365,0.0010040098255418,0.0053339937832097,0.007096189616522,0.0217368953608312,0.0176735948242192,0.3388451434712264,0.0359236765353463,-0.3180663449247985,0.4410976931982283,0.3048780487804844,0.1374048069385783,0.4964594180838845,-0.0089457894234172,0.0243984135817667,0.0657300385881713,0.1127246443675153,0.0460212254512405,0.2337578696129946,0.3078294719483075,0.9365646050483768,0.7789413130572027,-0.2402031930333817,0.1851027356112762,19946.87
2022-09-03 04:00:00+00:00,0.496650886325697,0.0006051390133661,0.0069700864533823,0.0091615359341001,0.0236317984619585,0.0170778278532882,0.2328715057543426,0.0334475406692331,-0.4545975776229021,0.4352728012592314,-0.2831055162353526,0.1362933544956099,0.4963644462472116,-0.0086709156954722,0.0262654228296563,0.0675584494950132,0.114965558858475,0.0460087270656415,0.2282473995510995,0.3052083553590323,0.8933198512572854,0.7406289568839711,-0.384716981132075,0.1856727231893041,19893.39
2022-09-03 08:00:00+00:00,0.4956915421381436,0.0002242684399674,0.0093251519358465,0.0120037560609871,0.026389422893478,0.016450729547689,0.1229864673567287,0.0333491079337001,-0.3919007403743049,0.3197107471058636,-0.3367843804661313,0.1362595164791953,0.4962261419439788,-0.0084256700838821,0.0290016054944706,0.0703155222007392,0.1181852315021032,0.0460378986316519,0.2193949207262987,0.302233253193535,0.8985415557833956,0.7319392659521439,-0.4164586357039221,0.1862359652650934,19822.62
2022-09-03 12:00:00+00:00,0.4955268102825396,-0.0003176067116288,0.0085861003264438,0.0120782813948427,0.0265576329588432,0.0160360679325062,0.1188487147854295,0.0337029636218729,-0.1971221613501133,0.4044684697963404,-0.1666548219742537,0.1391373403659383,0.496198456224333,-0.0082230625706037,0.0291543199102966,0.0704729286164433,0.1187257224279907,0.0459711503717627,0.2182663582894819,0.2982961122261056,0.9512507320586104,0.7401515408868682,-0.4261615160105548,0.1868224257616948,19799.08
2022-09-03 16:00:00+00:00,0.4955025696110046,-0.0005687125363053,0.0077596339104788,0.0117249662901852,0.0261989853556761,0.015412334051116,0.1258981784021975,0.0326670115102086,-0.0164033646225878,0.3968013725743751,-0.0845527420791503,0.1411744341349453,0.4961949875470044,-0.007997058683266,0.0287746476918697,0.0700404636372777,0.1186313766318998,0.0458730897515665,0.2191506591158623,0.2945766415822805,0.9999158287455696,0.5763885454281237,-0.9003576592344552,0.1874118480238716,19786.95
2022-09-03 20:00:00+00:00,0.4943634233385793,-0.0008194167556791,0.0104421515670465,0.0149391473820525,0.0295243804039415,0.0149118280167327,0.0303281658367163,0.0326138839630042,-0.0926412417092343,0.4526247254296217,-0.458982002870706,0.1435947053324694,0.4960306081338739,-0.0078224715443064,0.0320925437722463,0.0734809276701287,0.1225962632284931,0.0457680457746007,0.2078560096386034,0.2923711942018543,0.9645493939763952,0.4145106141769595,-0.4893958385560211,0.1880177473634388,19703.15
2022-09-04 00:00:00+00:00,0.4967926725285042,-0.0009048853616442,0.002089993377627,0.0068939009732194,0.0213999601056202,0.0143787011044439,0.2749244296835932,0.0317197049936547,0.3496241048681398,0.3648541542175414,0.7976441631504984,0.1477114231181659,0.4963631588873736,-0.0075607784174618,0.0239315871068428,0.0649742526585612,0.1140601085198511,0.045152139514718,0.2349123363857604,0.2867404912930112,1.0469716041882575,0.3755112109776251,-0.2649285535221857,0.1887015811163372,19840.11
2022-09-04 04:00:00+00:00,0.4958956855324398,-0.0007835742020424,0.0043539386032493,0.0091839783663021,0.0236240408531842,0.0138655398649658,0.2038275443366793,0.0322282384221904,0.2055526443039592,0.2777471497835883,-0.5072512085347625,0.1498096395543719,0.496241694802248,-0.0073441453573122,0.0261379566949231,0.0671939599492219,0.1167148326458327,0.0449554598898023,0.2263423612770689,0.2824085061363636,1.0054753172252646,0.331030087602157,-0.3651162790697676,0.1893773220575872,19779.25
2022-09-04 08:00:00+00:00,0.4933497812265801,-0.0008148998488995,0.0109377259276401,0.0160133929514125,0.0305507684645638,0.0133956317909467,-0.0021897231844795,0.0325337174083789,0.1209665034791206,0.3790775446519178,-0.7342118106393246,0.153027890392155,0.4959076267215848,-0.0071899253254259,0.0330641334284973,0.0743595123413725,0.1245615598403877,0.0449395600301826,0.2009494854016883,0.2794955566150431,0.9717861138557976,0.3207982967902957,-0.6565044754021077,0.1900458229767422,19627.43
2022-09-04 12:00:00+00:00,0.498351243167802,-0.0006919845141239,-0.0032719624548506,0.0017510198113177,0.0160195087547534,0.0131371146761696,0.4369000788655856,0.0322660773894373,0.2843823998513061,0.5486221156290599,0.8570306105745563,0.1588355661210576,0.4965463203115789,-0.0068751598228926,0.0184772916752171,0.0591272248170209,0.1089477369436717,0.0440114330265026,0.2521127980400523,0.2721284633231416,0.9967661456640636,0.3152288587872619,0.28111379386033,0.1908063530262647,19889.89
2022-09-04 16:00:00+00:00,0.4965563252292165,-0.0005027249883014,0.0017299572112434,0.0066286473485734,0.0208146618264279,0.0132258355704666,0.2865505079009778,0.0328694236810419,0.0570530587456971,0.8957468684438061,-0.3824568843652866,0.1600259805863794,0.4963174645978048,-0.0066720800657485,0.0232591951720861,0.063997376834441,0.1143577244152282,0.0439395976526771,0.2345838639336895,0.269667921963361,0.9501660271011252,0.3498977802688294,-0.0190349456144461,0.1914905207133876,19779.71
2022-09-04 20:00:00+00:00,0.4988486591591259,-2.8454418998265106e-07,-0.0037630051307783,0.000462026259079,0.014170703410264,0.0131759665218536,0.4735057755895956,0.0327348112322425,-0.1766658588494382,0.9296219965711716,0.5032877660494904,0.1595855145507557,0.4966176285408348,-0.0063316930963803,0.0165616086585107,0.0568285380254345,0.1071092844604191,0.0433799561707746,0.2591022060898785,0.2636375147944559,0.924422366636215,0.3819425230252813,0.5261499684940142,0.1921292957807977,19896.05
2022-09-05 00:00:00+00:00,0.5010190103492786,0.0005035513733428,-0.0085708568489758,-0.0051304165599674,0.0080058482227742,0.0127191304785925,0.6451176429369476,0.0322548279459121,-0.0830013387106497,0.9890434931958212,0.5298791512037418,0.157929045369653,0.496906382861409,-0.0059669595713351,0.0103380817754177,0.050097413034843,0.1002853486400114,0.0428509082368952,0.2831205117139685,0.2577595691567464,0.9273853241882554,0.4337952793596475,0.3800379056013522,0.1927259436715531,20006.54
2022-09-05 04:00:00+00:00,0.4988497869026176,0.0008180081700145,-0.0021767871897185,0.0006994879037296,0.0134415996180858,0.0127644423769862,0.4530281631336526,0.0318051074036401,0.0062341844496956,1.1271331438576035,-0.4716070074623896,0.1511042909650186,0.4966496314655502,-0.005675641578969,0.0157425240777684,0.0554465235014209,0.1061105040151371,0.0428758379289601,0.2625097282569743,0.254347675171022,0.9322521231941532,0.5106294825723783,0.2343289593623491,0.1930669898129122,19888.41
2022-09-05 08:00:00+00:00,0.4963360429292989,0.0006409192225005,0.0042606739723154,0.0072592745869994,0.0199063201967122,0.0127106454464091,0.2518271862368297,0.0317829924731428,-0.192907427105071,0.9099173397201956,-0.6034260690365805,0.1482701448634365,0.4963425050679415,-0.0054659314084667,0.0221933660218911,0.0619879750762188,0.1132304615868642,0.04295240745132,0.2369367665705694,0.2515333846277436,0.8867193852081677,0.5535325585047953,0.2541072223517671,0.193403327066758,19747.98
2022-09-05 12:00:00+00:00,0.4953777938375983,0.0003860102176811,0.0063774768832614,0.0096424784919999,0.0222348035890684,0.0124194768354744,0.1786501282953897,0.0314863797670539,-0.4363479985694112,0.8616255565260852,-0.3510052726113799,0.148019458616729,0.4962244238942699,-0.0052607925953827,0.0245038589717556,0.0642613307272117,0.1158901258243414,0.042823360109032,0.2264730446707913,0.2472002257583888,0.8164737436864591,0.572836020613231,-0.4694183513317241,0.1937409775697969,19687.54
2022-09-05 16:00:00+00:00,0.498961497951549,0.0004422603164411,-0.0026817560092267,0.0004064698622716,0.0126442827478407,0.0121626738505597,0.484911076290085,0.0295595062837001,-0.1438500832628303,1.261175674638472,0.6007703081232457,0.1477533626198374,0.4966695792693913,-0.0049578611836817,0.014861014138326,0.0540540165626222,0.1054295252249162,0.0422020155262919,0.2644852917693731,0.2402495486079544,0.8660623846405341,0.5916996448528318,0.1896975801728775,0.1940987026142195,19860.69
2022-09-05 20:00:00+00:00,0.4962723319452335,0.0004851694208118,0.0043594987508548,0.0073092003571169,0.0193636757858344,0.0122734052043949,0.2531814910809996,0.0281787863345061,-0.2439997325205234,0.973596645825509,-0.5985715479074285,0.1432908016222938,0.4963503131773689,-0.0047282775253736,0.0215620022790494,0.0608012179315864,0.1127346194325431,0.0422619014651971,0.2360802065992585,0.2369574616550177,0.8398232144788881,0.5843715052500285,-0.4164773126566504,0.1944521941714908,19717.38
2022-09-06 00:00:00+00:00,0.4982431360342791,0.0004621919420296,-0.0006113705085263,0.002267244393735,0.0140496637512514,0.0119461624030932,0.4464750647636275,0.0189524130992558,-0.0772064235904736,1.0544630245624929,0.5145470134324096,0.1405483341647122,0.4965952735708238,-0.0044596935217699,0.0162066390460409,0.0550457402672055,0.1069283763258202,0.0418262958900349,0.257196429197204,0.23041968391106,0.8680519946286036,0.5780193023723841,-0.4658108646255448,0.1948015023426975,19807.74
2022-09-06 04:00:00+00:00,0.4981100025782352,0.000783990840621,0.0006627255422551,0.0029377216633692,0.014237332275335,0.0126601132908262,0.4217925159300471,0.0168626255851303,0.6835911850972326,2.687313198030421,-0.0220814586786617,0.1366541376510927,0.4966090643502409,-0.0041402958049725,0.0163490196110331,0.0548741845182136,0.1069183031159199,0.0416593231229185,0.2553331358657938,0.2242288413607906,0.9368257228469122,0.7043083944153852,-0.1700411522633699,0.1947175112055701,19795.56
2022-09-06 08:00:00+00:00,0.5004546919851113,0.0008966475023357,-0.0049698474138591,-0.0030314474219942,0.00782830637514,0.0127888157459271,0.8065562988783047,0.0157823045574886,0.643361248741133,1.5650591647342642,0.5292707661104471,0.1340298635970992,0.4969189375658742,-0.0038273287335356,0.0098871448497603,0.0478868492267074,0.0997659875061358,0.0412511537565342,0.2822899833720586,0.2154100940603365,0.9427721287376843,0.7573046703345317,0.29918609967993,0.1945245528474891,19911.7
2022-09-06 12:00:00+00:00,0.5006899480072099,0.0013080439655291,-0.0045380976003457,-0.0034124525628101,0.0068101997152865,0.0126852947751657,0.8635474095710333,0.015465874178592,0.4405248919827609,1.3822274745623524,0.0914780934039524,0.1362198266458334,0.4969805501691553,-0.0034642647992936,0.0088123914257478,0.0463706084446093,0.0982940050587506,0.0410549920039423,0.2869744603669896,0.2089053529898542,0.9062621386223556,0.8041163605426639,0.4604030490525033,0.1943338780497634,19926.48
2022-09-06 16:00:00+00:00,0.498679841809528,0.0011818079716057,0.000861559059688,0.0019198935424844,0.0118619114916316,0.0128051470901432,0.5249921245966427,0.0151545574283325,-0.1026211981392304,2.622998848271528,-0.3102227594543257,0.1335795335179523,0.4967554524815844,-0.003199423717372,0.0138347235477873,0.0512823822356833,0.1036094356779733,0.041098094347145,0.2623636118561512,0.2047989852988046,0.8176774532296286,0.941152233528585,-0.0817507304321057,0.1941545018013448,19818.16
2022-09-06 20:00:00+00:00,0.482203066844426,-0.0013406350677633,0.0465463747833148,0.0512758130582724,0.0631102823165841,0.015413376710323,-0.9182129233474828,0.0355318061120527,-2.0252150676344804,3.995676767007133,-0.9180994759036708,0.1385625420881639,0.4944432716692258,-0.003546966565568,0.065238366879164,0.1049884310300661,0.1604723139600299,0.0434040512851925,0.0191655817233739,0.2115818525978711,0.6600578374029636,1.2922129709742625,-0.6328061377566326,0.1948467212931229,18831.88
2022-09-07 00:00:00+00:00,0.4825844149305336,-0.0038650331833288,0.0412029378795553,0.0500896969945814,0.0639143687079655,0.0167033575370181,-0.4527107182990009,0.0535750323598483,-2.0969974654281347,1.7295774409680147,-0.1276722656995574,0.1521308541242975,0.4943723688240524,-0.003930310270061,0.0661385517750858,0.1066317102951044,0.1628250146744689,0.0439691704468729,0.007285578406242,0.209032724356307,0.5516659561634285,1.4075489724266617,-0.6789814124923346,0.1961949303315229,18777.0
2022-09-07 04:00:00+00:00,0.4833658054035699,-0.0058738978477313,0.034823989460923,0.0475942124318244,0.0635824566966265,0.0170029486927529,-0.2150079844232765,0.0706184108795677,-1.3693159822172811,1.3767800884566164,-0.1092797783933538,0.1671579065005853,0.494344494000826,-0.0043951935586666,0.065917497755481,0.107255975475373,0.164180561536315,0.0444707889104936,-0.0011011856029628,0.2060041435598096,0.6669683094120047,1.3474661506106833,-0.7056707589211377,0.1976073497892658,18737.52
2022-09-07 08:00:00+00:00,0.4853200471665139,-0.0066539217673133,0.0245981157902459,0.0397840398483744,0.0574753583330382,0.0167709938190474,-0.0378463281857525,0.0821481686212302,-1.051013819827588,0.9051619255063936,0.3800327715355787,0.1820077086903962,0.4945433615760157,-0.0047690360056166,0.0598948063266315,0.101770218541433,0.1590831853510244,0.0447376979620664,0.0169759079131438,0.2015643406841322,0.7394651216010647,1.3258529711273033,-0.7386441603772964,0.1991046418621322,18802.42
2022-09-07 12:00:00+00:00,0.4848128792652913,-0.0067433690548981,0.0229436510105198,0.0396687681708616,0.0588763297095096,0.0162213023896115,0.0049154967223081,0.0911265397793956,-1.1023607733203282,0.8175888564381151,-0.4002141454999619,0.1941783423709494,0.4944156847755772,-0.0051178351713347,0.0613852964884309,0.1040201983923916,0.1620980099194542,0.0453023386727685,-0.0014108703209635,0.1977161088586887,0.7160650117437969,1.3078690350974982,-0.8037335819685414,0.2005842142733447,18736.36
2022-09-07 16:00:00+00:00,0.4883781309820781,-0.0059714470758071,0.0113888176889866,0.0282830800460192,0.0483168643366198,0.0158504053666857,0.1428145680694635,0.0961177292149177,-0.7698173502115738,1.8828408294239447,0.5164116023041083,0.2025679189044815,0.4948349044054618,-0.0053012485873721,0.0508650592011958,0.093626963346264,0.1517425013455096,0.0452669842259007,0.0375589612374955,0.1908858596069809,0.7516971548307371,1.32451689119796,-0.7008581783112204,0.20204627672575,18887.93
2022-09-07 20:00:00+00:00,0.4913578719301818,-0.0044990266063135,0.003676701511762,0.0195061523470099,0.0397770178610805,0.0156012649986941,0.2393066541076542,0.0980028351255712,0.9062413188825916,1.359719530532666,0.3572558607795097,0.2046073930625499,0.4951938150400139,-0.0053357551467549,0.0423368063256095,0.0850719094883905,0.1432169001151542,0.0449411724105866,0.0699062461571227,0.1841971269944905,0.9251072496435112,1.0915801601647537,0.2697402501295043,0.2034004712270897,19012.76
2022-09-08 00:00:00+00:00,0.4965997470127836,-0.0020552909632862,-0.0081455127353059,0.0047257331273671,0.0241088970511209,0.0160437313576244,0.3978601333137956,0.096111038555916,-0.1189642266935016,0.957098928053077,0.572604116501604,0.1944248656532178,0.4959249614631174,-0.0050644737861518,0.0266078085188379,0.0686114031591116,0.1261722633856792,0.0443302271361653,0.1444453864258359,0.1748718747962556,0.7912492107868466,1.0280452935442308,0.5422909412303383,0.2039847804716511,19286.23
2022-09-08 04:00:00+00:00,0.4957080469463588,-0.0005820729114535,-0.0036224068829533,0.0074141392830053,0.0264242149235902,0.0158767196877449,0.3786021737730196,0.0951891847157791,-0.383098359527171,0.5806494062433576,-0.2754191937210041,0.1852181365679594,0.4958026395501006,-0.0049205517296183,0.0289134598954998,0.0709716644025055,0.1289760825463701,0.0444988849188322,0.1255414995271913,0.1710971900255191,0.7446111035610994,0.9404203346217764,0.6135563713431498,0.2044619563344612,19223.84
2022-09-08 08:00:00+00:00,0.4950439849646901,0.0005268180915882,0.0001363327099692,0.0095768710328036,0.0281583408284906,0.0156431420054289,0.3652359882689455,0.0933366739119035,-0.8857657174647525,0.6151134599263794,-0.1525997803002526,0.1768054689053623,0.49571665123982,-0.004754375659377,0.0306324223256939,0.0726869808381376,0.1310833855812505,0.0445755686156454,0.1112212347914105,0.1683399905240097,0.6374750915180736,0.9179177876645402,0.4678102365091224,0.2049334850727114,19173.72
2022-09-08 12:00:00+00:00,0.4976884150709768,0.0012813051419463,-0.0061675882050098,0.0019191683161534,0.0199297789417758,0.015524584382009,0.4584104858834553,0.0901585876312608,-0.5759984950007426,0.5337733591309134,0.5556909083526143,0.1712687459566514,0.4960861780165441,-0.0045472148745786,0.0223654340799568,0.064010112276126,0.1222287589445554,0.0442207000432661,0.1593911630930914,0.1669065578143201,0.6898653589717281,0.8927353971161176,0.7257707719728493,0.2053994335171415,19310.57
2022-09-08 16:00:00+00:00,0.4967812598987183,0.0017235405082632,-0.0019027558575163,0.0052557630312131,0.0229443763781553,0.0157351286843352,0.4299660321298414,0.0887075437464614,0.0939677189524735,1.6307109149881254,-0.2045355071670865,0.1672930746213586,0.4959738452171867,-0.0043978817404762,0.025369704972938,0.0670681387071392,0.1257484695872999,0.0442749632209591,0.1425921013145197,0.1678938228708266,0.7004350427593643,0.8905490157749516,0.568197810469812,0.2058598677075838,19235.78
2022-09-08 20:00:00+00:00,0.4990728671407142,0.0019433479066928,-0.0078941494538551,-0.0015041300972803,0.0157220221948106,0.0155811937101937,0.5153465520096601,0.0864617421155885,-0.1647984743333223,1.110048501015095,0.4336286398954362,0.1643600756855895,0.4963133876126847,-0.0042099420581377,0.0181135582268709,0.0594503818457294,0.1180020982314826,0.0438028243670189,0.1856142163602401,0.1671329815671156,0.706495713498593,0.8763076279279144,0.715613811009444,0.2063148529023253,19354.53
2022-09-09 00:00:00+00:00,0.4985452228405011,0.0025195721358512,-0.0047757554115953,0.0003163071284135,0.0168767433837122,0.0155642210462605,0.5083407490675476,0.0838850261644907,0.1623930503595912,0.5460971403633972,-0.1654850927454664,0.1558672468733556,0.4962555990960857,-0.0039558698913989,0.0192334809334828,0.0603885327305342,0.1192070975959116,0.0436368558358766,0.1804865930705007,0.1679055955439737,0.7420019751515438,0.825086904200729,0.0771057879758886,0.2067644535873545,19320.01
2022-09-09 04:00:00+00:00,0.5098026628361056,0.0031953503542882,-0.0350981142648852,-0.0318248160886163,-0.0167371125957583,0.0147765806822696,0.9352839717197446,0.0786026781687553,1.6102566872261894,0.7765467110258528,0.9517558589472188,0.1486587761667692,0.4979127329292553,-0.0034944765811513,-0.014511069956308,0.0249315949596393,0.0819282005726345,0.0420120599254844,0.3859927474447727,0.1627568434158357,1.024936600700714,0.8735565564159242,0.7757821973033769,0.2070666903591392,19972.29
2022-09-09 08:00:00+00:00,0.518756898939315,0.0071947403473209,-0.0543818157520772,-0.0581064004023919,-0.0470428969656497,0.0174008915035583,1.2055223331264595,0.0904313175603584,0.8765236726973508,2.018410786545068,0.7869257579819816,0.1635302478044989,0.4995940319041371,-0.0023146229088544,-0.0450890899282695,-0.0083632437976595,0.046393462188647,0.0410953943854995,0.5946971330884054,0.1567690563552809,1.006740546809928,1.1553642297869184,0.8112133955870504,0.2050282722486628,20643.59
2022-09-09 12:00:00+00:00,0.5213608404604897,0.0103740723015083,-0.0549734307262879,-0.0651165833048754,-0.0580468337621852,0.0177531008546213,1.196400181000913,0.1069035221481185,1.2425436919388877,1.3146994527520632,0.5143304453023575,0.1822786924478283,0.5003048765278696,-0.0010816153519618,-0.0563471406002383,-0.0217938930458488,0.0316943069276973,0.0411740027994276,0.6856457109845481,0.1540972357672345,1.034963029080694,1.323681063033967,0.7449050816013526,0.202851577748086,20932.7
2022-09-09 16:00:00+00:00,0.5238609702020773,0.0126187934436143,-0.0567805567499549,-0.0725580042544622,-0.0695624912486035,0.0179184550385269,1.1783974750572763,0.1257080210832708,2.412260721055992,1.9683477958137716,0.7409806168018849,0.2026586084941922,0.5010696223663603,0.000222270819328,-0.0681331034517426,-0.0359270801350961,0.0161511205934021,0.0413008950729674,0.784882834580035,0.1515118632969816,1.1393747371115206,1.4419920084144564,0.8923099411319154,0.2010620371706864,21249.57
2022-09-09 20:00:00+00:00,0.5219679927690275,0.0139982313283829,-0.0460003997414218,-0.0665099139218582,-0.0673898332689769,0.0180691041080019,1.0701318794357453,0.1450856329090258,3.004827885894781,1.5258068283422348,0.0461533439958197,0.2234814798530173,0.5010850848007946,0.0015367010813537,-0.0662121545419401,-0.0359411476555726,0.0154305219937491,0.0420444196929001,0.7886159169130667,0.1514947267262965,1.2143661560919226,1.564623176101554,0.8718425488950903,0.1995461080126642,21262.44
2022-09-10 00:00:00+00:00,0.5213847435354282,0.0142594588511779,-0.0405851821307543,-0.0643657748285098,-0.0687405707192451,0.017680573299085,1.0145035542617455,0.1618405052177369,2.538444101025054,0.8008973080660144,0.2218173157079941,0.2437115788833661,0.5012939902386485,0.0027870954761653,-0.0678081547055821,-0.0395471456604988,0.0109153893914661,0.0425906902690588,0.8161245461357771,0.1512144678911241,1.1586996711242787,1.631199220299903,0.8765354995434428,0.1981227098193547,21355.55
2022-09-10 04:00:00+00:00,0.519674299287152,0.0136000777282774,-0.0313950238653697,-0.0571001979026176,-0.0644661243826917,0.0178014094321511,0.938644585817582,0.1749568060129938,2.359407050621436,0.5206107294602644,-0.1686232196806197,0.2639258468001608,0.5011885277054788,0.0039475584921655,-0.0637526380537417,-0.0372159425005794,0.0126734661556651,0.0433863962813905,0.8036366285000053,0.151603458604643,1.153868168471554,1.5899090403161091,0.8180808516061707,0.1969187599850666,21316.47
2022-09-10 08:00:00+00:00,0.5177731024537696,0.0130418092529653,-0.0228054273445577,-0.0504319217271341,-0.0608591129917744,0.017794141607892,0.8752434301102106,0.1864496665731515,2.4696872317812395,0.8654755372755912,-0.0421027649222772,0.2847355955507205,0.5011255539987576,0.0051578438418952,-0.0603766310059272,-0.0357079089284133,0.0134830896538011,0.0435687107692644,0.7962673142999878,0.1523033990982922,1.3044939976723895,1.3741186312768012,0.6252493343131739,0.195783822264032,21298.73
2022-09-10 12:00:00+00:00,0.5167678326997236,0.0114359016903329,-0.0175506261086421,-0.0453683336453206,-0.0581006659365991,0.0176718377437107,0.8334900279894107,0.190658516408878,2.6203021368853103,0.3393600129474633,-0.0486081673025105,0.3034521398642145,0.5010990857076459,0.0061878480312038,-0.0578150320738815,-0.0348147666116203,0.013720460291374,0.0435810954651408,0.7946031102730429,0.152236509999226,1.3734729535711332,1.1852684545823138,0.4737175010212557,0.194695953474032,21292.15
2022-09-10 16:00:00+00:00,0.5150459499563194,0.009423373837219,-0.0123154724106639,-0.0393794269680981,-0.0538991624722698,0.0172419659888286,0.7914285253455016,0.1912492254283051,2.523022197408456,0.4706897205883393,-0.1958594165541467,0.3171694000525236,0.5009788971716902,0.0070974233613146,-0.0537845915379929,-0.0322589218071179,0.015752739788976,0.0435377944908992,0.7819284008938836,0.1521995003140117,1.395326011120938,0.8875301919681696,-0.0016161542791759,0.1936209590371599,21247.41
2022-09-10 20:00:00+00:00,0.5190479559774367,0.0078387749881671,-0.0241876743556987,-0.0504357475463088,-0.0664948328670321,0.0167901411498887,0.8453037295324058,0.1870323524204002,2.7822605500484063,0.8163350420498566,0.7163228283339733,0.3304163782456721,0.5017968040285488,0.0078851625310782,-0.0665552572881572,-0.0469220904570303,-0.0003268211439512,0.0426460109735114,0.8877711003839197,0.149652923283771,1.5035617414228826,0.721709338556256,0.5909132179629231,0.1925586865922401,21587.83
2022-09-11 00:00:00+00:00,0.5182972166632522,0.007098341576046,-0.022366206476713,-0.0489339025741655,-0.0669758802325798,0.0169427914295174,0.8304446586489224,0.1855919652864997,2.317360168142572,0.8974658195573365,0.1649526478764991,0.3459118473712337,0.5019440275288304,0.0088406166099147,-0.067226444730908,-0.0493597442629142,-0.0036656770607167,0.0423400096152276,0.9095209994688934,0.1493383485670921,1.4611273591375202,0.71456732450586,0.443063730833511,0.1916137107243573,21660.39
2022-09-11 04:00:00+00:00,0.5158686821573036,0.0059549550383917,-0.014242977636081,-0.0405190524200643,-0.0602723377509024,0.0169552304318267,0.778022515739597,0.1837956510643759,2.279507094743715,0.5191280785882746,-0.4066797642436209,0.3600616618941675,0.5016896582435972,0.0097645155043503,-0.0606958519437579,-0.0443448278411373,0.0008336877396435,0.0424055289945877,0.878318853904416,0.1503116286555175,1.4796545305319206,0.7011669784501373,0.3583024489499277,0.1907766327583696,21563.0
2022-09-11 08:00:00+00:00,0.5156026003630152,0.0046553491856904,-0.0135228625247296,-0.0389095344999512,-0.0599418593136464,0.0165354548825802,0.7637861982140336,0.1817402664733237,2.1610408895665043,0.4733288870839011,0.1571050914958572,0.3697065428769438,0.5017867445890417,0.010545659450744,-0.0605209994830091,-0.045714016959535,-0.0013372218756099,0.04218977714004,0.8911872410701708,0.1503965966470394,1.4773776133006695,0.6182921957927565,0.4516386890487591,0.1899494611684347,21609.78
2022-09-11 12:00:00+00:00,0.5148533452035009,0.0036447986101822,-0.0110421988181123,-0.0357350101117887,-0.058015835644837,0.0163850477825917,0.7418261917150606,0.1774565409519358,1.9755030895315917,0.4054175666504995,0.0733799817462818,0.3774561219172757,0.50179611771462,0.0113247352237181,-0.0587486092481697,-0.0454591964617476,-0.0018290288263219,0.0420457902323045,0.890887946540863,0.151270665980274,1.450708942652826,0.6241324719054238,0.4731487537242955,0.189132078717819,21620.83
2022-09-11 16:00:00+00:00,0.5142422354126124,0.002409615682376,-0.0097798100499246,-0.0332235472252137,-0.0563711531455173,0.0159452056833555,0.7244087220056473,0.1699286889955983,1.6249998774038097,0.5044048565583757,0.0458343280019053,0.3821418383506998,0.5018119380001369,0.0119954253504272,-0.0572371391838159,-0.0453385718281891,-0.0024215321531577,0.041886157514834,0.8922513796453545,0.151846053716149,1.348832586038619,0.6233113642949527,0.6048142859384563,0.1883243695572241,21633.68
2022-09-11 20:00:00+00:00,0.5132321711036295,0.0014829877186407,-0.0075744058953833,-0.0300108591443728,-0.0540016423876562,0.0159211963215984,0.7034810736260297,0.159483602217736,1.7808382810466177,0.6082476809800219,-0.0127480892970351,0.3872552390938005,0.5017842356126949,0.0126568737128003,-0.0549988299339166,-0.0444793714647343,-0.0022603190540582,0.0416928308234691,0.8878685132520341,0.1527676277917448,1.4090858834137865,0.578698471965871,0.0848632409825464,0.1875715852150057,21630.63
2022-09-12 00:00:00+00:00,0.5147690547087775,0.0006078809750417,-0.0144485658474725,-0.0355753012673305,-0.0600021823574993,0.0157249961660783,0.7459441846958391,0.1432252203775959,1.9259618385379524,1.0311530218588985,0.4702964095111634,0.3901727010528252,0.5022141907365839,0.0131410175213655,-0.0611095548744865,-0.0519832989177089,-0.0108128930437435,0.0411217004001686,0.940662438692774,0.1523892006521602,1.4448564187732431,0.587933027057741,0.3138879616721324,0.1868588327649972,21818.08
2022-09-12 04:00:00+00:00,0.5106590803521079,0.000235668471823,-0.0046123955460983,-0.0253614481874536,-0.0507722203939334,0.016776832883799,0.6785273869973416,0.1242258961597982,1.9011719329233023,1.8794267063020536,-0.1985111044716699,0.3980546111690954,0.5017785130629258,0.0138691076045773,-0.0520150637039155,-0.044203236981703,-0.0034679300840179,0.0413699765458003,0.8890102340447833,0.1545251432792302,1.4537407222585816,0.8056874409237834,0.0944196584523545,0.1865685000877351,21658.62
2022-09-12 08:00:00+00:00,0.5175360070240926,-8.849280185480813e-05,-0.0271227303540871,-0.0468030421326018,-0.0722498648448606,0.0170645199284883,0.9243393963380144,0.0966343877341882,3.076342270260042,0.7214889595653836,0.9219040968342684,0.4079850874309493,0.5030934059293913,0.0140977002990244,-0.0735786510887175,-0.0672700525059192,-0.0282703339968658,0.0403764516112509,1.0481084813435757,0.1520091207858107,1.7332293980927624,0.8475125435277573,0.6735783641572768,0.1865741555907082,22212.99
2022-09-12 12:00:00+00:00,0.5171978941679715,0.0006908556896094,-0.0259556487211123,-0.046648720774438,-0.073374677111872,0.0175864199225855,1.090175048437907,0.065866292446111,2.215032445124172,1.0229041248600432,0.1924857945928509,0.4217061781911058,0.5032684666150372,0.0148029168764574,-0.0748533899881869,-0.0701700164027814,-0.0321984403351734,0.0402097255631162,1.0665905514397764,0.1533741508189509,1.5546487449734767,0.955331133260563,0.6813890761968985,0.186590070685631,22307.38
2022-09-12 16:00:00+00:00,0.5134097232541585,0.0013001369922715,-0.0134033999658111,-0.0352592344605786,-0.0635900282201632,0.0178488538061752,0.9388534651721496,0.0630610799227776,2.2381781111711967,1.4207619406431682,-0.3422445350904734,0.435431667174917,0.5028197246175293,0.0156879306238424,-0.0652383264380347,-0.0621639911803619,-0.0248158526209798,0.040571595804844,1.0091693267272837,0.1567723538322359,1.615971046265782,1.1058335317141372,0.4944206842923797,0.1867583099662778,22143.51
2022-09-12 20:00:00+00:00,0.5155661436002767,0.0013330131298294,-0.0204392106370283,-0.0423076864145012,-0.0713835951903258,0.0178383377789199,1.070361181577954,0.061920567360263,2.7300405311060194,1.183264221073128,0.555563026716879,0.441449076319003,0.5033764436772347,0.0161872589094567,-0.0731531446977226,-0.0716332511358998,-0.0355725407942577,0.0401843054672466,1.0719620573775128,0.1571185219151294,1.8179031104506789,1.195955858041425,0.7435361586314164,0.1869399796899332,22395.33
2022-09-13 00:00:00+00:00,0.5146407007731884,0.0012214213513996,-0.0174381260742237,-0.0393460891051452,-0.0693626894790931,0.0174316772781603,1.014115747517746,0.0646185252460501,2.6964797475758964,0.8704174328234578,0.0735871531301028,0.447846942626296,0.5033705133798505,0.0168197718446475,-0.0712655314993927,-0.0712455895271328,-0.0360896885244634,0.04019557878047,1.066876730291421,0.1592080367304888,1.9359788774663425,1.1603191467946885,0.6358162665098094,0.1871194994482651,22412.6
2022-09-13 04:00:00+00:00,0.5113254868347833,0.0004213652455789,-0.0075886947278699,-0.0286466419717114,-0.0593310163359236,0.0174500820222056,0.8488769622621553,0.066279311732234,2.557017845670145,1.0854348593477856,-0.4812773039317596,0.4481659755703014,0.5028945255615929,0.0174496439628661,-0.0613548357135959,-0.0626409815221887,-0.0280093051205005,0.0405404956146699,1.007195143607285,0.162584400704367,1.967262720344948,1.0093636576913183,0.6682399121474805,0.1872968946849789,22230.52
2022-09-13 08:00:00+00:00,0.5111669046378939,5.433472391089229e-05,-0.0075918718033385,-0.0280685439868545,-0.0592134958974521,0.0173658637836362,0.8415886838888054,0.068196480936915,2.535814706359969,1.1139522864324791,0.1185942435942464,0.4496205144369414,0.5029881905934368,0.0179148883910029,-0.0613419768463707,-0.0639707501568809,-0.0302719571224922,0.0403728814432144,1.0132161178661687,0.1645215488661573,2.0725005171266613,1.0448685894458738,0.1137931034482781,0.1875402649433298,22287.43
2022-09-13 12:00:00+00:00,0.5138380199811305,-0.0001395929437109,-0.0169785852062313,-0.0368461773733597,-0.0681381803852245,0.0173583360446035,0.9740031395416604,0.0689159709270512,2.6814241249609254,1.0459617273349642,0.5125878330139418,0.4517259863391174,0.5035960924966997,0.0181865341373968,-0.0703474143746715,-0.0742695016506841,-0.0418282486379351,0.0397557138549483,1.0767586715106028,0.1650244251999379,2.2640134294895926,1.0156839180528894,0.359140330837249,0.1879332897172305,22561.79
2022-09-13 16:00:00+00:00,0.4913151330355051,-0.004321835673316,0.0607755045552294,0.0455114838625221,0.0137318082058681,0.0227965662213454,-0.1501991848544352,0.0790511115475138,0.9828169308835788,3.597611746480972,-0.8744984644643592,0.4308835144846193,0.4993135017924257,0.0195152124712548,0.0113693099405263,0.0067722331284609,0.0415885435991718,0.0436139560845696,0.5912670698111978,0.1794567069759787,1.921781439302159,1.3286209382264211,-0.6763391665898497,0.1870048133485168,20753.41
2022-09-13 20:00:00+00:00,0.4870423957255183,-0.0097208332413136,0.0701602706641448,0.0635804133894175,0.0351615252725889,0.024892908563101,-0.266640416364948,0.0948078035341043,0.9351649406805972,1.9556588641481172,-0.512508157494017,0.4044124496697704,0.4982999596529954,0.0191307855931654,0.0328956221129836,0.0286590482679007,0.0641309784167778,0.0453811120999833,0.4737949604986794,0.1819867076701912,1.841289753235562,1.4550944676357105,-0.7594290909090897,0.1852075842870646,20307.49
2022-09-14 00:00:00+00:00,0.4864742058924539,-0.0142372457510201,0.0625823594031307,0.0648276132293497,0.0409201739020115,0.0260003717100745,-0.1706487557258044,0.115834702617446,0.5291353365306344,1.090239514058847,-0.2618021125242536,0.3878099950892991,0.4979999669356525,0.0181917856628628,0.038837744280469,0.0354340197283908,0.0712333179470041,0.0468434137386221,0.4377142497784135,0.1820295661020195,1.643167962341319,1.5051898143083056,-0.7645195246179961,0.1836096495561188,20164.09
2022-09-14 04:00:00+00:00,0.4889780227706511,-0.0159392846468725,0.0434112980605427,0.0514004759475059,0.0315732204184113,0.0255961764603098,-0.0146086357858926,0.1296616002383318,0.6494854425086262,0.8203748777581487,0.3097261945238834,0.3709541847736995,0.4983804515999195,0.0171160757658474,0.0296782790396104,0.0270082183815556,0.0625541396547777,0.0476474950795507,0.4829966335873886,0.1795242221107001,1.7489588012705704,1.489179342791452,-0.6494736842105265,0.1821358155302801,20320.67
2022-09-14 08:00:00+00:00,0.4884555209996816,-0.0164990274181329,0.0392858389905552,0.0513867640499479,0.0349476854736832,0.0249501781824596,0.0219921212119688,0.1428897896901111,0.6472132701391397,0.5100965465945657,-0.3287370615559089,0.3530767699596531,0.4981871314387469,0.0163061336916975,0.0332054311563245,0.0311911767660708,0.066911393368551,0.049018179474757,0.4607316205646039,0.1789495141796156,1.7204266880491013,1.4181350283053835,-0.6992393887945665,0.1806794235524857,20229.7
2022-09-14 12:00:00+00:00,0.4887037284029268,-0.0160195939323747,0.033414082431787,0.0481902643017635,0.034797059422053,0.0242236946712704,0.0681987654892619,0.1534700944314413,0.5493832346640463,0.6210874556890873,-0.0480310527719316,0.3379449103561561,0.4981553654664133,0.0154900089397433,0.0332030109193794,0.0318082081135235,0.0675688099495461,0.0502113002199702,0.4579033949320348,0.1775147243568823,1.638832728191217,1.3762912538234795,-0.7967741935483871,0.1792402672052995,20209.4
2022-09-14 16:00:00+00:00,0.4890944910656379,-0.0152252322081979,0.029037314130669,0.0458826733790804,0.0353687613841977,0.0237209442739026,0.1031178185362285,0.1635826753547686,0.2990494735991539,1.48212924644093,-0.1195426517522442,0.3255961696712966,0.4980989081386881,0.0146775260632838,0.0339229257442927,0.0331870742700188,0.0690432806100074,0.0506433967747688,0.4506611905522436,0.1762872837887706,1.581529810761174,1.0996140429381582,-0.5445466712840347,0.1778181425141281,20173.32
2022-09-14 20:00:00+00:00,0.4878359149501052,-0.0149775284967944,0.0321392647129605,0.0516462197318368,0.044223718876031,0.0239022492780526,0.0945207629909458,0.1768987999320849,0.3111051248152049,1.402814925403108,-0.3295769623660249,0.3172972408914336,0.4976728981669305,0.0138579725986744,0.0429392781088517,0.0430659244333817,0.0794183774815504,0.05114815508039,0.3963032120439871,0.176838228089865,1.5792555705110043,1.0402550616434247,-0.3694347826086968,0.1765461910884541,19969.95
2022-09-15 00:00:00+00:00,0.4913783942673045,-0.0133461123710279,0.0147721719932498,0.0348654821732485,0.0300611942936257,0.0240507238918215,0.199451314830202,0.1831039325679115,0.7122629196536296,0.7368449552709323,0.4573562941405436,0.3112414303790005,0.4982614778823979,0.0128553313498568,0.0289416759913572,0.0297851471286927,0.0657752537689762,0.0504646805711836,0.4693929383713532,0.1732362436568566,1.772540577247683,0.992249625521328,0.0552391304347822,0.1754552453581552,20216.63
2022-09-15 04:00:00+00:00,0.4897737425093462,-0.0119514859334329,0.0203841189941635,0.0410356388746389,0.038466616020137,0.0241427495110784,0.1802987005808526,0.1915406392438913,0.3912682788716833,0.63128032613759,-0.5502246284990173,0.3029697054598876,0.4978520321206365,0.0121761970133362,0.0374790059453671,0.0390269076328364,0.0754389857785464,0.0508604499183296,0.4177495937788442,0.1734847505546612,1.5930456609053825,0.9691076643731906,-0.3688477200744072,0.1743772103949491,20026.11
2022-09-15 08:00:00+00:00,0.4925407537178583,-0.0102049445215716,0.0085908211555509,0.0289278173734786,0.0283647105229678,0.0233666132729223,0.2516957493772371,0.1952057454088736,0.3279514920253969,0.7528621383278037,0.4545939600896463,0.2947356791867241,0.4982726759798111,0.0113227288897453,0.0275179644716929,0.0297095444310553,0.0658892186956108,0.0503004261971233,0.4698478530808407,0.1708002393679622,1.571201499796708,1.0236834422356402,-0.0364235081192493,0.1733119334067197,20196.63
2022-09-15 12:00:00+00:00,0.4925545366957967,-0.0084912101453945,0.0082099623705633,0.0279500732130451,0.0290406238497016,0.0229102426915355,0.2663267995549929,0.1982675744001998,-0.1684889052410009,0.5116272150519638,-0.1902795741717237,0.2849342836402763,0.4982085297964312,0.0106586783847805,0.0283117201673346,0.0310955831606583,0.0673961457663228,0.0502534022672321,0.4618054649187835,0.1700152512470049,1.2598610943051345,1.0112988047807134,-0.06791259493507,0.1722592634095647,20159.5
2022-09-15 16:00:00+00:00,0.4883612222037793,-0.0077082250025315,0.0270063983527804,0.047339228111195,0.0503765388032211,0.0230057603256256,0.1841315477796267,0.2055645652300158,-0.4822477261631263,1.3018877446280834,-0.6336282929932625,0.2788720955261503,0.4972584193541515,0.0101124638306735,0.0497699031825309,0.0533595145832743,0.0905937069396718,0.0512393135439996,0.3362279536855368,0.1726892777993401,1.0828942282654113,0.9919589370244124,-0.5040264114747116,0.1712505720083585,19721.31
2022-09-15 20:00:00+00:00,0.4899256905473521,-0.007142447358109,0.0183528786909661,0.039254144354875,0.0443895775271621,0.0232843736549457,0.2312808536466852,0.2033151858694669,-0.2896577665170817,0.700431859540472,0.2720839839208062,0.2788469940187101,0.4974677099223037,0.009213280962894,0.0439389801028637,0.0483972902878646,0.0856843306207413,0.0509674792533286,0.3615434558495397,0.1720655111325204,1.1768873009096592,0.8697365412944934,-0.1894532557050126,0.1703882246570838,19800.04
2022-09-16 00:00:00+00:00,0.4892013391693015,-0.0064595616467708,0.0200550964464749,0.0413210517245354,0.0483878545719362,0.0227569316234531,0.2277011888468084,0.1983820404281243,-0.4220747341055596,0.513133296313155,-0.3469483715244063,0.2792290282012626,0.4972483782829544,0.0084373640633766,0.0480820752740418,0.0534307761123933,0.0911297345007735,0.0511724045530762,0.3315354684331015,0.1731439840781022,1.1037137843683138,0.827342762739641,-0.6293728031371791,0.1695360827317042,19690.75
2022-09-16 04:00:00+00:00,0.4904095015603187,-0.0056425481115656,0.0135905631814556,0.0347896193281023,0.0435696390423012,0.0220750285786529,0.264426906269564,0.1889117850553757,-0.1923711939162035,0.4935774694587991,0.245363397736566,0.2805893275281287,0.4974037118460012,0.0076131381254632,0.0434068978512669,0.0495975745489789,0.0874026361903488,0.0509226171087804,0.3497056060385173,0.1729203095691815,1.2524346243451252,0.7979279133786013,-0.3331818942636484,0.1686940254563881,19747.55
2022-09-16 08:00:00+00:00,0.4906999762981536,-0.0045518780765184,0.0112451002624585,0.0318221819817159,0.0419710484158131,0.0211585019398056,0.2816234193106768,0.1740719676070836,-0.1957608523307872,0.4368973665842513,0.0016298710919953,0.2807052464907687,0.4974176489087935,0.0068986984266896,0.041933781973507,0.0488881702101242,0.0868801934286327,0.0508140263781492,0.3505362284262622,0.1731397523318665,1.2629402527193914,0.7339006418842395,-0.6177973182123254,0.1678619334846235,19746.69
2022-09-16 12:00:00+00:00,0.4926048344446395,-0.0034847078275952,0.0032267948878936,0.0229245959215274,0.0342050727599272,0.0203357568145752,0.3355323263191321,0.1561283157300055,-0.1003668441043237,0.5883232855870835,0.4141250308522155,0.2819170304564285,0.4977069358498511,0.0061832282300596,0.0342858958823197,0.041932292836053,0.079883677674154,0.0503347401590109,0.3861402029362644,0.1723540112119553,1.3219818820430245,0.7438187369369436,-0.4270697782019071,0.1670396888823009,19864.17
2022-09-16 16:00:00+00:00,0.4904589062171315,-0.0027640951708487,0.0125179192364583,0.0318803090494772,0.0444594726661167,0.0203881720243831,0.2645411714885295,0.130779410900367,-0.275760345554158,1.865862785199968,-0.5423432485510377,0.2831817341556386,0.4972288209102307,0.0055762623496289,0.0446598987854671,0.0531534419080927,0.0917466060009233,0.0506841397100049,0.3213358567405711,0.1746213854327595,1.2278671942974468,0.8338755111154482,-0.1606864586246856,0.166265278112462,19637.71
2022-09-16 20:00:00+00:00,0.4913569902848445,-0.0026031120637484,0.0089587660762286,0.0285440898639219,0.0425776185447455,0.0205016343433716,0.2284902269473218,0.086630351476356,-0.6506921709636453,1.357935744966265,-0.0008149722036232,0.2877378070284637,0.4972730724632045,0.0048119984739996,0.0429141811702133,0.0523157885821605,0.0911930743691804,0.0504330689683278,0.3224167007536654,0.1750911633692399,1.1711148857824658,0.954043894442722,-0.280399335570698,0.1656766136733074,19636.0
2022-09-17 00:00:00+00:00,0.4935445296824398,-0.0014408010636406,0.0005644176934183,0.0186903434306222,0.0332944668860784,0.0201872780866211,0.3010690674813483,0.0586505099089743,-0.0199741049378334,0.8141479260014705,0.8169323804288089,0.2883079189070083,0.4976298230641534,0.0042207173672469,0.033723580596265,0.0436899889117761,0.082450177379437,0.0498143641172387,0.3663082602645269,0.1739787757040961,1.4132961558429902,1.001092311854264,0.1598088574110407,0.165147912193419,19784.17
2022-09-17 04:00:00+00:00,0.4950208840156307,0.0002381816319839,-0.0030901709544556,0.0125823854548825,0.0271285757989998,0.0199411330359142,0.4025614072704041,0.050374485178733,0.211615787666876,0.6875657352963869,0.3173734610123072,0.280969330072009,0.4978732610846832,0.0038328289920315,0.0276137143643329,0.0379157427386895,0.076555776387895,0.049424201862422,0.3953637372615137,0.1731610694385021,1.5295060013616573,1.02376464782926,0.1775658492279725,0.164349792881993,19883.32
2022-09-17 08:00:00+00:00,0.4949494569576845,0.0012146189669625,-0.0015952505505403,0.0124459196126378,0.0271358344300902,0.019300323812138,0.3959601939008328,0.0495661040247514,0.1808156614574368,0.3937603590615017,-0.1068203362770055,0.2742464244065834,0.4978396424463714,0.0034505609340385,0.0276838671078052,0.038422938366587,0.0772011896233106,0.0493511504899885,0.3895682062911539,0.1734373352500037,1.499386997025664,1.0050618888037446,0.1494615284806002,0.1635213040489218,19861.91
2022-09-17 12:00:00+00:00,0.4944502232542632,0.0019550075394535,0.0010829812299315,0.0136833359729033,0.0284620233718722,0.0184890973130473,0.3642951041602975,0.0471141708177008,0.0516402161310352,0.2316869096711659,-0.4210622710622642,0.2682709513756918,0.4977441610389647,0.0031015750344934,0.0290682008508698,0.0402294785382446,0.0791876937477629,0.0493405153375548,0.3766625296630896,0.1739291206561726,1.3505610826362373,0.9348896982870244,-0.0625664979888427,0.1627026199440475,19815.94
2022-09-17 16:00:00+00:00,0.4965021964961492,0.002580741111717,-0.004926046964196,0.0061437318666477,0.0207542364125399,0.0177459496667607,0.528886895954598,0.0436493341664506,0.1631802915695455,0.4507691485224547,0.4794220665499147,0.2627128022788575,0.4980624184456702,0.002771735811278,0.0214043581936966,0.0328352855094868,0.0716104313356682,0.0488940133309917,0.4148093197866759,0.1728293650437978,1.4923333842310071,0.6678844099906956,0.4028934734656828,0.1618936245335852,19946.79
2022-09-17 20:00:00+00:00,0.4975765159888579,0.0035935039853163,-0.0061162054454562,0.0027424693788336,0.0167407050758703,0.0175380134912238,0.6313964922177624,0.0400634499934065,0.3208469706402599,0.8408866258200147,0.2736884912566078,0.2502867267399797,0.4982360125052446,0.0026043080437163,0.0174069651193173,0.028935978169879,0.0675669123205062,0.0485984525515276,0.434246357340844,0.1722302810529228,1.581340235278747,0.5378633996192933,0.688180446754761,0.160919181205734,20014.2
2022-09-18 00:00:00+00:00,0.4991538623315494,0.0042315510408144,-0.0093815972164104,-0.00236635200943,0.0109992754102425,0.0168858813935046,0.788923599761707,0.0374024390037714,0.2871209889432523,0.4760358619225863,0.5067421259842558,0.2385966377892746,0.4984888525885103,0.0024524267506983,0.0116769940079743,0.023262027839326,0.0616749776982568,0.0480683987150684,0.4637276064768627,0.171262556781103,1.5744629861566724,0.4622128322915818,0.7629245826137001,0.1599462922629127,20117.18
2022-09-18 04:00:00+00:00,0.4974818083956382,0.0043628342365181,-0.0025590697203149,0.0034002220852917,0.0164658287860166,0.0164850036046018,0.632244354563308,0.0368350777115062,0.4460911541877192,0.4371618331208287,-0.7204836847542074,0.2272179905184981,0.4982204824596797,0.0022958974879686,0.0171692722986773,0.0289903924869661,0.0676390511748838,0.0480433660741062,0.4278380405930113,0.1720611161055617,1.62659071043046,0.4078888186647107,0.2604720782959138,0.1589849169473962,19996.43
2022-09-18 08:00:00+00:00,0.4985000274852371,0.0044392549699794,-0.0047133617123333,0.0001507999826815,0.0127188581474959,0.0157404409591528,0.7319338688221594,0.0353047906580639,0.3336792146762828,0.2648740746722227,0.4371618809820967,0.2160211228322564,0.4983765960796466,0.0021543393266687,0.0134347745653711,0.0253382821316729,0.0638516156243513,0.0475818191674379,0.4456029970502013,0.1713929761116397,1.5750090963135153,0.3811970024791782,0.4548992515831914,0.1580349190014799,20059.46
2022-09-18 12:00:00+00:00,0.4967305686384229,0.0041417441367213,0.0015062421182483,0.0059234657695514,0.0183028289716216,0.0155476735766438,0.570239139845028,0.0343113875604724,0.284971683929405,0.6283951942771709,-0.3691030693897039,0.2088512152654142,0.4981026630097174,0.0019956498744532,0.0190455686127966,0.0311997159814856,0.0699636484039962,0.0475667182237605,0.4093934353968195,0.1723545102560138,1.542644616764726,0.4234069078837814,0.2786643638457157,0.1570961637799982,19936.4
2022-09-18 16:00:00+00:00,0.4948799381068802,0.0036118407194213,0.0075065867283132,0.0119048595709292,0.0242698812418975,0.0155599483189084,0.3880780992508633,0.0329855663842494,0.5018940305665319,0.8569254515317507,-0.4337297654443361,0.206515862476368,0.4978108797647986,0.0018004788604765,0.0250474296585312,0.0375171488513093,0.0765788620497527,0.0475716540596475,0.3716857381851994,0.1735682450637785,1.596200863866892,0.4608087939140431,-0.3109512740669329,0.156187496367729,19805.1
2022-09-18 20:00:00+00:00,0.4942865350625594,0.0024446167268393,0.0086115122001451,0.0140605896976404,0.0268935550285107,0.0157479961040776,0.3018138553002243,0.0316761389178918,0.4697653975312321,1.634077449216898,-0.2363763022070268,0.2093705077901704,0.4976697804511081,0.0014628095796152,0.0277311201960683,0.0406841270291717,0.0800241345769459,0.0475112062781634,0.3519316323941538,0.1745054344501809,1.585313361473638,0.5359460508158195,-0.4815926848408324,0.1555113725471948,19731.91
2022-09-19 00:00:00+00:00,0.4902315561887505,0.0010276490891116,0.0205714331077322,0.0277835255738843,0.0416166460455345,0.0161860063686132,-0.1095000099224046,0.0344521245457795,0.0869974812873697,1.7014031344073215,-0.696470215319128,0.2157713536775967,0.4969802737087838,0.0010361838237182,0.04254566157465,0.05630197020725,0.0964731670664023,0.0481347566844739,0.2651360080011611,0.1777876940598733,1.507209627959177,0.6807273819544731,-0.8841658764128465,0.1551258974221465,19425.05
2022-09-19 04:00:00+00:00,0.4819581773797969,-0.0012931793561894,0.0473576639965065,0.0581090311438232,0.0740767037106659,0.0175469173352479,-0.5710337920109374,0.049779030769366,-0.248876270826353,2.4494745017873205,-0.7389611309088319,0.2280146883222188,0.4955562634236108,0.0003677135716741,0.0751651279168297,0.0903544669953266,0.1322456348687981,0.0498073942142551,0.0891821558942968,0.1849907268828706,1.437562189437503,0.9276805583257542,-0.835226757606823,0.1552233461357089,18798.79
2022-09-19 08:00:00+00:00,0.4786017101055609,-0.0046734579762223,0.0553947579802871,0.0717175728805408,0.0909204169078623,0.0194239980889832,-0.4229314002058737,0.0758215122275726,-0.2327419930776418,1.732817064716671,-0.5580250884528846,0.2478873068121182,0.4948098775956797,-0.0007027550525447,0.0922322388862693,0.1092436869953266,0.1525650525036073,0.0511827037482522,0.0007318746108685,0.1910945092546881,1.401079220046473,1.128002191016499,-0.8701776601674336,0.1560402299592105,18452.01
2022-09-19 12:00:00+00:00,0.4833838133756157,-0.0065058184699736,0.0323045963264367,0.0523141816203613,0.0739307481866042,0.0196047130085679,-0.0697166261396923,0.0937060594017044,-0.3704071757052413,0.948836123800908,0.5400473211984984,0.2657341325564901,0.4954134514943613,-0.0017267666500776,0.0754209712603308,0.0937313900736733,0.1371639918066036,0.0510810424739807,0.0776701976137424,0.1914464164706005,1.39362370198915,1.184227370949281,-0.70452214872494,0.157105985272118,18685.99
2022-09-19 16:00:00+00:00,0.4908652807431509,-0.0052217874421472,0.0065237436110627,0.0257280072016994,0.0477468003053316,0.0201693944388234,0.212865167135196,0.096881552660529,-0.2962235155863804,2.0290393113366805,0.5657032653492522,0.2670314873496258,0.4964842762772402,-0.0022506224037393,0.0493061202661175,0.0680799539872407,0.110932082724465,0.0503993025577509,0.2019243617192536,0.1884703145942976,1.4992385646185564,1.3750479359209598,-0.4273551205246702,0.1581591279332307,19113.89
2022-09-19 20:00:00+00:00,0.4978634652424462,-0.0035444698349076,-0.0171081957164667,0.0003542002864815,0.0221992496301448,0.0205171566493519,0.4699695721111738,0.0971772201506745,0.1187167619330912,1.4155768787933505,0.6258130680940115,0.2601675791059155,0.497574930961601,-0.0025981358392769,0.0237938827530952,0.0427961675216741,0.0849804277665429,0.0495937280943498,0.3275165571118283,0.1850294853425161,1.6862942396066507,1.3934790245894726,-0.1144957431154093,0.1591998072066277,19558.37
2022-09-20 00:00:00+00:00,0.497997660403615,-0.0008802771644437,-0.0136164154013037,0.0005045417391769,0.0215657952861461,0.0214222303305048,0.4715882599636315,0.0971253501218954,-0.1337120234663593,0.8065638000927672,-0.0195127369668263,0.2477941114602595,0.4976007978411989,-0.002678414796676,0.0231689186003909,0.0423876058360106,0.084701492497931,0.0498979646152524,0.3271717193689903,0.1853892195402203,1.6140763570811634,1.3083029767933243,0.0892710264739093,0.1601743493816323,19553.1
2022-09-20 04:00:00+00:00,0.495321872455825,0.0006076788707078,-0.0011573713634356,0.0109745273436714,0.0317570625021368,0.0212847602647196,0.361632492101259,0.0984183283815658,-0.5908233067840569,1.0860253311104515,-0.4594646680942177,0.2376485787976808,0.4971370320854608,-0.0028431620196137,0.0333973679058536,0.0531220108317034,0.0960599734356457,0.05072921977007,0.2706073810128629,0.1879144389096827,1.3899951504665549,1.161830193515546,0.3769499937265612,0.1611101027888486,19339.77
2022-09-20 08:00:00+00:00,0.4959091276760718,0.0014569089748392,-0.0016976568124084,0.0089812555311603,0.0293955941426642,0.0210189385219256,0.3830643455618439,0.0986696519960038,-0.6855997990587054,0.8676767137733085,0.0577005028551982,0.2311227096357125,0.4972214187806013,-0.0030034808568015,0.0310596433347278,0.0511013426985442,0.0941714441424821,0.0509255534518414,0.2795913519305292,0.1882752727014192,1.3371348747595715,1.0549060330710167,0.6887273335004621,0.1620347820482297,19362.08
2022-09-20 12:00:00+00:00,0.494130056599748,0.0017061826713259,0.0056289497155421,0.01569338820454,0.0361456281030256,0.0210657372836624,0.3201461640301262,0.0989121031950951,-0.9801888972598284,1.0480587913257873,-0.5676184735930035,0.2243672980609147,0.4969004039263254,-0.0032376883075867,0.0378581308877561,0.0584700888378051,0.1020962759888224,0.0514573248484208,0.2414719404470492,0.1904764802035146,1.2009788633669871,1.0759758676914222,0.5194747450794414,0.1629485182164722,19211.38
2022-09-20 16:00:00+00:00,0.4953514466625719,0.0010082875653953,0.0009839138363918,0.0117218754145647,0.0326206121668097,0.0212780556116012,0.3613102335545136,0.1003061019926359,-0.5048031448795968,2.1783319060829838,0.063144643872327,0.2235612811579103,0.4970396204610161,-0.00359876015565,0.0343970233925974,0.0556176481747274,0.0994953108550775,0.0513374017430941,0.2545963101305515,0.1913213154007114,1.2197283053384125,1.108025242949775,0.1431084018833503,0.1638781803928324,19243.91
2022-09-20 20:00:00+00:00,0.493012757044743,0.000503932489186,0.0104383098585321,0.0218656797356633,0.0434838839790681,0.0221221489779054,0.2658953271013822,0.1027765044928093,-0.6722505976014228,1.5278092158764078,-0.3920113883771567,0.2229876548449483,0.4965632655361886,-0.0040042174334863,0.045348311358029,0.0674793001810891,0.1122321613383188,0.0519388365876676,0.1956426039339175,0.1949204736208308,1.2216109692763737,1.1384829109826466,-0.5660899940059103,0.1648466833211452,19010.61
2022-09-21 00:00:00+00:00,0.4916751959933533,0.000101796537304,0.015200566975428,0.0272053098967388,0.0494503471321692,0.0220262981861223,0.2191842901485294,0.1040972054526609,-0.0422140973381062,1.084580076260939,-0.4634352635003202,0.2232115410171578,0.4962796857515315,-0.0043943931324178,0.051395230571712,0.0743536793836459,0.1197923238883704,0.0523055734551168,0.1624898252960754,0.1977178770888349,1.4029705828085428,1.2023373568861948,-0.747572179909652,0.1658342637780206,18869.22
2022-09-21 04:00:00+00:00,0.4940350656707393,9.634604292465264e-05,0.0050465684454703,0.0169464308668916,0.0392793708674892,0.0213059430141711,0.3200871195645386,0.1003306452132557,0.2288499264973913,0.7418407128693104,0.6564947571153369,0.2229227179035884,0.4966634225547756,-0.0046602651666428,0.0412639847091369,0.0646266570762763,0.1100262028295113,0.0518111801814448,0.2079435731577415,0.1973857054667046,1.4687853624886975,1.174387112902174,-0.3688524590163931,0.1668101567412744,19022.27
2022-09-21 08:00:00+00:00,0.493153491120888,0.0001511407845437,0.0083731456619662,0.0202124498485549,0.0428491362186083,0.0208974017848362,0.2899869607659247,0.0964037735183477,0.388632702112497,0.9005351494196051,-0.2841455044612138,0.2207636794225352,0.4964778297503124,-0.0049578295287992,0.0448942777690197,0.0689355087159755,0.1148860000079616,0.0519852282249462,0.1867476709975426,0.199633941738208,1.5110628347426207,1.2106552379692062,-0.6195630529400041,0.1677745005262275,18926.47
2022-09-21 12:00:00+00:00,0.4965440877289576,0.0005171054728318,-0.004547588215603,0.0065819708991876,0.0289266363050668,0.0203448182377438,0.4395702554070709,0.0901677898067002,0.8043354991749394,0.7951643418085668,0.5999314544831418,0.2180058086601787,0.497032528662725,-0.005105548459508,0.0309851796109263,0.0552128552141464,0.1009060610101271,0.0511494073890316,0.2505411636681148,0.1983945582904284,1.6263745820194695,1.204966556900388,-0.0983922291073524,0.1687274318113103,19154.06
2022-09-21 16:00:00+00:00,0.4971509644847764,0.0018010052219658,-0.0041929687471206,0.0048448562603373,0.0263468339160442,0.0204155072212425,0.4782699435993985,0.0819127498475483,1.6628695213450173,1.5056662137778938,0.0785278890050775,0.2074613030970504,0.4971437696799803,-0.0050740839079169,0.0283947195075198,0.0527321023728064,0.0985028915676762,0.0508754169516915,0.2607983075828676,0.1986843251196117,1.7839950668807445,1.1582791672141235,-0.0784890207247756,0.1695225152325518,19184.88
2022-09-21 20:00:00+00:00,0.4954706017535052,0.0027655415328833,0.0072638346185642,0.0145565321395044,0.0354074845086946,0.0222985657076494,0.3714382761440398,0.074821712027362,1.7556508014666816,3.973137218113996,-0.1429116893034428,0.1950193641661802,0.4968367422603051,-0.0050655874665072,0.0374614393811991,0.0621338623191658,0.1084781689003562,0.0514015910147152,0.214564643795438,0.201152327335273,1.8215646274560453,1.7386703145105522,-0.0079481964607154,0.1697364664730504,19001.48
2022-09-22 00:00:00+00:00,0.4904767047607366,0.0007408614439459,0.0292892602524088,0.0393547601021624,0.0618533940787338,0.0264755911538389,0.035987933417556,0.0734922934869535,1.225043088616607,1.679782753841522,-0.5582734125518646,0.188942039754458,0.4957728612352193,-0.0056665867414742,0.0640536571813437,0.0902540977258532,0.1383466580110499,0.053215169237021,0.0877862634358349,0.2088492023067424,1.8268427355606285,1.9452195433958608,-0.2116716012555375,0.1699718730541383,18488.54
2022-09-22 04:00:00+00:00,0.4934109396817607,-0.0005646818688127,0.0125530627464822,0.0243711955822027,0.0475924835598569,0.0262854013833118,0.2304610708628768,0.0718108039086258,3.12173412126814,1.0169414234941656,0.4921335200747031,0.1855108599656924,0.4962929145701729,-0.006046966208325,0.0498545904933309,0.0765955624087928,0.1246153222298398,0.0531293552257589,0.1494029064494251,0.2086549148816633,2.319509610529013,2.051004222360328,-0.1793147970882199,0.1704637295179284,18699.49
2022-09-22 08:00:00+00:00,0.4965121466541847,-0.0004225932061515,-0.002141898606738,0.0094598978177382,0.032571712762492,0.0254729494057199,0.4356818197127642,0.0683621546928961,3.0831554924477387,1.001904727944216,0.6804779067457488,0.1781158177680889,0.4968691209595455,-0.0061973963904449,0.0348492789669463,0.0617879829426231,0.1095447045148418,0.0529570465814838,0.2160478720835251,0.2075405966741033,2.3945518845538967,2.121999994581418,0.0074352752610141,0.1709497651199918,18939.86
2022-09-22 12:00:00+00:00,0.5001847822118903,0.0011865113492785,-0.0158707408853889,-0.0068084379685102,0.0150042276064261,0.0252964386510119,0.6823751864088708,0.0654192740764492,4.010663703871295,1.1906258874113815,0.8288825581085747,0.1685542856784627,0.4976006556009338,-0.0060058508659255,0.0172265016518913,0.0438140890443208,0.0909492651111698,0.0525885495604673,0.2980345543329687,0.2049327143845815,2.876808194916525,2.251566431050624,0.0540560094387931,0.1714300487471559,19251.22
2022-09-22 16:00:00+00:00,0.4974805318681607,0.0019303831147178,-0.0017986098457265,0.0059910384718766,0.0274170016056969,0.0253103340013816,0.4640170857041528,0.063163616652103,1.7629916725829655,1.6767201006103845,-0.4826460647030409,0.1586680153051326,0.4970895076974764,-0.0060417157793268,0.0296600827389887,0.0567503947657734,0.1046902771842448,0.0537723733574854,0.2380253118076034,0.2084598650485596,2.169287346142126,2.362874130449238,-0.1028694819794751,0.1719046484710087,19000.04
2022-09-22 20:00:00+00:00,0.5010782453400168,0.0026220596405851,-0.0164494502259413,-0.0102458467755789,0.0100597024329736,0.0248254272386775,0.7154626531683784,0.0575011285697299,3.5226655095248467,1.460751836833978,0.4374254731142075,0.1493513258024732,0.497816275946298,-0.0058563075309893,0.0122497252219493,0.0389888077876467,0.0863114506012086,0.0532837999135601,0.3188209151696725,0.2058786428290978,2.729012505769112,1.916865036436716,0.2290534850618918,0.1723450227620996,19309.88
2022-09-23 00:00:00+00:00,0.5020522618798274,0.0038363321580957,-0.0177778524118986,-0.0140018475254829,0.0048665266702521,0.0247523395740165,0.784846632991047,0.057352246163346,3.1716078336506484,0.6667733685847971,0.2465442823580849,0.1446440552109117,0.4980460193387946,-0.005563018809532,0.0069943567683399,0.0334310327698721,0.080565485548107,0.0531734491676976,0.343749417041185,0.2053352615304247,2.7295832910729887,1.689916192301295,0.785517164301005,0.1724656038505721,19402.35
2022-09-23 04:00:00+00:00,0.5019470901967806,0.0045893097468709,-0.0146293767827644,-0.0127923586330378,0.00477562996924,0.0241929942984692,0.7698680022373069,0.0579859268616552,2.9429868135616237,0.497255860809592,-0.0173841738417451,0.1406253731406868,0.4980576551109471,-0.005282197382615,0.0068491905708054,0.0330828995171936,0.0802468826662865,0.0531913138422919,0.3442467507505421,0.205774659239255,2.798885420097483,1.5653415948000786,0.7710091459373466,0.1725470232999998,19398.09
2022-09-23 08:00:00+00:00,0.4999745249612826,0.0049837759102918,-0.0038257075037316,-0.0034843302702866,0.0129854821304624,0.023641522311978,0.6393201103995565,0.0560586370896473,2.335314155744725,0.614691571334848,-0.5414362789450748,0.1373743830443493,0.497718297056282,-0.0050362344554166,0.0150204223629977,0.0412455941545228,0.0888147344225462,0.05352298736955,0.3050657203628283,0.2078817952499594,2.541608900846659,1.472245760223475,0.3999296945770167,0.1726274791932035,19235.7
2022-09-23 12:00:00+00:00,0.4954927320770209,0.0039599519093618,0.0156323959510875,0.0166369652570561,0.0331215868807326,0.0239611519810545,0.2845763737128444,0.054576480483026,1.8993980657552392,0.6936596945929456,-0.871541193023203,0.1294075732838437,0.4968858224726512,-0.0050840767333495,0.0351892952568209,0.0620571123614093,0.1107644625675885,0.0544527114745785,0.2098458348045649,0.2129898026811455,2.3351940945347915,1.3550193369377366,-0.5484769411732912,0.1727069829333628,18844.26
2022-09-23 16:00:00+00:00,0.4946020868025962,0.0021912769517031,0.0182776880691797,0.0212007640315863,0.0381305292340694,0.024123867590147,0.1964105399303898,0.054355748654332,1.9994994033473976,1.2333777538409825,-0.214946450400484,0.1262305413371405,0.4966880840654554,-0.0052378256000467,0.0402373204379493,0.0676249946846756,0.1168985655185868,0.0546905847769313,0.1848973825329657,0.2155802263141535,2.4631709823227967,1.2591872723568824,-0.2719379532634969,0.1729477606857441,18728.09
2022-09-23 20:00:00+00:00,0.4960807758576254,0.0007650421160392,0.009700698750416,0.0143559501466328,0.031653939609439,0.0238237922057775,0.3143772194220781,0.0546205303182873,2.4286861918666154,1.199732849400613,0.3222214316208878,0.1259046563913391,0.4969396480581985,-0.0053681744697446,0.0337837689032594,0.0614450435104787,0.1107733120503629,0.0544088653127165,0.2112809382320055,0.2159334517164247,2.6031476007111745,1.2018030606467518,-0.4974617244157914,0.1733428613228128,18818.22
2022-09-24 00:00:00+00:00,0.5016843750356261,0.0012867295817917,-0.0148909001551104,-0.0112524915014972,0.0049772319542622,0.0233664324153577,0.7824033270748371,0.0538656584584627,3.209119913681636,0.7629189416403269,0.8152172090605787,0.1215245258764589,0.4980346320976537,-0.0050919488572477,0.007028032450618,0.0339743559246206,0.0821663895577144,0.0530165379972731,0.3329277171636098,0.211200044237386,2.943602651526497,1.2238650167510017,-0.1008238928939253,0.1737332861523124,19304.43
2022-09-24 04:00:00+00:00,0.4996640173578154,0.0018110664504514,-0.0044429873837348,-0.0018039249237425,0.0137858966283361,0.0235555296876492,0.6041243376013367,0.0544988441650289,2.9268082012141448,0.5985105954880435,-0.6326566951566808,0.1164151270215072,0.4976702712329814,-0.0049391619470143,0.015818913857825,0.0429074881781947,0.0916129003822656,0.0534766134033211,0.2912532710722416,0.2137371804341332,2.938152593732136,1.244782420403281,-0.2786096807415024,0.174119090509958,19126.74
2022-09-24 08:00:00+00:00,0.4982327181744319,0.0019091197289794,0.0025446234349284,0.0047046748711501,0.019789659030327,0.0228046395517755,0.4780842457958635,0.0548190206010172,2.731737569565392,0.5166910924235655,-0.4438519782446469,0.1103866579290536,0.4974190331734241,-0.004808153315512,0.0218066456187624,0.0490106221813007,0.0981189277223641,0.0537520347170482,0.2629273217123163,0.2157643329502837,2.955209792220757,1.217187376212879,-0.2662571756601605,0.1745003290765958,19002.6
2022-09-24 12:00:00+00:00,0.4990214375651158,0.0017277333003075,-0.000825172495015,0.0012331849789359,0.0158421814931302,0.0220229684391786,0.5329302826954141,0.0545380586276532,2.664571068650833,0.3981463290454411,0.3447749377968848,0.1030940357351893,0.4975712405987086,-0.0046692327062148,0.0178314935593617,0.0449384006526714,0.0939964514681508,0.053488168950604,0.2798682343882129,0.2157907330377054,3.075503388051421,1.142195542889707,0.2493226176808264,0.1748770558859579,19063.06
2022-09-24 16:00:00+00:00,0.4997033190791218,0.0018401565195086,-0.0030190571463787,-0.0014804366244751,0.0124637079167437,0.0212644912232667,0.577237673155063,0.0543108539591345,2.7013766310843565,0.4964668535104151,0.247885612821825,0.0977861376685498,0.4977111987737448,-0.0044696910569962,0.0144138949625989,0.041338803416796,0.090321432890611,0.0532357539622634,0.2948120667997662,0.2157776053742504,3.304113748309037,0.9609772532673148,0.46935968436674,0.1752493243323093,19116.66
2022-09-24 20:00:00+00:00,0.4996721153166743,0.001874178084157,-0.0023147850701196,-0.0011832608642834,0.0121679448222939,0.0204764854495324,0.5678747731604211,0.054142049066618,2.4612740510363764,0.3392392765378312,-0.04046681858988,0.0930700201238486,0.4977186994225368,-0.0042817025934284,0.0140846593225141,0.0408990815432779,0.0899476277982405,0.0530921399782373,0.2959036074446873,0.216425545088261,3.2316980727560467,0.7443417290470297,0.4936371409888868,0.1756171871780214,19112.63
2022-09-25 00:00:00+00:00,0.4976112711058066,0.001364768246531,0.0056268020381302,0.0071872303540421,0.0204255872397725,0.0201785838686094,0.4167362203574165,0.0537730645161761,2.421898767751013,0.5301526880894738,-0.4825799433168269,0.0895854008838108,0.4973704628588569,-0.0042216340564306,0.0223436264151761,0.0494044969676978,0.0989982527691533,0.0532849077922235,0.2578632841534249,0.219151091949891,3.220728447611149,0.6776620874608377,-0.7159775071035385,0.1760005717060298,18944.06
2022-09-25 04:00:00+00:00,0.4991492759043609,0.0010052148713039,-0.0009557274349519,0.0008880331284648,0.013824160426793,0.0194901120372849,0.5410101846039573,0.0513015528402703,2.3420444223875574,0.419151521432283,0.7644487615347415,0.0871655316737968,0.4976314101618173,-0.0040985627111157,0.0157154342167407,0.0426240600556633,0.0920387836177942,0.0526142389717627,0.286848768070545,0.218684895722511,3.2267248959738124,0.6226624319464817,-0.176704042843139,0.1764248277990375,19053.55
2022-09-25 08:00:00+00:00,0.4999012771195615,0.0009910356236384,-0.0036118793259998,-0.0019280393192084,0.0105720105406124,0.0186581603480134,0.5783286194299878,0.0459933439015129,2.135250644372118,0.3267081807670743,0.2554854067480967,0.0827851967466428,0.4977585468099452,-0.003936585445638,0.0124322965839971,0.0391943350201733,0.0885491997848961,0.0521139585807993,0.30101648436112,0.2187758831817574,3.1350121075749287,0.5603631666608787,0.2431443804241294,0.176844063045038,19103.79
2022-09-25 12:00:00+00:00,0.500194603035939,0.0011464534281962,-0.0040907084459173,-0.002824118902604,0.009136396999988,0.0179524246867445,0.5808155936082815,0.0390533444372303,1.947995974773812,0.2742672751629154,0.0923239118429617,0.0775526576099958,0.4978131058895457,-0.0037405488558348,0.0109608374004732,0.0375567159603766,0.0869037237178311,0.0517064187144786,0.307244322510932,0.2191371472925401,3.020524686592529,0.5143917392477244,0.1401487077724888,0.1772583368631071,19122.23
2022-09-25 16:00:00+00:00,0.4984878485342313,0.0008797213002622,0.0018401783793831,0.0033074440189799,0.015078885212763,0.0178416077401656,0.3918372210937562,0.0366247371244242,1.8682132489354697,0.4431274897015129,-0.4136325852036623,0.0742822733796933,0.4975528538723048,-0.0036367173537277,0.0168939469172824,0.0436078732400648,0.0933513391297118,0.0516738882505784,0.2800105646574197,0.2212734655494546,2.987558438518657,0.4720349598063317,-0.3093634698248098,0.1776677079691262,18998.59
2022-09-25 20:00:00+00:00,0.497475339917899,0.000613750362534,0.0051837635086071,0.0069028570737781,0.0185100972903069,0.0176769373300449,0.2944898942162358,0.0368697323640669,1.771224436473693,0.6397753983249039,-0.2944870362522727,0.0722456830425238,0.4974039383483767,-0.003535361971507,0.0203137160558575,0.04709356131975,0.0971175120459206,0.0515032629863904,0.2643105851352647,0.2229031537239043,2.946759427991505,0.4947609201528149,-0.505542706754932,0.1780722343841061,18922.46
2022-09-26 00:00:00+00:00,0.4957284295947894,-3.2087479805047614e-05,0.0104583599038661,0.0130676219069101,0.0248740097748925,0.0176474987165156,0.1278356902075524,0.038157854385236,1.733707542678336,1.233442658521504,-0.3951937892615834,0.074266970111423,0.4971284580990813,-0.0035330765516907,0.026689368887528,0.0537417926527821,0.1042563713367246,0.0515575919491659,0.2354979223550566,0.2254315754567453,2.9205558319685982,0.5577116249691649,-0.2741929768612006,0.1786132150344442,18788.61
2022-09-26 04:00:00+00:00,0.497101777068792,-0.0003266726355765,0.0049560965048029,0.0080429530382661,0.0198214206902118,0.0173695009598654,0.2557667552565372,0.0385009335040636,1.7910796630733516,1.7298226474925955,0.3307619375969648,0.0789742697984736,0.4973338021069914,-0.0034682783966003,0.0216237315138103,0.0486127814005503,0.0990388286818839,0.0510914706788886,0.2568170410686926,0.2253995392977359,2.927328360094739,0.718323431425158,-0.3331561603061511,0.1792665575621517,18866.38
2022-09-26 08:00:00+00:00,0.498303352207761,-0.000629560077016,2.431973205840876e-05,0.0036560993106731,0.0154901152879818,0.0169781310582871,0.3748746659306999,0.0372853565534056,1.75542448580723,1.2146302630579606,0.2519888701649869,0.0838271123814099,0.4975077984970433,-0.0034282212657881,0.017285153030591,0.0442599657763003,0.0946474581901775,0.0506689149468104,0.2748232114823917,0.2256011176972557,2.910565506739877,0.828194183571098,-0.3072711810354006,0.179912168125772,18930.41
2022-09-26 12:00:00+00:00,0.4974428324660646,0.0002074464576189,0.0046360038536226,0.0071277731991592,0.0183190592449482,0.017912570284744,0.2953420649147229,0.0345246738483323,1.6149114864575578,1.4890101490366343,-0.1123902023758853,0.0801771292776695,0.497406102692376,-0.0031959614914767,0.0200760121931102,0.0469023689302645,0.0974411695746235,0.0506450819168714,0.2634435427820893,0.2268449996915422,2.8555494449615413,0.993869765455669,-0.3576564238637378,0.180313967712844,18872.28
2022-09-26 16:00:00+00:00,0.5005983186572189,0.0008155188269725,-0.0055046862227283,-0.0039847934274074,0.0064375034917918,0.0181949490119286,0.6695434554581277,0.0302685232826033,1.7209855320813343,1.7690702813093793,0.473857269561077,0.0763885944970719,0.4979363784106214,-0.0029203034046926,0.0081315014407046,0.0344169634200481,0.084370183994288,0.0499100904438675,0.316146611104634,0.2247872752784691,2.9375200182279824,1.1803216333558118,0.1296470655368162,0.1806483263907306,19089.78
2022-09-26 20:00:00+00:00,0.5019292557388877,0.0013211485563564,-0.0092319325994109,-0.0086366458149867,0.0010405021788189,0.0179787504020115,0.8332575617986457,0.0303158209849175,1.827066185120368,1.55230175481413,0.3235707514791014,0.0745364344948633,0.4981874928934424,-0.0026441053498893,0.0026784503498571,0.0285524746015375,0.0782156905302158,0.0494967589872863,0.3394819768657375,0.223652179024707,3.0149392934845745,1.316332817007385,0.3809095837256444,0.1809787281100854,19188.99
2022-09-27 00:00:00+00:00,0.5023969876136233,0.0016824522529539,-0.0096933221634261,-0.0099097265560168,-0.0009562074698441,0.0175387154916536,0.8835134939867063,0.0288246272943062,1.6816823025599057,0.832995015626905,0.2035443324651805,0.0748028320957306,0.4982848119915259,-0.0023650305023849,0.0006287810980685,0.0261506785783207,0.0756725539203644,0.0492330176133812,0.3471740163177467,0.2229223850293551,2.9432283016085314,1.2595850094682848,0.6801387846961744,0.1813052196994244,19224.81
2022-09-27 04:00:00+00:00,0.5139760927750738,0.003909175955611,-0.0471010543858497,-0.0510674883804104,-0.0446174227363534,0.0180098974790522,1.801408099560882,0.0405651731462979,1.9551504898009373,2.8626437532353544,0.81138375734385,0.0879028907866672,0.5003394766596879,-0.0015944986678836,-0.0432308355909751,-0.0197244047034534,0.0272761284647158,0.0471367544305022,0.555411040326611,0.2120537916735533,3.193426096610757,1.4431636708536164,0.7789727206310278,0.1806487231047101,20124.26
2022-09-27 08:00:00+00:00,0.5140449307693818,0.0065690409246901,-0.0416749281602655,-0.0504959927009591,-0.047010528447883,0.0189972823817087,1.3857017732264962,0.0612797081846352,1.452452545820664,1.6636608376869133,0.227417204962577,0.1094869024323274,0.5005336850228072,-0.0006591437623281,-0.0458099458198759,-0.0236838681701403,0.0226121539200963,0.0473181109128702,0.5737399678040376,0.2101866635121886,2.9468909310176024,1.532185642649413,0.8292632450331128,0.17903350141716,20212.61
2022-09-27 12:00:00+00:00,0.5134670608693412,0.0080848872412474,-0.0344609580746227,-0.0469459841989327,-0.0461818519871055,0.0186433753233988,1.1828755422783637,0.0770930004295363,1.1385528572783077,1.3613089455083216,0.0775206476408507,0.1300975334637789,0.500575943561799,0.0002495645100234,-0.045158651896766,-0.0243368757280599,0.0213927935716329,0.0476130390448012,0.5762348597395084,0.209037580396911,2.676335075875702,1.5327460341595764,0.8904924930418532,0.1773838704504301,20233.7
2022-09-27 16:00:00+00:00,0.5079910719170655,0.0086769794303776,-0.0125987959721932,-0.0276968115452752,-0.0293129939943818,0.0186786479464659,0.8865171344716692,0.0902099761017618,0.5874827694429388,2.6809398376394795,-0.6059585541799811,0.1501647238700855,0.4998583542330752,0.0011100284350007,-0.0284397327519001,-0.0085282659365334,0.0374085909370633,0.0486464201722599,0.4990025193903279,0.2115005207124968,2.382271777476936,1.7221449182871464,0.5848313258115987,0.1757016660438339,19918.32
2022-09-27 20:00:00+00:00,0.4969133992822421,0.0048065917770986,0.0265194121716956,0.0153665488200556,0.0144342986087164,0.0228763330006885,0.4017320308089719,0.0946430323534915,-0.0586781714912416,2.2212178502711355,-0.7703167001940424,0.1445062485497223,0.4979549882976002,0.001178647474295,0.0153471764746075,0.0360943042668233,0.0841061643863418,0.0511961430350032,0.2927267416449734,0.2209980646049943,2.0685420709737112,1.8917695773376133,-0.0883709016393441,0.1742282459876922,19050.86
2022-09-28 00:00:00+00:00,0.4973813130519062,0.0016308926211718,0.0200050469642345,0.0127685914770983,0.0126805221407104,0.0226616990944471,0.4159269708483641,0.0947624724627684,0.2265502353506825,0.9180003348658023,0.0740063196407902,0.1383171373143697,0.4980267305175567,0.0011490662516736,0.0136011507812272,0.0343202930799448,0.0822890186868361,0.0515005656203943,0.2988088567753174,0.2210679715176438,2.3829837817997017,1.931021197645666,-0.0974769467213097,0.1728654653392571,19072.97
2022-09-28 04:00:00+00:00,0.4934590403366405,-0.0011967813449735,0.032873918231751,0.0295274160983824,0.0306301808568301,0.0233112910321046,0.2336380084950554,0.0981587434865046,0.1533253140321998,1.6261283881503714,-0.4649628688031025,0.1346495243337335,0.4972907022606832,0.0010304266999117,0.03159874754339,0.0528581046527729,0.1018009611841166,0.0529120675232659,0.2176161809711388,0.2257362786553808,2.3253880851087434,1.8192384384760365,-0.73793739946734,0.1717270859645522,18724.65
2022-09-28 08:00:00+00:00,0.4944282442602506,-0.0033967720422332,0.0239768532998843,0.0243104598319525,0.0267983699906768,0.0233897188468102,0.2705266485765012,0.099580503348942,0.7985053959093728,0.947114246614454,0.1926629918266505,0.1358107850727399,0.4974279524317747,0.0008049867625651,0.0278114245129346,0.0492949529515966,0.0982492456999872,0.053344076566524,0.2311898614397035,0.2259162693541792,2.87971753361968,1.7477876832589738,-0.7598924135748762,0.1708974640909587,18773.87
2022-09-28 12:00:00+00:00,0.4974804228991245,-0.0043618607852654,0.0082950054406292,0.0109353736608499,0.0144452101725349,0.0229990131961797,0.3890846995852907,0.0998391380479674,1.013310808315824,1.3573002548521886,0.3611885970880417,0.1351273681459672,0.4979361088351766,0.0006376449941499,0.0154811459413382,0.0369233167961486,0.0854417975673298,0.0533105408811835,0.2823191849091995,0.2240746383353153,3.078819934580874,1.8116864843599545,-0.659604989056772,0.1700776603544987,18984.29
2022-09-28 16:00:00+00:00,0.5043105741527298,-0.0031479723462588,-0.0204635038554505,-0.0185955131237147,-0.015387152732908,0.0228328726798498,0.6868696286969043,0.0969067459637076,1.5973117656935476,1.799488685144634,0.9186868120423632,0.1290826870348473,0.4992240092684543,0.0007832350295176,-0.0144116348441791,0.0061431523899722,0.0531469137231328,0.0522153191348588,0.4171521060061818,0.217544599374784,3.4067512971746026,1.7655475321040317,-0.2459791085109154,0.1692675585626993,19557.64
2022-09-28 20:00:00+00:00,0.5036118729670129,-0.0012989847796282,-0.0152989561752462,-0.0155785174581525,-0.0133384986814615,0.0232307937392626,0.6580439419191487,0.0978940594869947,1.446045756968116,1.007744400420119,-0.0744415049970588,0.1254872637186272,0.4991722816218172,0.0011654376165065,-0.0124346295778394,0.0075758791207773,0.0544159813894216,0.0523955142159631,0.4093085230040342,0.2176170389101726,3.336785445817561,1.5944150263626715,0.401597509314551,0.1684670438981652,19527.28
2022-09-29 00:00:00+00:00,0.5019614843169877,2.529112126288608e-05,-0.0059431232020544,-0.0079799071648688,-0.0066824088676223,0.023188148370733,0.5805914654133094,0.0988841854377293,1.0613577200669098,0.5869517768458363,-0.3075817094148756,0.1231485881740454,0.4989221366658493,0.0015600929618695,-0.0058476210132119,0.0136870277446186,0.0605613004934071,0.052854797493739,0.3806360598472138,0.2187964756986564,2.8903725355920558,1.554943221109697,0.2607350758158658,0.1675456882287239,19407.62
2022-09-29 04:00:00+00:00,0.5029306749306535,0.0005345591922493,-0.0091685185168651,-0.0119671185581888,-0.0112879153279694,0.0227228819005362,0.6192911294789586,0.0978818297579544,1.1394260512484349,0.5760825673327078,0.3107589606014258,0.1192323095604227,0.4991466938568583,0.0018520748762868,-0.0105148397805497,0.0084352639788525,0.0548617549875891,0.0527326724077398,0.4036059947800394,0.2176630366912257,2.966310424179213,1.3744453117367814,0.6479817098930597,0.1665615757116117,19505.44
2022-09-29 08:00:00+00:00,0.5007025984234016,0.000666950375045,0.0011112688239109,-0.0020322535382401,-0.0018063340723649,0.0225744648238343,0.5100612525485586,0.0968850934951592,1.1059455667043712,0.6706294137826442,-0.4913282047040097,0.1142066083588156,0.4987674107186424,0.0021326218845981,-0.001076611455133,0.0176033903367185,0.0642591738753604,0.0533314036850497,0.3633985520009138,0.2195529573131001,2.895296511441489,1.3441849564014394,0.4590419231119691,0.1655891096468839,19326.1
2022-09-29 12:00:00+00:00,0.5022941412193347,0.0007197122448782,-0.0054209729450896,-0.0087433341659042,-0.0089140185119626,0.0218486858854514,0.5734470089595939,0.0939222921293741,1.143939354176116,0.5446848115850178,0.5685155965529771,0.1087737692177536,0.4990922854151539,0.0023606859502624,-0.0082366091162008,0.0098796125221531,0.0559922947280562,0.0529588684816627,0.3998619747488185,0.2174024762320697,2.9194446150648155,1.1945736430514506,0.5829474845860462,0.1646281522049215,19470.24
2022-09-29 16:00:00+00:00,0.5003949304149721,-0.0001957526849853,0.0012700486550656,-0.0008175070100669,-0.0007032068175112,0.022465821332427,0.4725565001901971,0.0919246782886429,1.2690916758416697,1.5249563329263638,-0.2590822784810151,0.1053030693397481,0.4987612308007932,0.0024369234805887,-3.0005205910232924e-05,0.0180737557351666,0.0644887822285442,0.0532972765974349,0.3643769594211934,0.2184658757134709,2.83069731484761,1.1708861131751218,-0.2707433458642554,0.1638356250603986,19306.32
2022-09-29 20:00:00+00:00,0.5016149683220675,-0.0001514047517598,-0.0043507441834518,-0.0064353097383478,-0.0065259263984305,0.0231750342162298,0.5302332015606459,0.0903993841821496,0.8651987888152828,1.263848139334666,0.2091738541592434,0.0992327164373311,0.4990325944099407,0.0026038230125878,-0.0058917558749657,0.0117571482639915,0.0577242494045453,0.0529176030582101,0.3949646118660139,0.2158093256095035,2.683498893339047,1.252816590169705,-0.1131876299320295,0.1631976142679971,19422.34
2022-09-30 00:00:00+00:00,0.5036529991742705,0.0002715800412616,-0.0124791813999564,-0.0151387187944233,-0.0157004817280936,0.0226905786553729,0.6276927904009187,0.0884830932826264,0.9307709107416764,0.4364984162003222,0.772511457000129,0.0926391033594304,0.499445983178093,0.0028310870751068,-0.015121685802618,0.0019044354281532,0.0472083106840204,0.052304914001571,0.4430951185053481,0.2121341948822485,2.7129445013629856,1.2235329370846817,0.2555530597983437,0.1625671539966845,19610.61
2022-09-30 04:00:00+00:00,0.5011792645137946,0.0003775984857121,-0.001187259364761,-0.004097122290687,-0.0050123051340309,0.0224830760995529,0.5000019245897799,0.0885244126092926,0.9475842101975942,0.5819527948368183,-0.5247386759581906,0.0883456356077302,0.4990165366859457,0.0030825192481273,-0.0044708585914576,0.0123150839009371,0.0578832512327409,0.0527478365442881,0.3967847750010861,0.2127702579550352,2.697182539207151,1.2292333898088563,-0.1151190281126382,0.1618551054122567,19405.93
2022-09-30 08:00:00+00:00,0.5033413185926382,0.0005251820655512,-0.0099741664011825,-0.0131436002373903,-0.01441854053753,0.0216031252285129,0.6029678123758231,0.0868593937143025,1.061930053211963,0.5082827074175819,0.7540715343255707,0.0835451369501415,0.4994373069289866,0.0032768295604767,-0.0139266889442567,0.0022651729103526,0.0471644994322153,0.0521289740818728,0.4467652652075207,0.2085136177517046,2.805269732691688,1.1905030561095256,0.3138737389106056,0.1611379100744665,19597.9
2022-09-30 12:00:00+00:00,0.5013854152654362,0.0007015206261471,-0.0009156109234099,-0.0044865214375906,-0.0062094664183812,0.0211076545894073,0.5186336641415741,0.0854624782039545,0.6906768880330434,0.4726273657342477,-0.6494464944649391,0.0815409831968228,0.4991109759650798,0.0035484054755219,-0.0057624819753986,0.0100880537227989,0.0550960355091814,0.052439003515944,0.4120807633879381,0.2082429635080767,2.537551604548107,1.1718642158133905,-0.0301491069965613,0.1604292023650797,19444.3
2022-09-30 16:00:00+00:00,0.5040182841656854,0.001105871707852,-0.0120401532781483,-0.0162625721961123,-0.0185264162888034,0.0215268717568505,0.7018545967823968,0.078840759501342,0.8571328087004028,1.8127155837948608,0.247447342318691,0.0805317067415796,0.4996736658923319,0.0037786480484961,-0.018140250673862,-0.0030119863354163,0.0411427222486633,0.0516958444142319,0.4782337088644251,0.203863378748866,2.643000375278419,1.220776625694236,0.3590984488069864,0.159454445736871,19698.97
2022-09-30 20:00:00+00:00,0.5009384089657789,0.0016119319539769,0.0027878792913884,-0.0024699144135139,-0.0055479811042982,0.0229553126325922,0.5685721456839283,0.0718400199581495,0.1607506824422341,1.1310145449297142,-0.5767205716434732,0.0842658225343531,0.4991626719015587,0.0041715434913188,-0.0052261569439554,0.0094600947727747,0.0538351168525885,0.0523672863948423,0.4205180201559891,0.2042002722453963,2.4416570009595646,1.1710159300425325,0.0322558686815627,0.1578654050190055,19456.67
2022-10-01 00:00:00+00:00,0.5004633019271906,0.0006734012440245,0.0037395801255186,-0.0004189788806652,-0.0033546013666154,0.0232435545662471,0.5811987178979013,0.0602091973900603,0.6266647438272258,0.5797360434506476,-0.1349222111883539,0.0816564165937304,0.4990874435028892,0.0042715220499924,-0.0030510910518782,0.0113883843979285,0.0556750053264263,0.0524832770382811,0.4136647923152579,0.2017584456171056,2.5752349915970374,1.1921244146468253,-0.1881089911896865,0.1562951697595967,19415.8
2022-10-01 04:00:00+00:00,0.5004550492671317,4.95309677190384e-05,0.0029155310351012,-0.000419860702889,-0.0032435307794,0.022354830703938,0.5707325607583114,0.0585550367622648,0.6834721868377304,0.1896744002397357,0.0186073986561355,0.0782591266178397,0.4990936046161128,0.0043643510973165,-0.002959612572545,0.011196757159819,0.0552956837342222,0.0524886156555011,0.4171349132808498,0.1988854605172973,2.6353905711652903,1.08668618015836,0.0112511426181999,0.1547435174059664,19415.93
2022-10-01 08:00:00+00:00,0.4992267594977799,-0.0006666068137469,0.0069536079516085,0.004685405861998,0.0021505492690663,0.0214575307934098,0.4643804990102889,0.0572278457285104,0.6830179354386738,0.1979374985484232,-0.6258176798895649,0.0737101780548593,0.4988744582717525,0.0044207183960957,0.002428089113458,0.0164607235866216,0.060644850761319,0.0527800497530574,0.3931619114963228,0.1970535802722542,2.6539893887641384,1.0014030482038054,-0.2787307699787982,0.1532102280392297,19310.79
2022-10-01 12:00:00+00:00,0.4991970730065347,-0.0011511021995483,0.0058715845311996,0.0044898014503858,0.0022589981780754,0.0204737132089626,0.4362026375601303,0.0520738437753011,0.6872709202382644,0.2081690285022029,-0.0152289156626499,0.069096391446925,0.4988730199317144,0.0044432250849505,0.0025305519091536,0.0163794502842737,0.0604203397964842,0.0527942753519142,0.395663551147363,0.1937982218453099,2.651079992676609,0.9286086173015798,-0.1331077270163539,0.1516950843431258,19307.63
2022-10-01 16:00:00+00:00,0.4996382011747651,-0.0014313755281392,0.0031550092294754,0.0024602748858033,0.0005179781023632,0.0198159510999221,0.4282843346958877,0.0431842849151359,0.5928893103858224,0.2519500677639564,0.208875142027525,0.0664325095393814,0.4989493169920916,0.0044524986238371,0.0007838126190971,0.0144307156092435,0.0582488598221617,0.052686195752151,0.4078257919931626,0.1902661231502951,2.550598823725097,0.5617488313674202,-0.5079696927178314,0.1501978715732171,19340.0
2022-10-01 20:00:00+00:00,0.4985670561344328,-0.0017001662726311,0.0062940707993959,0.0063032140428473,0.0046986957688053,0.0190617089559619,0.236210401512583,0.0328611453422583,0.3334677225738368,0.2755164615412994,-0.5766148700439058,0.0640857699850431,0.4987748436574813,0.0044625729458266,0.0049652823814503,0.0185279250160097,0.0623992633740195,0.0526818375146652,0.3885464805157639,0.187503377586452,2.4176641715642844,0.3457032430589696,-0.5200333672219215,0.148718377526453,19257.07
2022-10-02 00:00:00+00:00,0.499314425381937,-0.0017722798983979,0.0027026781351668,0.0031946057242382,0.0018919475773129,0.0181882432912071,0.3001935057313086,0.0308962529118296,0.3588184822474388,0.244753717668357,0.3448758074182449,0.0624041793684581,0.4988943319582983,0.0044444887058465,0.0021566267844574,0.0155369013103137,0.0591528883393717,0.0521212970895905,0.4064357448146522,0.1832757231390705,2.4055617840328525,0.2520040932194443,-0.3205894066109161,0.1472563925110943,19308.76
2022-10-02 04:00:00+00:00,0.4993005935088624,-0.0016899522600547,0.0022891041675461,0.0030274457525167,0.0019405353781909,0.0173508884538507,0.3132798104453772,0.030864868918481,0.4523421849248147,0.216006578986238,-0.0164901926748952,0.0605997252155097,0.4988943794641717,0.0044531130568326,0.0022010230339097,0.015416749872164,0.0588897639931298,0.0516834330726841,0.4093685315145897,0.1787912004813134,2.4074479233724566,0.2437912417580259,-0.4091251317572674,0.1458117093169927,19306.39
2022-10-02 08:00:00+00:00,0.498871762700841,-0.0015383784866229,0.0034661867784107,0.0043179372014519,0.003393931979569,0.0166127118746819,0.2804383304513971,0.0303905493574973,0.4651733623941745,0.2286944923754957,-0.1804840062297906,0.0583534716801512,0.4988357249657759,0.004475214002583,0.0036489200511633,0.0167073186474375,0.0600904927793752,0.0513004963674558,0.4044128489979421,0.1741997683969878,2.3927623742715727,0.2361422683984774,-0.1378097720408813,0.144384123186223,19277.48
2022-10-02 12:00:00+00:00,0.4977927215045429,-0.0017746129631296,0.0061465933552335,0.0076586633358997,0.0071544946637969,0.0163157871262628,0.1815387770221933,0.0315875990613385,0.5126655303045947,0.4800651737159916,-0.2830619388221024,0.0594655654524925,0.4986728623861255,0.0044307889771284,0.0074198092900599,0.0204635023580963,0.0639116435948854,0.0510777776230516,0.3842495860215495,0.1678201973114715,2.3706877180302683,0.2608924686816974,-0.2928839157755495,0.143070679007668,19200.64
2022-10-02 16:00:00+00:00,0.4969663341878477,-0.0020692123598876,0.0076206413926975,0.0099391212183028,0.0099758371214935,0.016043857022103,0.1217884921019854,0.0331230666653468,0.3594868473591804,0.5644426505098801,-0.3477190773281455,0.0634941643011923,0.4985450070855321,0.0043392708301898,0.0102596814019317,0.0233418885556835,0.0668471077746799,0.0508567330334738,0.3670450300549557,0.1600660599550977,2.324563647948763,0.2898972261421607,-0.5552809175993525,0.1418985878895379,19139.88
2022-10-02 20:00:00+00:00,0.4992162544113323,-0.0018908073153478,-8.526234700056978e-05,0.0023953059142829,0.0027378345454389,0.0154691423839057,0.3526818886233144,0.033578271670826,0.4539183211364823,0.5231279521810018,0.6359638640600519,0.0654139687511017,0.498856650103735,0.0042573276167079,0.0030266155944551,0.0159435791766682,0.0590359486088098,0.0501275808349773,0.4143250224987548,0.1502059070130728,2.3151240376110147,0.3094766676601178,0.0458799677840432,0.1407403678513505,19273.49
2022-10-03 00:00:00+00:00,0.4961354342751293,-0.0019610785402894,0.0092538489306619,0.0122040848964779,0.0129743986601598,0.0154947531928915,0.0454236948674556,0.0339981238884289,0.5038921490821497,1.5503113539162043,-0.5265971454152805,0.0663083237710921,0.4984144333752164,0.0042117986411206,0.0132805797747421,0.0263141727451656,0.0697724123571725,0.0502962145921309,0.3437417789313305,0.1417894753003597,2.2804736206894383,0.4587940709029185,-0.4967061646286307,0.1396430185895476,19072.29
2022-10-03 04:00:00+00:00,0.4978183336665583,-0.0018442505449596,0.0033683759622065,0.0065439887329807,0.0076778913928194,0.0156381507102606,0.2156505552093242,0.0349380369798368,0.5698120616296284,1.4255084889447471,0.3218975432997535,0.0716125875451128,0.4986408930928084,0.0041062777586402,0.0079957049197132,0.0209427585152779,0.064099128737189,0.0497508644270092,0.3794774324829635,0.1312123966740596,2.253445306659939,0.5929905653575205,-0.2976448550922961,0.1387233333176699,19166.19
2022-10-03 08:00:00+00:00,0.4983813126400151,-0.001615862551531,0.0013672810035545,0.0045733430579906,0.0059840203195029,0.0153837129588987,0.281616012715594,0.0353968566127022,0.7645956233488208,1.4099669186715782,0.1019550379825016,0.075647035770397,0.4987131859949849,0.0040328771299223,0.0063109915631307,0.0191960676566389,0.0621943761618237,0.049371424440469,0.3906410044752158,0.1190817387082189,2.2795690899890344,0.7186381278866973,-0.196455478223434,0.1378145320357238,19192.9
2022-10-03 12:00:00+00:00,0.4992759567501252,-0.0013184194266179,-0.0014405129650103,0.001632401038119,0.0032297437377493,0.01494113418537,0.3722272267391127,0.035388487542846,0.6210322129047191,1.0739340847202723,0.3582935560859304,0.0785017310060179,0.4988323432108967,0.0039741032371552,0.003561624110048,0.0163460442820015,0.0591281757441397,0.048922470275686,0.4129405679694164,0.1044819925282648,2.2413262160373546,0.7741210069497059,0.0964339527875439,0.1369164859374308,19240.95
2022-10-03 16:00:00+00:00,0.5010607630628119,-0.0005800329048343,-0.0060236748721473,-0.0038093546182832,-0.0023836771751987,0.0147377871937427,0.5447954214845342,0.0346165925204815,0.4312386759429366,2.0346318317500183,0.2990389895661714,0.0770185883274963,0.4990953913818993,0.0039963482879884,-0.0020664971971536,0.0104473163856857,0.0528235365498488,0.0483649165447312,0.4736218354841255,0.0964832711628969,2.216992360313529,0.9349647246278682,0.3649557274838909,0.1359039354450861,19349.41
2022-10-03 20:00:00+00:00,0.5039916366629488,0.0006539583265265,-0.0132137169286603,-0.0127812196492769,-0.0120464823483162,0.0148806687171051,0.841166335949392,0.0342332555046597,0.6174395911253955,1.8113588946884944,0.5800683438402287,0.075920154352833,0.4995565715962866,0.0041449179900357,-0.0117740467799398,0.0002074439854489,0.0418968384080928,0.0477106821965332,0.586856098841565,0.0926875687750559,2.2203080052963227,1.0872840862963895,0.3770219427127728,0.1345269394639251,19546.83
2022-10-04 00:00:00+00:00,0.5053024503222899,0.0016188193469859,-0.0150249743577624,-0.0162219483149244,-0.0162502256296586,0.0146294538127726,1.030755105029342,0.0309813307315859,0.4392783207673494,1.0660036039854044,0.4470141359746195,0.077710092369071,0.4997762792509343,0.0043463144819035,-0.016027164699815,-0.0045613069701166,0.0366420355623866,0.0473637962467861,0.643448096817332,0.091063840536393,2.163578745128706,1.0231831771261275,0.7525613000079032,0.1330210285473124,19640.84
2022-10-04 04:00:00+00:00,0.5046023074930356,0.0021339175104851,-0.011134679273165,-0.0134756937720244,-0.0141627923030668,0.0144218735267991,1.0464868681323067,0.027824360900206,-0.1304980517108412,1.1111811009735195,-0.1365897979492199,0.0819793613207611,0.499706276082857,0.0045565966262773,-0.0139840529473322,-0.0029403962806002,0.0380448160297126,0.0472843328011278,0.6314364674050832,0.0896455182857585,2.0229063568747185,0.9765070252116804,0.6644259048076312,0.1314920191647858,19609.26
2022-10-04 08:00:00+00:00,0.5105841627900702,0.0028875803701875,-0.0262016511604048,-0.0301268254085854,-0.0317497840078963,0.0140348970555752,1.4947035702067113,0.0329092387743651,0.505284530265456,1.5441388349890135,0.8498388681918863,0.089235353203976,0.500572396509592,0.0047612391946544,-0.0316362041931804,-0.0213651392087851,0.0185141601997342,0.0462684190912772,0.8514527198626274,0.0865587865856252,2.21019935931585,0.97410297678988,0.9025753186226778,0.1301198513914165,19981.12
2022-10-04 12:00:00+00:00,0.5088087495118175,0.0040088076125759,-0.0187763760883866,-0.0250292055608734,-0.0280704870136297,0.0147554547120322,1.175081996388139,0.0427915318507693,0.1265099799299694,1.742412841003801,-0.1457054772812394,0.1061031336828655,0.5004463707982967,0.0052060763589739,-0.0280470161726484,-0.0185330080732872,0.0210026036488146,0.046450285500469,0.8277848695355007,0.0856697150152585,2.126250113749981,1.039395971385671,0.670411110786919,0.1294223812646505,19929.81
2022-10-04 16:00:00+00:00,0.510991471707726,0.0048601317189684,-0.022777237511784,-0.0311487155327502,-0.03566004428808,0.0147060004514601,1.1889845490460738,0.0522794860228333,-0.0962285199405927,2.3996478987485257,0.5269384264538113,0.1243022167164125,0.5008678622464887,0.0056309462011715,-0.0357353233781679,-0.0271625487897846,0.0115239844505163,0.0460636112952197,0.9401098063330212,0.0842842462559339,2.072566579865588,1.0767927213222266,0.8047438150459343,0.1288269215639088,20114.66
2022-10-04 20:00:00+00:00,0.5118456852898882,0.0051018635461918,-0.0235713848099524,-0.0333029203683148,-0.0390670782035986,0.014768748170629,1.1557269961102516,0.0593185153637474,-0.355152223991198,1.9738847380503557,0.2428392299559918,0.1406550834059378,0.501088692843342,0.0060324408207264,-0.039232058219852,-0.0315072977505044,0.006516636203572,0.0457900750933489,0.99770796067144,0.0839022480296031,2.0044795990964746,1.1037839204160476,0.8476276674400237,0.1283273402571272,20212.8
2022-10-05 00:00:00+00:00,0.5130189912244336,0.0058149262161509,-0.024253778134776,-0.0361103202023067,-0.0435706624068027,0.0152214573415219,1.11150854702894,0.0697894202440948,-0.364849986417625,1.4748751161692766,0.4090852713178303,0.1602392287204697,0.5013811270195727,0.0065643440207921,-0.0438530325903371,-0.0372018852376326,-3.684268461201512e-06,0.0455099404247033,1.070356845016056,0.0839427121831731,1.983146135729736,1.1766167258879068,0.7148997571409668,0.1281439354877537,20344.37
2022-10-05 04:00:00+00:00,0.510010631526073,0.005646048128607,-0.0134372042879875,-0.0262686090271795,-0.0350469294736778,0.0151526673110075,0.9347792394793052,0.0766290863032194,-1.1351169081452452,1.2793347292678854,-0.6786333363744168,0.1768337088535568,0.5010256124994334,0.0070741840905135,-0.0354285023568076,-0.0296167563976221,0.007321665747509,0.0458667250990542,0.980922524801084,0.0848777566029686,1.8140358742575,1.238170280665792,0.6361525524873832,0.1280143704892899,20195.6
2022-10-05 08:00:00+00:00,0.509958854284384,0.005097310946433,-0.0120946086789091,-0.0252265082263178,-0.0350115320689465,0.0147446369065944,0.9001824732094631,0.0810024356400868,-1.0495530679839096,0.8097209409734052,0.125404494880096,0.1895159795406563,0.5010840002865851,0.0074696298357707,-0.0354788684969086,-0.0304982406084212,0.0058735812153065,0.0457300554395925,0.9953723978324064,0.0850193498321444,1.81877626576629,1.200302508037938,0.3653000255213071,0.1278863388242196,20223.71
2022-10-05 12:00:00+00:00,0.5060959306940122,0.0041214058097415,-0.0010939451029001,-0.0138388647397359,-0.0243491156156852,0.0148547851524337,0.7482889013024324,0.0841386141205754,-1.3540704194797415,1.0625882046723425,-0.6736499228527351,0.1989656660847962,0.5006119782935029,0.0078501098715666,-0.0248882489254363,-0.0205575623874785,0.0157002971653608,0.0460036386645163,0.8812916137647074,0.0857579303266093,1.7048764623603745,1.1752952037855289,0.1594874501137883,0.1277598223463508,20026.52
2022-10-05 16:00:00+00:00,0.505209434212865,0.0025709658232527,-0.000346959267469,-0.0115650102063415,-0.0221572149147833,0.0149277566729719,0.7124930348314185,0.084383259325556,-0.73858493642449,1.9832974540277537,-0.0897506755097013,0.2004508429021531,0.5005388039660932,0.0080139637912046,-0.0227340542330285,-0.0188856294902927,0.0170372479188691,0.0459210229975529,0.8652492935924607,0.0857354853461272,1.710768283553515,1.219926144156831,-0.1596863304223839,0.1275020185979434,19997.55
2022-10-05 20:00:00+00:00,0.5066866963892893,0.002265838064899,-0.0051072873907559,-0.0162979996193364,-0.0274834085383662,0.0154847646160639,0.7611252622013239,0.0846866790399207,-1.5341660698424031,1.6395067343893943,0.3421265822784795,0.2038455133805687,0.5008432294373517,0.0082710203793043,-0.0281249377553381,-0.0250203940930184,0.0101689275612799,0.0455021595680311,0.9373919290375824,0.0860770355269645,1.5884517171377843,1.2564719245497102,-0.1095787121450999,0.1271198943706563,20132.51
2022-10-06 00:00:00+00:00,0.5065734035509987,0.0015935514820375,-0.0053259661331989,-0.0159077157606188,-0.02741645896701,0.015519088337349,0.7501824120266379,0.0828123155147535,-1.5448730115138858,0.7245616658644644,0.0792749600471119,0.2055593169440799,0.5008818950776724,0.0084841773247757,-0.0281085062440032,-0.0256071499691157,0.0090988313433626,0.0453075378864686,0.9436260369066066,0.0866947407207833,1.5912050083653448,1.185749864191539,-0.3091684778233869,0.1267422923819758,20152.33
2022-10-06 04:00:00+00:00,0.5091846652482318,0.0017218031790378,-0.0127117410276028,-0.0236898472356016,-0.0358649633374066,0.0154744074850273,0.840157137063403,0.0820470936362944,-1.1901035075343522,1.1610219968957072,0.6982131265161143,0.2105051761037958,0.5013514253057619,0.0087407459106153,-0.0366253959588644,-0.0349272370800708,-0.0011038860822246,0.04470210561316,1.0496705311221013,0.0872127882351789,1.7098312245370828,1.2169128757522487,0.234308357348704,0.1264719659425468,20358.03
2022-10-06 08:00:00+00:00,0.5064224608555112,0.0014944056173589,-0.0039887540176077,-0.0150198312187533,-0.0278463903587248,0.0153502094719568,0.7289700371359064,0.0800361761172272,-2.3567749437721264,0.9991700121984148,-0.4739385802987037,0.2149610418987336,0.5010074531073999,0.0090901669846561,-0.0286772263562429,-0.0276822482729599,0.0058626034564852,0.0448945656689461,0.9612494342407653,0.0890497515763043,1.5052708182482808,1.2832956664080717,-0.0088836622791487,0.1262851711021449,20216.72
2022-10-06 12:00:00+00:00,0.5065806491391108,0.0007399131779984,-0.0050661900147702,-0.0152065204848101,-0.0281418778543303,0.0150342698252444,0.7300300953857158,0.0744931678507777,-1.9022765817895015,0.7233617878997196,0.1426780626780469,0.2146062818403822,0.50106397669885,0.0092434204592741,-0.0290126437994253,-0.0285663853837566,0.00448608431257,0.0447177135438226,0.9698002713103688,0.089757421125053,1.617345597328685,1.2528511256572197,0.3067201292169049,0.1261018537999437,20243.26
2022-10-06 16:00:00+00:00,0.5021014116718695,-7.198285298006359e-05,0.0068914024917028,-0.0022569039245405,-0.0152901610841249,0.0153641831623589,0.5388575065114942,0.0682201473760451,-2.150389228491539,2.586779660065164,-0.5449594899721065,0.2114209092973654,0.5004672440824318,0.0094668018014566,-0.0162020655840116,-0.0162275520996729,0.0168066122668857,0.0451262748074856,0.8293156496639975,0.0916458153251994,1.5184000036151342,1.4291837117597377,-0.0014531866306832,0.1259207059612891,19996.53
2022-10-06 20:00:00+00:00,0.5022026240840846,-0.0008470256921848,0.0051219881577013,-0.0027841733353249,-0.0155747282590975,0.0156026708560012,0.5254165160184825,0.058826106174453,-2.111037621727107,1.5863893913792635,0.0625774276547779,0.2049207243201576,0.5005086278998698,0.009510066598547,-0.0165052369617469,-0.0169298415034454,0.0156744893580673,0.0448882875029802,0.8352603095800357,0.0923166178956147,1.5071164354327442,1.4687862246962708,-0.2014393467580072,0.1257417019117244,20017.04
2022-10-07 00:00:00+00:00,0.5012667026649718,-0.001737407910322,0.0063563784166706,-1.4248024433727302e-05,-0.0123528808578076,0.0154243217489911,0.4418512688849697,0.0499700120681113,-2.186710585193028,0.8607890574979485,-0.2504884365486891,0.195992371578565,0.5003759974039997,0.0095070627155413,-0.0132895504501255,-0.01399944799879,0.0183447652407471,0.0448283886359214,0.8032005900656941,0.0929640013701494,1.4541578927519576,1.5134459992524996,-0.3188145188145169,0.1255389938302888,19962.19
2022-10-07 04:00:00+00:00,0.5014316699408565,-0.0021436390392535,0.0047265130365532,-0.0006246620962556,-0.0125905428494419,0.0149775704563272,0.4241136055094105,0.0439091520152558,-1.8043703910385955,0.5972815303725226,0.1604384223698949,0.1858798810554617,0.5004115192691068,0.0094898043835184,-0.0135342277102105,-0.014553956980489,0.0174004287591493,0.044617185857666,0.8111797661275303,0.0930436293066728,1.5062079812029705,1.4196112344048395,-0.6315351315351281,0.1253134397795015,19978.63
2022-10-07 08:00:00+00:00,0.5007688618228144,-0.0026447561479669,0.0053036433570998,0.0011658876933036,-0.010282872471515,0.0145550926955649,0.3406074240475039,0.0387085765749032,-1.5013851025916138,0.7389064081027953,-0.1781128904243974,0.1753737910923833,0.5003184797928462,0.0094376147867697,-0.0112243742202272,-0.0124693674543613,0.0192182777655305,0.0444851844867397,0.7899056494956639,0.0933560105978547,1.534796697058724,1.37890672969033,-0.526092474381076,0.1250430303019141,19940.48
2022-10-07 12:00:00+00:00,0.5016544889762542,-0.0027490336698552,0.0018395182782728,-0.0015465046013363,-0.012554247032339,0.0141695360035217,0.361554654827159,0.0317005620779279,-2.223321412866947,0.8096735655974016,0.5131530196369202,0.1649724719644358,0.5004492851510515,0.0093627002675475,-0.0134936592436313,-0.0149855628771474,0.0162736410885404,0.0441491231067654,0.8185196935410096,0.0933047906060442,1.3445815972714497,1.4061493369393203,-0.4673157426173905,0.1247004936332811,19996.0
2022-10-07 16:00:00+00:00,0.4945764841036771,-0.003970692999272,0.0205021276769383,0.0193888268172643,0.0093531979670473,0.0153097925139761,-0.2978845315763847,0.0334740554725789,-3.0660049576430355,2.0304817339451446,-0.7460436434253751,0.1652966909569102,0.4994032315088262,0.0092884657284723,0.0084382982681459,0.0069930362116763,0.0387483932257275,0.0450566719490487,0.5856200348198747,0.0951173074698382,1.2127787763639553,1.3502368388089758,-0.5565902305786675,0.1237717989376288,19559.22
2022-10-07 20:00:00+00:00,0.493490803786337,-0.0053679137781125,0.0202423608938717,0.0220698982987435,0.0136769861723904,0.0157095177335043,-0.1961255833455156,0.0437009763318717,-3.2365046778069084,1.0516651181674144,-0.3349790175265298,0.1706819808404346,0.4991846648563789,0.0088940203634287,0.0128338639468625,0.0116948940281391,0.0435078066445664,0.0452355380798519,0.5377922146701961,0.0947556691559449,1.1314604716844885,1.2532308269023007,-0.736831582875725,0.1224570211599999,19464.49
2022-10-08 00:00:00+00:00,0.4947142482066873,-0.0056219235521385,0.0139906076878391,0.017348328484779,0.010215194608842,0.015413145147211,-0.0302738720055935,0.0489743622541077,-2.848138952451305,0.4035274524286523,0.2919886530372737,0.1715218615982475,0.4993320974336377,0.0085248551542291,0.0094314173681857,0.0084860304353764,0.0400566613868171,0.0450129010480172,0.5731703182512619,0.0936495057114835,1.1255833745343216,1.1578911807325345,-0.588739091670495,0.1211263503535615,19524.22
2022-10-08 04:00:00+00:00,0.4945600989236209,-0.0055073228167525,0.0124121539907824,0.0167552312026564,0.0106815319383657,0.0148288617451559,0.0195000726432545,0.0531006139741875,-2.630158007063886,0.3184766479245922,-0.1066094928286416,0.1710294939566042,0.4992970859591743,0.0082154991555403,0.0099486321884998,0.0091671779373043,0.0406097921171801,0.0449636754820417,0.5674279168077239,0.0930506843022782,1.0870925153790914,1.0977913162854334,-0.6342501283332924,0.1198114273340042,19509.12
2022-10-08 08:00:00+00:00,0.4948052539301256,-0.0054337206736801,0.0096620548221448,0.0150308987476812,0.0100983193739905,0.0143605291885015,0.0819062712443155,0.0556958620052139,-2.285218315719413,0.2393938017411963,0.025194426442001,0.1728572855043905,0.499307096083056,0.0078591959949306,0.0094246862469344,0.0088757397612475,0.0401953691168219,0.0448745784525484,0.5720018628517465,0.0922419984389986,1.1897333748258383,0.994947013494462,-0.5793369897063165,0.1185120657345791,19511.74
2022-10-08 12:00:00+00:00,0.4954417784061506,-0.005082939986441,0.0063977048238768,0.0123484281479913,0.0084060594137829,0.0137019367260505,0.1517103822738353,0.057875678152782,-2.1066770032645947,0.1958228592971246,0.2469186524240009,0.1747554955518664,0.4993713417577856,0.007519293955897,0.0077873905143752,0.007448318199992,0.038603909715887,0.0447355501050126,0.5886138497829084,0.0914682711142889,1.2199884397459273,0.8692055015536885,-0.6222003079998886,0.1172280813940901,19536.58
2022-10-08 16:00:00+00:00,0.4945395607134032,-0.0046801452179715,0.0075524114664144,0.0139153971969707,0.0108698857367424,0.0131554539888775,0.1437578842275088,0.0596952773784982,-2.054419160378296,0.2608403854266786,-0.4306727568320954,0.1765894641970712,0.4992366696344677,0.0072168633789809,0.010302294704874,0.0101737025517738,0.0412985573505446,0.0445851497669634,0.5597364765986882,0.0912094617307296,1.1557656199406037,0.4966668846441743,-0.2428946961496868,0.1159592923307911,19480.94
2022-10-08 20:00:00+00:00,0.4944179010907761,-0.0041872321309927,0.0068078327623493,0.0133568550726965,0.0111176780383019,0.012620589000654,0.1687213800130043,0.0614027499551096,-1.8995697543250656,0.2211677827680259,-0.1203694202154897,0.1788865203403229,0.4992075639072567,0.0069120282136543,0.0105996826405994,0.0106731283367451,0.0416982168604869,0.0442460066025799,0.5537328254700109,0.0910935774881591,1.167817619771444,0.3150955130814037,0.0170039777942889,0.1147055187165944,19468.41
2022-10-09 00:00:00+00:00,0.4936162276669528,-0.0040057204459622,0.0077755422329817,0.0148809506242866,0.013599051697164,0.0124571251107839,0.1600018817345354,0.064838908524996,-1.7128778310456008,0.5104267396600743,-0.252396303460121,0.185069432791892,0.4990673769673976,0.0065685712931969,0.013140294819347,0.013504958309038,0.0445467027805053,0.0440467530157531,0.5212249961947766,0.0912999233637128,1.161894050022694,0.3176787531856503,-0.3004910502138446,0.113535314654621,19409.72
2022-10-09 04:00:00+00:00,0.4930095036031485,-0.00370072701901,0.008176557769058,0.0156092746530229,0.0151964519327914,0.0122108798645366,0.1622945790107906,0.0656885362886466,-1.578864473832428,0.287390199750714,-0.3187504917774962,0.1930115089042614,0.4989672695065949,0.006230653862505,0.0147950744205225,0.0154462223872071,0.0464796846344774,0.0438269425557519,0.4967442523038449,0.0911957538048799,1.163362966642962,0.3001760692161384,-0.468571619321036,0.1124294005998394,19368.26
2022-10-09 08:00:00+00:00,0.4944003269234207,-0.0032273904974469,0.0041390147893696,0.0115764370990871,0.0118994081823211,0.0117388305410829,0.2340697254715,0.066114387612115,-1.3814561926118234,0.256977664414772,0.4380597014925571,0.2008705615805104,0.4991061862464939,0.0058886346148751,0.0115522354134136,0.0124620548043745,0.0433308616703427,0.043372810524024,0.5233314708693441,0.0897704120660423,1.1952395440863055,0.2942781480967956,-0.3049704576559758,0.1113365744543729,19421.18
2022-10-09 12:00:00+00:00,0.4959090454997152,-0.0025694506068853,0.000670887294266,0.0077327155607396,0.0085827990133735,0.0112983230202436,0.2994271978421715,0.0619671288313655,-1.2861689460822316,0.2536121313831835,0.3047010702078818,0.2054821465880563,0.4992537962489282,0.0055960270719422,0.0082800729891019,0.0093893212439655,0.0400693580704987,0.0429194027297349,0.55177865976091,0.0880907033970359,1.2047295338217816,0.2961068228887623,-0.1975202512811963,0.1102555097314709,19476.83
2022-10-09 16:00:00+00:00,0.4975259528645581,-0.0017547048002718,-0.0023778928935075,0.0039189090523483,0.0050487490231998,0.0109710835120871,0.3725612051791467,0.0561690759808322,-1.1864874719851506,0.6925615187538252,0.6244362032675053,0.2055841288866881,0.4994203962133277,0.0053664020788781,0.0047778426968945,0.0060035849092208,0.0364520644180854,0.0424587249858728,0.5865785709173926,0.0874559446820497,1.2063880690460178,0.3475747503381495,0.191075076608787,0.1091777043150741,19540.0
2022-10-09 20:00:00+00:00,0.495983274558894,-0.0011929324030102,0.0013788769195557,0.0071472632594236,0.0085713698030969,0.0106787706485798,0.322288978418617,0.0521647810256245,-1.0720958526263158,0.553382786211673,-0.3549702552293263,0.2060952412931951,0.4992326538518193,0.0051719260076903,0.0083309817008254,0.0096928811080954,0.0401317797546647,0.0423061837951262,0.5417326969779985,0.0876440439898384,1.2131260391546927,0.38629724985206,-0.0077566394279887,0.1080928595618954,19466.01
2022-10-10 00:00:00+00:00,0.4955559388988158,-0.0009167202724719,0.0023273923824411,0.0078789368337692,0.0096876858818699,0.0105797180169534,0.3108600893214162,0.0478267106689685,-1.0329457760454872,0.9270533863422694,-0.217577304112867,0.209969162898485,0.4991623161224432,0.0049377363346101,0.0094839269464754,0.0110254178437281,0.0414074166074103,0.0420379382060949,0.5252322414677469,0.0877343747201071,1.199943237342492,0.4205625407211011,0.1166006273732876,0.1070208533739646,19437.02
2022-10-10 04:00:00+00:00,0.4959624459736498,-0.0005272700581592,0.0017211025960355,0.0068233465446803,0.0088742192356283,0.0103680042930398,0.3372473242789751,0.0431842369811071,-0.884388056268958,0.7247127227724831,0.0851775195032678,0.2123977659475293,0.4991915897715098,0.0047297740561999,0.0087004559361052,0.0103753113655529,0.0406243532198686,0.0416671412641718,0.5307925233653723,0.0876857556653912,1.2103813173679034,0.4590142803228246,0.3235099884431294,0.1059615338136363,19446.73
2022-10-10 08:00:00+00:00,0.4955089800812772,-0.0003739490228796,0.0025492210247697,0.0074890107324838,0.0098644921118533,0.010076764060181,0.3230920529391526,0.039627405240675,-1.042695303448426,0.6776193359952658,-0.246165287719621,0.2154218816830942,0.4991257595292329,0.004508696323953,0.0097248576704715,0.011574618945414,0.0417667604840201,0.0413605180633394,0.5150002908684084,0.0877991313141659,1.128891180704851,0.4928012760831396,-0.0105127347445917,0.1049147507413666,19420.25
2022-10-10 12:00:00+00:00,0.4940992789959548,-0.0006617982444404,0.0050064777193521,0.0104529949566312,0.0134511733946176,0.0105122211670678,0.233266971581688,0.0351842797637042,-1.2689128955865032,1.5232522227295506,-0.2767887709688427,0.226555744432287,0.4989227822866546,0.0042166883399923,0.0133619243240672,0.0155191060576929,0.0457982106676251,0.0412963704937381,0.4675357679042717,0.0881590349360765,1.0529017579588675,0.617760573966869,-0.3177262906265809,0.1043284367785473,19339.47
2022-10-10 16:00:00+00:00,0.4932135871273571,-0.0006817247619918,0.0070027948060169,0.0125860232437298,0.0160452489384335,0.0105564228640729,0.1369843317265253,0.0301173474451028,-1.1539525963641604,2.136723024925549,-0.2644929145750998,0.2346732824774422,0.4987748562440237,0.0039588333231826,0.0159989086561782,0.0184152448074785,0.0487325077910543,0.0412011424944793,0.43081985620768,0.0881621304535694,1.0623962789283836,0.7523788248596244,-0.5994749326393882,0.1037897967762154,19279.69
2022-10-10 20:00:00+00:00,0.4924043442548008,-0.0009498150676982,0.0085342216058101,0.0146551969084502,0.0187699670720227,0.010885893200476,-0.0637922638690149,0.0220404899112848,-1.250940494252147,2.121813678589398,-0.2486147169372648,0.2457789019976438,0.4986157518625747,0.0036440887988329,0.0187781398597819,0.0215466427187489,0.0519557036842432,0.0411203124061848,0.3908695684513255,0.0881655825834853,1.0337993782120685,0.9159613900764992,-0.5878656200355034,0.1033117156123802,19214.38
2022-10-11 00:00:00+00:00,0.4903525936383498,-0.0011756910971594,0.0123989079480479,0.0190505352944883,0.0238414200718577,0.0110426676336269,-0.2856661526720166,0.0216219754740054,-1.116967001329887,1.0771497739739329,-0.4306952166883657,0.2584118290726973,0.4983329525498856,0.0033287811439496,0.0239060346935839,0.0270563570944009,0.0576429995397262,0.0411533963448038,0.3242005864722415,0.0883292598799605,1.0655562696977274,0.9051565775477304,-0.6627730218417497,0.1029169763619041,19104.67
2022-10-11 04:00:00+00:00,0.4897840923220612,-0.0017763928437873,0.0125821249260866,0.0203875882332944,0.02617922443507,0.0113004150512548,-0.1868945251545809,0.0280891908730165,-0.8465307577654444,2.482462335493807,-0.3723016205226168,0.2739880414045645,0.4981809540531103,0.0029048891242768,0.026320201010304,0.0300002035004272,0.0607651068099877,0.0411436476433928,0.2858823052240873,0.0885005625117087,1.104055014915501,1.0713155397345429,-0.7678561287269267,0.1027527792836211,19041.11
2022-10-11 08:00:00+00:00,0.4912814651532837,-0.0019233736096321,0.0080358426912392,0.0164014847305034,0.0229700379920227,0.0109506368898093,-0.0023087152508652,0.0314445225146974,-0.7581395699839021,1.669349277216451,0.3864016347761211,0.2880967772049421,0.4983030330857596,0.0025086069477941,0.0231782081841454,0.0273204255936956,0.0580817520454792,0.0408827892021524,0.3094070554392519,0.0881370517388427,1.1171710868983504,1.1661187993901587,-0.6857102295773493,0.102605065170787,19082.21
2022-10-11 12:00:00+00:00,0.4939092853490105,-0.0017072292416003,0.0017778313811138,0.0101581377509032,0.017254522597341,0.0106019277743519,0.2012922355961274,0.0326472335071149,-0.8562797757298349,1.3219541334197278,0.5780991209071236,0.2982847343766172,0.4985597179483102,0.0021656938334355,0.0175178157669284,0.0220398483589481,0.0526947773609571,0.0405121615047635,0.3625495821236583,0.0875407268649282,1.079213094530956,1.1419102860994286,-0.3372677861604581,0.1024590991765385,19172.93
2022-10-11 16:00:00+00:00,0.4937513217574538,-0.0013721336568445,0.0030013004372346,0.011202732162201,0.0187344059023097,0.0110488348359376,0.17689664990532,0.0340989226962181,-1.0545516228297391,2.8906994946247493,-0.1092570036540857,0.3023948762994586,0.4984661107101648,0.0018758206845129,0.0190474433926683,0.0239381799895033,0.0546888727297267,0.0404281806073015,0.3378872222527427,0.0878712574928521,0.9738671358118708,1.2347556990455562,-0.295537702831694,0.1024141411955701,19129.92
2022-10-11 20:00:00+00:00,0.4913501717862434,-0.0011514356074979,0.0089443601798062,0.0170963923235292,0.025108560951718,0.011459525150573,0.0190765416904019,0.0354759336445299,-1.5799427258049208,1.9979507550634072,-0.4968001190653349,0.3094475196235915,0.4981188028181533,0.001590952362466,0.025473848540088,0.0307723510887123,0.0617788231245866,0.0405246655043068,0.2591171254993387,0.0886067114762971,0.8455416564621606,1.245196834096389,-0.5124976552241605,0.1024674356380382,18995.32
2022-10-12 00:00:00+00:00,0.4934082872368103,-0.0010248066595577,0.0036019299049776,0.0117492255082274,0.020201678488243,0.0113250753358249,0.1757641069541917,0.0366342538645308,-0.8224051264418386,0.6436660527455912,0.8580873133477626,0.3181489544265931,0.4983316785751285,0.0012739214120229,0.0206183981831369,0.0262984594427531,0.0572412122854895,0.0401462659898298,0.2985312007816567,0.0871009575438447,1.0714881864080668,1.2219186961275794,-0.0820462850182711,0.1025200993688999,19069.69
2022-10-12 04:00:00+00:00,0.4931833335440194,-0.0006931901615789,0.0041245117320922,0.0119585682925478,0.020708906569433,0.0110195602257338,0.1727668562979535,0.0368386489222416,-1.013830975483417,0.9356863609381552,-0.2216074020319297,0.3217552125324662,0.4982752005969174,0.0010153065477517,0.0211692729579822,0.0271969711599555,0.0582151656489937,0.039977122914079,0.2777145716656232,0.0858457540997078,0.9627395872474124,1.104288674851301,0.0113276492082772,0.1025721398522943,19045.26
2022-10-12 08:00:00+00:00,0.4949945803525264,-0.0001829046653384,0.0005881491916674,0.0077410763625271,0.0165508978704724,0.010678251921425,0.2870249807355396,0.0368369906643896,-1.0176463244926943,0.8707634956259886,0.4054914196567835,0.3226303957926724,0.4984646687671155,0.000809110546378,0.017041723451239,0.0233159766363009,0.0542372970610509,0.0396232388277315,0.3142239105625374,0.0848117014095558,0.954888622058546,1.0613767879136613,0.0691352009744239,0.1026235644640262,19110.56
2022-10-12 12:00:00+00:00,0.4953187457152832,0.0003473174747369,0.000534848627077,0.0068885998544481,0.0156495431819625,0.010382922717777,0.3119734763222779,0.036603479438409,-1.016541812817064,0.5871636869161979,0.0563303254033373,0.320356968620291,0.4984892066745928,0.0006491225355946,0.0161640093640496,0.0226486319704302,0.0535491007922801,0.0393957865062919,0.3178833788470528,0.0847531700938339,0.9339402151530136,1.0105217374965592,-0.1413641900121774,0.1026743804926119,19116.74
2022-10-12 16:00:00+00:00,0.4962458715561938,0.0005601414587792,-0.0008354310976129,0.0050924786892012,0.0139048119485354,0.0103869211400403,0.3624084593318386,0.0364192301149423,-0.6544445006406094,1.8949246262617696,0.0968781567174906,0.3224511262048418,0.4985631714192444,0.0004659753626166,0.0144473157381597,0.0211753979885649,0.0520521372618461,0.0390886670174982,0.3301843063724343,0.084563051930979,0.9993695195032124,0.9688896331187606,0.0299883847805442,0.1027245951403118,19137.36
2022-10-12 20:00:00+00:00,0.4966574021820232,0.000812326733751,-0.0012013032581221,0.0042051548049102,0.0129860013377576,0.0101350253577823,0.3913199636005826,0.0352998576224479,-0.3345102050360708,0.9306586644009336,0.0470552748661607,0.324845726141682,0.498591876655108,0.0003134342066609,0.0135512501138066,0.0204907677633354,0.0513547114855532,0.0387824296720281,0.3337702221210593,0.0844583293984831,1.044959054769158,0.8665294822869033,0.6530701562431621,0.1027742155241517,19143.63
2022-10-13 00:00:00+00:00,0.4970785985919547,0.0011808666792799,-0.0014384681801851,0.0032134367497629,0.011799624616779,0.0099068121860162,0.4313412204086752,0.0324498583020389,0.0904313460045185,0.508963661240193,0.1368968863014957,0.323671540177979,0.4986356094037855,0.0002119105769982,0.0123775532943379,0.0194576513983208,0.0502702605988061,0.0384473303085827,0.3431850872374798,0.0844930825937091,1.1346473366383378,0.8660274388444498,0.3322464454976342,0.1027780753290409,19157.32
2022-10-13 04:00:00+00:00,0.4953673442554372,0.0012121707637601,0.0023272922956536,0.0066872120523089,0.015261027178542,0.0097671004705397,0.3238559693064017,0.029613772319054,-0.2748116610418659,0.6164983836160354,-0.4729746598427055,0.3227284837483238,0.4984295137621195,8.025166672297461e-05,0.0158607623197477,0.0231623862268239,0.0540912994811677,0.0383068276140363,0.2979690407272916,0.0850078375583757,1.0113096136145687,0.8387400932320827,0.1362654028435969,0.1027297022485096,19081.52
2022-10-13 08:00:00+00:00,0.4936866943245101,0.0010620540962782,0.0057324554382731,0.0100741354521189,0.0187397720553927,0.0095737323146756,0.1968372421146172,0.027381823669511,-0.226282249662825,0.5714365977384216,-0.481596232494748,0.3244471204895955,0.498221045814244,-7.522366242343594e-05,0.0193663137187816,0.0269288264428495,0.0579965229887433,0.0381723858977433,0.2526935237528889,0.0855948329364973,0.99381765429114,0.8103802310943757,-0.372179527669587,0.1026865131227535,19004.5
2022-10-13 12:00:00+00:00,0.4884110594394147,0.0002561958454136,0.0163864580309458,0.0217705476777356,0.0310740264977735,0.0100946000000856,-0.2359393083354732,0.0270831808201362,-0.0736747157035171,1.4898061913092868,-0.532281453585267,0.3327178654864904,0.4975464000433915,-0.0003583429733477,0.0317583729662789,0.0398368431081623,0.0714086459668963,0.0384881444883344,0.1041893849825771,0.0870551954888572,0.981669243945342,0.9747324061316917,-0.5426943821586604,0.103007422866871,18759.02
2022-10-13 16:00:00+00:00,0.4957643065119771,-0.0014365016405654,-0.0010027039940316,0.0068735139860252,0.0174449974473449,0.0122885642007359,0.3439811121894409,0.0367712187673827,1.3271496567762688,4.095129185423414,0.2362245784807952,0.3524498455480962,0.4982369448962613,-0.000877301377032,0.0182191577209087,0.0269774057304401,0.0584462857430208,0.0382470943621635,0.2430048087598696,0.0869774070757698,1.0295082298161375,1.46399631253843,-0.1435440928766763,0.1045183232148033,18978.88
2022-10-13 20:00:00+00:00,0.503748579209668,0.0001663228474961,-0.0183874759857044,-0.0127473042345295,-0.0030305759086804,0.0142754282210421,0.909057185436002,0.0355649404522129,3.3824916248529244,1.80055995441096,0.6349020898469601,0.3564409945740784,0.4993349180503255,-0.0008325931788703,-0.002282681375742,0.0063036964868639,0.0370809985343925,0.0377671096123823,0.4737397089002715,0.084395067798424,1.1983419932351695,1.6886074268599718,0.1613228561270616,0.1058945174364667,19364.14
2022-10-14 00:00:00+00:00,0.5038090451032682,0.0019371553947636,-0.0152048678887121,-0.0123198676694965,-0.0037682452792128,0.0145275511499208,0.915533375949402,0.036776727748739,3.253139937594271,0.5711740234540541,0.1187924805584354,0.3497766702801702,0.4993911910363393,-0.0006445324416808,-0.0030633650906609,0.0052857204906342,0.0358660533538151,0.0381262583639693,0.48320665515642,0.0839954496205387,1.1891574939339689,1.71859077006984,0.1634197485180265,0.1067464593134516,19382.53
2022-10-14 04:00:00+00:00,0.5115016332751195,0.0039294682392192,-0.0306416439744993,-0.0312853283329275,-0.0246051967281427,0.0146842494702809,1.2981527733423666,0.0444625789457422,3.249340364065487,1.2272232964519902,0.6976311364341347,0.3333700826070112,0.5005849772125758,-0.000272512448838,-0.0239913689290498,-0.0163027421123311,0.0133377436630865,0.0378382239382879,0.7434023183911964,0.082234069132854,1.3232640930979152,1.863935463032188,0.3995688756760302,0.1069762274261723,19810.69
2022-10-14 08:00:00+00:00,0.5073445680018372,0.0054422272141587,-0.0161638821667905,-0.0199185585252077,-0.0149905766775221,0.0149649399463516,0.9710812647678364,0.0539046498329643,2.395226204066077,0.86594541061973,-0.6256598082516449,0.3117941740401632,0.5000905641770559,0.0001496051792209,-0.0144601404170656,-0.0072923578780331,0.022277887010367,0.0388227915607615,0.6322622753655245,0.0830242343333814,1.1287398693270425,1.9408463884750369,0.3458757967023916,0.1067623908122429,19635.53
2022-10-14 12:00:00+00:00,0.5062452661981967,0.0056726864370553,-0.0114711888400119,-0.0167022375635457,-0.0130149890556267,0.0149274818963411,0.886142625572011,0.0582360381004559,2.113201977706285,0.9087559414739944,-0.1178823967249732,0.2963056884507783,0.5000129396989191,0.0004464217760432,-0.0125472051137441,-0.0057900275543095,0.0235541995818855,0.0395170452647154,0.6126967788737893,0.0829251209057551,1.0715440649371275,1.8733375910741772,0.4644843511743475,0.106551084841811,19608.26
2022-10-14 16:00:00+00:00,0.500857111052423,0.0052706967171103,0.0032387819438355,-0.0025592209330087,0.0002703461240913,0.0154576663062355,0.6363801942313603,0.0617899527415107,1.7938392450161122,2.6783339320376656,-0.4603183265120467,0.2820657910943055,0.4993140004523049,0.0006756001368798,0.0006953974089929,0.0072131529927774,0.0367066598626195,0.0404992588615927,0.4552905426313584,0.0838754526583566,1.102128345713851,1.6815875411988368,0.3590883613114062,0.106342279566046,19356.29
2022-10-14 20:00:00+00:00,0.4978719196489528,0.0037148766436322,0.0104615428706689,0.0059559345422781,0.0087752192616856,0.0161261505876817,0.4894343546033045,0.0623157193495627,0.9392810900759953,1.3074203736625711,-0.5627642661434847,0.27476517200935,0.4988649214886185,0.000675570463678,0.0092006362546899,0.0157685388569184,0.0454226472706438,0.0409009013376955,0.3516264530835306,0.0844352420727045,0.9795086275213912,1.6005964138843571,-0.2047856619298714,0.1061662488763748,19189.91
2022-10-15 00:00:00+00:00,0.4979772324394473,0.0021278766022539,0.0082559060348139,0.0054252567611585,0.0085037804700214,0.0158421738773381,0.485106767447527,0.0621019941248132,1.116668172871082,0.3414624318968785,-0.0157424977159438,0.2701811998107928,0.498869202005289,0.0005883040148218,0.0089422019134941,0.0156216581837449,0.0452365941627086,0.0409533183911337,0.3487525008874569,0.0841480708873272,1.040565772399913,1.547351780247469,-0.2231024381347529,0.1061070537673778,19187.64
2022-10-15 04:00:00+00:00,0.4984431846684529,0.0011186156541972,0.0055372619311124,0.0038349436151141,0.0070567729933479,0.0151832478082333,0.4983326111139085,0.061679895696692,1.1316787500606105,0.2421704199336639,0.2306370179396404,0.2659087667952565,0.4989344280594887,0.0005280504787929,0.0075023058038519,0.0142483274127929,0.0437735312387277,0.0409384874120939,0.3603156604992278,0.0837202691148798,1.0562870698038076,1.3420882557322602,-0.7704234744914986,0.106077490485248,19209.04
2022-10-15 08:00:00+00:00,0.4978962505825264,0.0003838964625908,0.0057867029522913,0.0050023641788772,0.0083783615270378,0.0144404970581925,0.4650134851243191,0.0611962454974229,1.0419110033776795,0.1392999082596638,-0.3937701662943519,0.2620001999894429,0.4988505416422189,0.0004671468473896,0.0088327864632831,0.0156689255140383,0.0451895689815045,0.0410017345508619,0.3395108836010755,0.0836429563544495,0.9215990331102732,1.1875865093560347,-0.584951394054426,0.1060482770689637,19177.49
2022-10-15 12:00:00+00:00,0.4978389119737202,-0.0002636731494711,0.0046913027223671,0.0048503351416195,0.0084722317589613,0.0139333392742125,0.4536181892258161,0.0609446828338541,1.144466653370949,0.2168267755673404,-0.0679894546968177,0.2608255667941929,0.4988306258909192,0.0003772072100658,0.0089408096640803,0.0159023336227135,0.045405459476655,0.0410357049159412,0.333012864130264,0.0836114232445168,1.0277711277550514,1.0440429972954333,-0.5415471022490342,0.1060731361485625,19167.74
2022-10-15 16:00:00+00:00,0.4970152286315699,-0.0006048861523459,0.005846991282447,0.0066074962970075,0.010394859037953,0.0134297559349055,0.4146346886061688,0.0609556248475438,0.9844527671224388,0.287773586621317,-0.4095210782907935,0.2595400820638591,0.4987126151679515,0.0003094233585322,0.0108742853605734,0.0179455241027346,0.0474726769822595,0.0410131136833867,0.3044822243013127,0.083542269338667,0.964105844748496,0.5427374941432395,-0.6394707828004423,0.1061129802543272,19124.28
2022-10-15 20:00:00+00:00,0.4965599002315569,-0.0008924383626951,0.0059954086957889,0.0073445285274174,0.0113387165621372,0.0128340899069904,0.3938749992204303,0.0611177261223058,1.1153485229624056,0.1966475392650533,-0.2755041518386617,0.2585762236963194,0.4986449304100896,0.0002272508869767,0.0118314660739526,0.0190283726001385,0.0485637160801561,0.0407569134387216,0.2869552410887491,0.0833905100676305,1.0081114250572207,0.2909559538319176,-0.4854529014414191,0.1061523528261235,19098.61
2022-10-16 00:00:00+00:00,0.4961971794438042,-0.0011803373073434,0.0058653858525679,0.0078607566759902,0.0121365789172698,0.0123424415277884,0.3741368419568083,0.061280199461563,0.9319936462548394,0.4333532365343859,-0.1629081117468922,0.259250518477602,0.4985834330746149,0.0001219925410143,0.0126473159492879,0.0200051693068548,0.0495642031593468,0.0404513941439827,0.2691588750480886,0.0829969691109131,0.9726418361258614,0.2967991691173283,-0.459775719161386,0.10622020950995,19074.41
2022-10-16 04:00:00+00:00,0.4974251458504992,-0.0011021448589764,0.0026315821230615,0.0047732402799465,0.0091322401775875,0.0120473681064477,0.4162794099845732,0.061078365664204,1.1126481147782543,0.2088900300769725,0.5181432854336732,0.2594319281890536,0.4987342324824882,6.36916773598732e-05,0.0096497342962338,0.0170757545570849,0.0465182850441381,0.0400157061466349,0.2979131697727651,0.0822426201471283,1.004717466970162,0.2843378615271525,-0.3637609179654148,0.1063733563343045,19124.26
2022-10-16 08:00:00+00:00,0.4978543528504892,-0.0009469033158534,0.0014632167064994,0.0036126215227514,0.0080047462972234,0.0114359417181429,0.4305075435039328,0.0610938882066106,1.1323854429051532,0.1521929798845047,0.2901303538174655,0.2590152170479765,0.4987835773985409,2.162063248106353e-05,0.008526893583489,0.0160133587452564,0.0453855340867945,0.0396462034680806,0.3042087909380147,0.0814949942651439,1.023077615326937,0.2837865905183128,-0.1745581097170182,0.1065246907467987,19139.42
2022-10-16 12:00:00+00:00,0.4982107535359191,-0.0007604200995664,0.0006484874963019,0.0027196795859634,0.0071026891753704,0.0109561325057566,0.4386904268285394,0.060927224786327,1.1773596373305992,0.1258800326813062,0.1098481319295731,0.257374493468278,0.4988230070449357,-7.613363830718301e-06,0.0076271824684155,0.01515840520377,0.0444597644792941,0.039288456310241,0.3109130210463303,0.0813149739274608,1.060217122294271,0.2635411545066415,-0.0742284091949768,0.1066742341963711,19150.91
2022-10-16 16:00:00+00:00,0.4985341493328695,-0.0006159679305338,-8.636039634324355e-05,0.0019341911440611,0.0063171052932653,0.010461744870259,0.4430768934756994,0.0605585783876321,1.1414156203125898,0.1867488483411055,0.1319708029197207,0.2560614695334587,0.4988557125360509,-3.810576076782922e-05,0.0068443883251716,0.0144241098237707,0.0436607769741879,0.038937203404322,0.3162343727476535,0.0811627148408269,1.052855681070647,0.2400788505118282,0.1572933739171166,0.1068220078781226,19160.07
2022-10-16 20:00:00+00:00,0.5043138902435136,-0.0003731680326928,-0.0111914160359116,-0.0094107217661558,-0.0051562241345585,0.0099350253530233,0.6225499227256919,0.0574382842916684,1.1218480567345466,0.3041943618167017,0.7797398444880506,0.2528878287589322,0.499512203773566,-4.429745492397216e-05,-0.0046363620007742,0.0028776410226487,0.0317246754074895,0.0381882306938867,0.4550442829326537,0.0801925014654528,1.052939871575521,0.2541567229120389,0.675084461512286,0.1069221855511175,19376.36
2022-10-17 00:00:00+00:00,0.5013458597854923,0.0002586049627875,-0.0044316239314687,-0.0035312036458399,0.0003221096649543,0.0104252951809073,0.4915493422749,0.0456499125787855,0.9577282280223364,0.7358094563647752,-0.3180926888480825,0.2381615463718128,0.4992041053006777,4.773947240073826e-05,0.0008237845261249,0.0082559287635082,0.0371351792719887,0.0382066863332755,0.386109098675598,0.0804839339803586,1.030218823590399,0.2810938865500009,0.559316249040079,0.1064878309985672,19270.79
2022-10-17 04:00:00+00:00,0.4988965007259597,0.000358365106821,0.0007887142371474,0.001487038296601,0.0051918732000351,0.0105223304226073,0.3800764034501021,0.0453329955707778,0.6611386765485576,0.5952936672309348,-0.6197454685692212,0.2249199333640165,0.4989224064772747,7.604647618928903e-05,0.0056878302692457,0.0131228116666943,0.0420584653258258,0.0381512142284986,0.3263685641868468,0.0806346403539238,0.9892579830822598,0.3185205692668404,0.1515151515151535,0.1060585344679162,19174.79
2022-10-17 08:00:00+00:00,0.5020368812392794,0.0005663317198636,-0.0049793024511302,-0.0046693080532208,-0.0012454500715035,0.0102135865230314,0.5306149672735585,0.0446542545249197,0.6822630201688767,0.7022500453551267,0.7786796879954281,0.2110115226517997,0.4992983354243163,0.0001313175270629,-0.0007662419934775,0.006546789212604,0.0351935386910693,0.0376667567237673,0.4092152842146683,0.0790746040586937,0.991004398918379,0.3754502704137999,0.4701579088232729,0.1056343184351923,19297.22
2022-10-17 12:00:00+00:00,0.5061247045638081,0.0011087067433636,-0.0119036488843013,-0.0125256321832478,-0.0096671841502575,0.0100640854589728,0.7702911306875295,0.039707396151734,0.9760392254238424,1.0591446975220318,0.5529941706412298,0.200490862476921,0.4998116074331892,0.0002675157884237,-0.0092217590063482,-0.0021650269911267,0.0260779244969786,0.0371162122147671,0.5239569813980403,0.0770739526696757,1.043238040943407,0.4764454474335082,0.7112950782490409,0.1051567240055509,19464.64
2022-10-17 16:00:00+00:00,0.5075503107944619,0.0020286648195129,-0.0134112389299618,-0.015668570850064,-0.0137727201973629,0.0104117907314806,0.9728173621264052,0.0337970770616859,1.0931961773816443,2.327725773783105,0.3455964325529633,0.2004427095324555,0.5000889083328484,0.0005279701398399,-0.0133836157401391,-0.0067368539939739,0.0211336214727961,0.0368276210626466,0.5901359280014112,0.075370985492521,1.0632887967001707,0.7125130461621899,0.6854291972325627,0.1042302719891203,19556.06
2022-10-17 20:00:00+00:00,0.5064379710669548,0.0024148546621959,-0.0099588560201278,-0.0132257033678717,-0.0120964798076953,0.0104434352300583,0.9881868501964608,0.030921725400809,1.6415049438906215,1.56981307845519,-0.1599186298313477,0.2019204651898808,0.5000160122894709,0.0007545093909272,-0.0117540089972887,-0.0054340381152888,0.0222444618490753,0.0367854662567714,0.5717760887061273,0.0751358335517858,1.143586427642481,0.8481473122794809,0.2761360080659162,0.1032133456340188,19531.84
2022-10-18 00:00:00+00:00,0.5068344373048455,0.0026315739217173,-0.0096177129192891,-0.0137094426961135,-0.0133298330179808,0.0101982319795838,1.0739400539989503,0.0294309599691598,1.20602510048734,1.071361936990077,0.2184662932200167,0.2042801492377265,0.5001195754796341,0.000983791945908,-0.0130359909976299,-0.0070766509962867,0.0203169424129838,0.0366191175796233,0.5926072698666099,0.0746860787515044,1.054376213645817,0.855676671834152,0.5617067500095307,0.1022084540657606,19565.96
2022-10-18 04:00:00+00:00,0.5059404565423439,0.0026342745784035,-0.0069037331078241,-0.011544990809542,-0.0118312514235018,0.0100392738183573,0.9688794141797772,0.0324166873923808,0.8969992519521701,1.503136271429964,-0.1293215581570442,0.2069401392009131,0.5000576923766525,0.0012032505435282,-0.0115827353444856,-0.0059578444046158,0.0212270853100886,0.03653998741705,0.5758633011034209,0.0740019800891107,0.9749020299563348,0.9192609479627214,0.7161839009526716,0.101215454858993,19545.8
2022-10-18 08:00:00+00:00,0.5083805438402493,0.0026628497227523,-0.0110886492556457,-0.0162969692475828,-0.0172883491905425,0.0098530718413364,1.0683636563925,0.0353809161761182,1.0912783447736432,1.4092653098816377,0.7123944168214322,0.2097667848170695,0.5004224833577526,0.0014333141261108,-0.0170907289234434,-0.0118749463210442,0.0148893496128046,0.0361692697560043,0.6559859071231376,0.0725073496728334,1.0437615770441762,0.9601087636564168,0.8002828854314025,0.1002154200581347,19665.45
2022-10-18 12:00:00+00:00,0.5056452521988755,0.0024070060946853,-0.0051471134828843,-0.0105149312236662,-0.0120339926440428,0.0099477395670319,0.8830654494187221,0.0375912224634866,1.129593612801075,1.353483242539336,-0.4851495558008783,0.21175951862074,0.5001292878248127,0.0016357119516301,-0.0118765224441141,-0.0069588808521208,0.0196983387692724,0.0361417481972698,0.5858942905896227,0.0718590593623113,1.051215443678191,0.9613124254857296,0.3667607621736044,0.0991897044857781,19570.1
2022-10-18 16:00:00+00:00,0.5002880862146761,0.0018881664152738,0.0057713482401178,0.0006620042156646,-0.0011921839385671,0.0102241727978527,0.5786975048831466,0.0392101427116714,0.8523857538479789,2.9491415376731536,-0.5106715640045691,0.2099034592010599,0.4994985625323451,0.0017988729350433,-0.0010643923145331,0.0036449086286995,0.0303704408376763,0.0362834723912382,0.4377879479224696,0.0724478827716583,0.9945644611745864,0.976677167484511,-0.4533585619678349,0.0982592519501141,19364.53
2022-10-18 20:00:00+00:00,0.4970288788542688,0.0007588024246169,0.0116590257107029,0.0078606291137779,0.0062074351621348,0.0108041668227816,0.3757608977558367,0.0389237421085749,0.8101162683893903,2.1597031062702965,-0.4051059730250431,0.1993473894423946,0.4990677890470122,0.0018116544741676,0.0063337755518808,0.0110218969141193,0.0378183323464811,0.036412193219987,0.3370755393164573,0.0730258467613434,0.9898540189406644,1.0283624658614483,-0.5081674741390565,0.0977121232254644,19221.56
2022-10-19 00:00:00+00:00,0.4996966192811647,-3.069421608177362e-05,0.0043982547678684,0.0016910321793075,0.0002641488098262,0.0111867944558072,0.5163712484867012,0.0379278970266973,1.075567162520611,0.883588731941887,0.5009473114399177,0.1900534660932037,0.4994224234114391,0.0017924398848656,0.0003889250765372,0.0050059204727552,0.0315240426448992,0.0361445524677901,0.4191370291661239,0.072608285518739,1.0640172941809558,1.0175729144600507,-0.3763257823752759,0.0974746850324816,19334.77
2022-10-19 04:00:00+00:00,0.4986871421780005,-0.0006678601014168,0.0055020486948449,0.0037911789843381,0.0026368791876505,0.0110314906079581,0.4380085604164604,0.0368653471118905,0.8809266401887742,0.7113095140418668,-0.3447271718782339,0.1815060776661845,0.4992809784831717,0.0017662026393388,0.0027654866439539,0.0073819694056025,0.0338583311972398,0.0361803732421134,0.3861831846001476,0.0728474847185567,0.991779010967665,0.9671867772436268,-0.4249869058530807,0.0972400567952309,19286.88
2022-10-19 08:00:00+00:00,0.4970848553973626,-0.0012131163304426,0.0079020511161023,0.0071669914443459,0.0063541786206011,0.0107314137417863,0.3122659860414953,0.0352894373113261,0.856956748868079,0.8417991981343086,-0.4704499040782249,0.1754631266012242,0.4990570695492113,0.0017170020153717,0.0064918080749341,0.0111512453071533,0.0376392861235366,0.0362657588391837,0.3343017170113633,0.0732058847479687,0.997677172226482,0.9474327739399838,-0.7616477753341232,0.0970082052593693,19212.18
2022-10-19 12:00:00+00:00,0.4967933838558516,-0.0016580223130271,0.0073421603938681,0.0075554268184447,0.0071552159148999,0.0105348894966195,0.2709978777437856,0.0344742673624611,1.328077729021014,1.0096757477649434,-0.1383098591549254,0.1724405438634327,0.499002301208214,0.0016363968243121,0.0073067198463236,0.0120358977778511,0.0384791422737202,0.0362387663949606,0.3215872275362496,0.0734152317890092,1.1506341885035127,0.9501499681344064,-0.6400101505667376,0.0967790975641007,19191.99
2022-10-19 16:00:00+00:00,0.4985623465238737,-0.0019666249314935,0.0024204476432283,0.0034788604622142,0.0035214212997343,0.0104288949447971,0.3624567166246455,0.033936896441248,1.2725165075475684,1.983188563619292,0.2674413778792369,0.17198571728696,0.4992122981610585,0.0015324641704124,0.0036893567088469,0.0084940520093605,0.0347908915045798,0.0359947038483544,0.3667729538214374,0.0731481175594258,1.143876359006314,0.9181521227259164,-0.2848218719778287,0.0965892612042075,19255.56
2022-10-19 20:00:00+00:00,0.4982667345160469,-0.0020418224147559,0.0023772833351798,0.0039704636742576,0.0043657549575626,0.0105191513893165,0.3240012140752363,0.0335005213025817,1.0663144202174155,1.0721673075849845,-0.1272328232640539,0.1688673840445909,0.4991553962057161,0.0014526253000263,0.0045474454371572,0.0094274664217948,0.0356867381404084,0.035838879820399,0.3528708611697615,0.0733473875650451,1.1126305116370494,0.8293253036468315,0.0281709088952201,0.0964314066126163,19234.19
2022-10-20 00:00:00+00:00,0.4958466901755852,-0.002088084829571,0.0071039853446945,0.0091883114978053,0.0099482483916195,0.0103611707169507,0.1433494442521366,0.0332980198970979,0.305190283086912,0.7476229514932614,-0.676653578979166,0.1666487866034275,0.4988143936738038,0.0013708560642194,0.0101462979270172,0.0151398067021617,0.041493625144563,0.0358207714807825,0.2757952431349698,0.0739493035324079,0.9213723044103864,0.8374903235780963,-0.7173971227835372,0.0962754201468265,19122.17
2022-10-20 04:00:00+00:00,0.4944631832456311,-0.00247152135785,0.0089439921544813,0.0120480925767543,0.0134595123983725,0.0106115552914437,0.0555016208417643,0.0351859200908021,0.1444556579580447,1.1494372534211437,-0.292896802603872,0.1724980138705809,0.4985889627657504,0.0011999690298383,0.013690724817162,0.018915605992682,0.0453732209842454,0.0357766645411329,0.2254671544597503,0.0746137563726925,0.8718226731138233,0.929854243959266,-0.60264406948138,0.0964039439553033,19045.69
2022-10-20 08:00:00+00:00,0.4970439243947636,-0.0022588231769934,0.0027045530306559,0.0060018419969993,0.0077441471349291,0.0105761504890813,0.2283562995821851,0.0362441615216356,0.0582585283709268,1.0881029142799767,0.6285164255107735,0.1770770675999984,0.4989154123255448,0.0010931561587955,0.0079915093077338,0.013297734336884,0.0395721257826728,0.0354130856363217,0.2993785839954588,0.0744363235364723,0.8525832368462402,0.9996682253869535,-0.1624167818113341,0.0965971578793838,19146.98
2022-10-20 12:00:00+00:00,0.4989032607030036,-0.0018482890516276,-0.0013599709441451,0.0017852357248067,0.003702635866549,0.0102355863812057,0.3370001075942599,0.0364829658126221,0.2067246842164284,0.6621954874362816,0.4909152086137378,0.178405606339279,0.4991502314123671,0.0010267648820823,0.0039589224234874,0.0093033069652999,0.0354158281326508,0.0351077623807585,0.3523702148777621,0.0743020550775672,0.935042998929771,0.9798733743968836,0.0703177992714524,0.0967880852186201,19219.11
2022-10-20 16:00:00+00:00,0.4995840714317904,-0.0012374119189124,-0.0022517559033768,0.0003480501502903,0.002233611426833,0.0101929584597769,0.3751769918744536,0.0365443566770602,0.4997577715898569,1.4943504194027537,0.1142009973493951,0.1728330222590905,0.4992413636547335,0.0010191629074674,0.0024883290137136,0.0078054344603983,0.0337863824762398,0.0349020922830243,0.3723299787121318,0.074016721386421,0.9943665278084868,0.9629830286652146,-0.0223628501936768,0.0969227789644693,19245.13
2022-10-20 20:00:00+00:00,0.4955922757343815,-0.0013294721463823,0.0061522176519279,0.0091368814736836,0.0113789324694115,0.010632896615328,0.1487546559560881,0.0382810015331065,-0.8734634590392476,1.516664115376872,-0.6367339771729633,0.169495339266981,0.4986816326440516,0.000921790817962,0.0116548374792662,0.0171461550632803,0.043340493454111,0.0350926740291795,0.2488085608618664,0.0747773824205051,0.8167130713057337,1.0719341965947145,-0.3836366093144721,0.0969820383145615,19063.84
2022-10-21 00:00:00+00:00,0.495514188116051,-0.0015112819007183,0.0055601206495616,0.0090897207790887,0.0117867901121024,0.0106434916911023,0.1637984054518791,0.0387986485423988,-0.4390210180688309,0.7216027674316349,-0.0993583977933661,0.171293981801664,0.4986402204596911,0.0007781704187508,0.0120891593879797,0.0177666327792003,0.0439785244108061,0.0349843478276622,0.2401552376597277,0.0751953027123722,0.90910934622249,1.085538938392255,-0.1698270426087733,0.0970405963615126,19046.77
2022-10-21 04:00:00+00:00,0.4957265317936319,-0.0014119915694883,0.0045827299124119,0.0082704859021167,0.0112750304505706,0.0103891003155285,0.1952486352052201,0.0386624579943685,-0.4751191725371217,0.4994501508505543,0.0116722783389549,0.171637899107796,0.4986533856090516,0.0006674427425683,0.0115969514528653,0.0174119327581347,0.0435995273225162,0.034829968776611,0.2443653107980348,0.0754895733618623,0.9022428277827113,0.9907486542897576,0.0064961526475995,0.0970984614048758,19048.48
2022-10-21 08:00:00+00:00,0.4953450762617135,-0.0013468678954474,0.0048784752214796,0.0087494615600423,0.0120743731701808,0.0100896358276601,0.1893811343302001,0.0377728814768014,-0.4478510339863674,0.4347675365408384,-0.2547507872733097,0.1701206375724076,0.4985864009019105,0.0005515206252826,0.012417531655404,0.018389994454554,0.0445955168229186,0.0347197151720849,0.2308435743931004,0.0758932284677019,0.9246220011091896,0.8888908602124235,-0.2903852146606872,0.0971556416459827,19025.02
2022-10-21 12:00:00+00:00,0.4934951198967103,-0.0014383492483679,0.0082722120029476,0.0125591028525251,0.0163264278556096,0.0100151110886558,0.0914372352028795,0.0368715014220446,-0.6004660026561193,0.7286779641324673,-0.6298093831328829,0.1732596950322539,0.4983113487248228,0.000402735174763,0.0166989798661183,0.0229037288929758,0.0492451502780535,0.0347459564269621,0.1723221710751172,0.0766737755228166,0.8959451179779716,0.8988440076272901,-0.6338188134687334,0.0972629399331248,18935.1
2022-10-21 16:00:00+00:00,0.4998490556619989,-0.0014311391524119,-0.0056255051426428,-0.0010697810183001,0.0030722823867741,0.0106970317980236,0.477766692876393,0.0339369404440315,0.273339395636631,2.399587426694075,0.4380722891566267,0.1822719924774569,0.4991086629986752,0.0002417042205426,0.0034689729302586,0.0098128965059434,0.0358474101183878,0.0343163956493887,0.3401070041218309,0.0762091328605305,0.9676782729873604,1.043628981904257,-0.1208781850388358,0.0979086793182968,19174.18
2022-10-21 20:00:00+00:00,0.5006794143065324,-0.0006307442206088,-0.0065107251066292,-0.0028960243757832,0.0010657579040689,0.0111386012722029,0.5739544980595614,0.0289009881861296,-0.1706194949708679,1.215514635385461,0.2210391822827815,0.1821637613466276,0.4992333850460471,0.0002468523539053,0.001458560544562,0.0077805911040575,0.033691622775227,0.0342018660447133,0.3653206343333406,0.0761838330758583,0.9586849654835314,0.9860738853098452,0.245667651800106,0.0985519412101035,19209.64
2022-10-22 00:00:00+00:00,0.4998499613105684,-7.792552293902521e-07,-0.0036299233946238,-0.0008588571861045,0.0028929642455166,0.010887899671133,0.5460574542982076,0.023385564405458,-0.4684430387678523,0.3551618786901109,-0.3382209188660843,0.1809012920289279,0.4991197063480249,0.0002697163302874,0.0032801011443259,0.0095796886354491,0.0354547091386892,0.0342300424613836,0.3408189728994673,0.076421681583053,0.9634935177388928,0.9178540000673368,0.2109920741536831,0.0991267858737323,19172.57
2022-10-22 04:00:00+00:00,0.4995295374396651,0.0003365339633288,-0.0023413083632241,-0.0001028547335748,0.0035116027205508,0.0103749143921776,0.5358355676497769,0.0213109682811938,-0.2829489631874685,0.2768427893761409,-0.2092460690767335,0.1802104541089039,0.4990760404031309,0.0002754208907457,0.0038960140646686,0.0101890583106691,0.0360080688157136,0.0342188109668243,0.331932253134722,0.0766078049553922,1.0172765150774377,0.8750921168277257,0.1836546211714113,0.0996948275540774,19157.85
2022-10-22 08:00:00+00:00,0.4998689849599728,0.0005525669167677,-0.0025992736735446,-0.0007776104098224,0.0027075519967778,0.0098559257247722,0.5940612586613643,0.0195850916845422,-0.3711480804583494,0.1873377150193143,0.2884927066450453,0.1806819649025198,0.499119763209891,0.0002801871513013,0.0030888579221881,0.0093670449411176,0.0350940938105155,0.034159541644768,0.3416464861756156,0.0766915627472119,0.9647358992056352,0.8303578297724911,0.2445761687264934,0.1002561467608563,19170.29
2022-10-22 12:00:00+00:00,0.5001192736871019,0.0007344188887766,-0.0026149526863716,-0.0011998316804956,0.0021273039123752,0.0093290761041444,0.6434162888658769,0.0182581399395958,-0.2700028395917047,0.2533883187313832,0.2009038619556782,0.1801587906956081,0.4991515194073579,0.0002961584639609,0.0025034234720744,0.0087517540428712,0.0343850410451191,0.0341073128838821,0.3480191141339519,0.0767019417534807,0.9771163179336386,0.7510755127465575,0.4050577646426669,0.1008108230509965,19179.06
2022-10-22 16:00:00+00:00,0.5018420744546406,0.0010173209137363,-0.0051555830936499,-0.0043400686808736,-0.0013007841199291,0.0089886976318724,0.8459031402704454,0.0176729203480259,-0.1616700848518963,0.4804679531158676,0.6373775579477952,0.1756373914814017,0.4993717694533292,0.0003478803990494,-0.0009381593009893,0.0052089552252096,0.0306500854792663,0.0338085325006879,0.3921169500287585,0.0763834116067263,0.9724801577924962,0.4343361378270362,0.4250746268656543,0.1013565719968289,19244.51
2022-10-22 20:00:00+00:00,0.5003294795475134,0.0010591058994916,-0.0018937688549077,-0.0013603873678456,0.0015087389153951,0.0087722000493077,0.689277395624667,0.0174772093435641,-0.1752447442457832,0.4112088224967953,-0.4633553317124058,0.1713351490043279,0.4991919797570676,0.000379709145455,0.0018645696090655,0.0079786712945455,0.0334002525280148,0.0335996937724105,0.3546539002816003,0.0766306884677928,0.957510000062289,0.2875266145234686,-0.1461956521739152,0.1018884912104173,19189.11
2022-10-23 00:00:00+00:00,0.5009268921489067,0.0011246071992722,-0.0024967054968414,-0.0022927957900327,0.0003550725322438,0.0084326117208561,0.7478384395867821,0.017590512164944,-0.3719367973122884,0.2559223042996517,0.4150471425822731,0.1674522514403227,0.4992667099153505,0.0004241350923394,0.0006999243068284,0.0067352901957702,0.0320260155908687,0.0332555638032395,0.3689360072315424,0.0764795106435462,0.9292049274370268,0.2628059759112593,0.2527173913043515,0.1024141154407738,19210.62
2022-10-23 04:00:00+00:00,0.5006111166830093,0.0011003526881313,-0.0016127166527655,-0.001610733439884,0.0008575248951734,0.0080475774517554,0.7160312161120441,0.0176007455432802,-0.2241206467146277,0.2309812161794806,-0.1796274141172224,0.1644542962412928,0.4992338209446652,0.0004627099202922,0.0011933056296267,0.0071677281118245,0.0323727463883807,0.0329680133629399,0.3614727024291908,0.0764727516255983,0.9409534849948156,0.2493571660652437,0.3400353868425187,0.1029335191857037,19200.11
2022-10-23 08:00:00+00:00,0.4994352974187271,0.00099528142984,0.000461785276578,0.0003906814355465,0.0027298089530563,0.0077296093053862,0.6040881213745967,0.0176756067102722,-0.3122031264859508,0.2269592487288478,-0.4946079084010273,0.1621433818535177,0.4991095401430894,0.0004919947190781,0.0030589788384087,0.008993469403123,0.0341528592161082,0.0327173513317516,0.3360518351756471,0.0766004888774904,0.9251148979969184,0.2493456770436501,-0.0516255513804917,0.1034467760613696,19162.96
2022-10-23 12:00:00+00:00,0.4991482171831554,0.0008460562021542,0.0008838403935209,0.000830842450084,0.0030798717087143,0.0073888239508625,0.5627455758987795,0.0172221953923569,-0.2177460905922316,0.237278884316595,-0.1367088607594691,0.1612517995391756,0.4990824763432968,0.0005107727667304,0.0034038984736644,0.0093025684319512,0.0343841291186113,0.0324208491482285,0.3304466529081116,0.0766525513353419,0.9332705511990584,0.240402060162497,-0.1892988066453521,0.1039571595542772,19154.52
2022-10-23 16:00:00+00:00,0.5005588695715191,0.000733951856378,-0.0012458757129748,-0.0012995123758194,0.0008542758421468,0.0073101278583227,0.6798738424763231,0.0172459871924096,-0.050551256814803,0.4147206473561423,0.2694174757281439,0.1635465485662172,0.499229047806395,0.0005291762791968,0.0011721690482562,0.0070180326411775,0.0319566613570181,0.0320793381033253,0.3592544254802959,0.0765771836181439,0.9397899725807408,0.2164786508683451,-0.262034767104979,0.1045998728191074,19195.44
2022-10-23 20:00:00+00:00,0.5102174008789848,0.0013243842148498,-0.0150223632921474,-0.0161099882001571,-0.0145530694365022,0.0075409109950973,1.3986262278356705,0.0203227322703402,0.0637326332056663,1.3137241115807126,0.8630787495053456,0.1621058529267297,0.5002952917636876,0.0006722688059636,-0.0142716871276381,-0.0087463637838974,0.0156302031053263,0.0313967808754378,0.5680318825720376,0.0753827036184284,0.9379496116050968,0.2961294084812806,0.687092511013221,0.1047446415491731,19500.99
2022-10-24 00:00:00+00:00,0.511012650309989,0.0022986139309326,-0.0147707569835512,-0.0176126911729116,-0.0170556506327668,0.008042595448938,1.274449850737969,0.0266278173990587,0.9366848018350082,1.974518668831705,0.2435522151898729,0.1640188453043997,0.5005076403632425,0.0009512653760134,-0.0168324133762919,-0.0117455275182822,0.0122944729802363,0.0312570798438049,0.6107842992393947,0.0751206223063365,0.9586750365012592,0.4665309677480461,0.5626454925220843,0.1042025642327944,19563.5
2022-10-24 04:00:00+00:00,0.5047836018887293,0.0024747655753556,-0.0039393782859777,-0.0075409761076773,-0.0076308768525411,0.0085408838793743,0.8607360754533917,0.0298551450389816,0.0706806558669748,1.9579913172827268,-0.686351858297565,0.1654926962720362,0.4998906023420302,0.001161450727416,-0.0074471221681012,-0.002631418753023,0.0214085861199715,0.0315517391901008,0.4911172536573097,0.075749039062593,0.9245353268611564,0.6389727278810353,0.2974744092604988,0.1034417352186875,19386.68
2022-10-24 08:00:00+00:00,0.5026246405607627,0.0019809606142148,-0.0006043953321975,-0.0039634803909803,-0.0042729272571651,0.0087173101836001,0.7295286412574651,0.0298717663162578,-0.1529340427836587,1.764736323942853,-0.4583644232204155,0.1595775055431992,0.4996778746834683,0.0012542290304116,-0.0041078598509937,0.000560065564765,0.0245224404858275,0.031662490536167,0.450941834455251,0.0757223983496177,0.9165115391002006,0.7911816140608697,0.2583628304474007,0.10268991021452,19324.66
2022-10-24 12:00:00+00:00,0.5053214477141409,0.0017370306630725,-0.0050205172605451,-0.0083965984864524,-0.0090207268931162,0.0085997810627442,0.8671494815934481,0.0301483141113869,-0.4189339929691976,1.5487752041630038,0.6155402415122933,0.1551598655208977,0.5000207201779641,0.0013651856439097,-0.0088813813181486,-0.0044432132593681,0.0192238617814364,0.0315125985010597,0.521194002647608,0.0746123156848785,0.9001370470726716,0.9275683362903268,0.4237061130775877,0.1019469826625847,19422.33
2022-10-24 16:00:00+00:00,0.5019025088492343,0.0012616079094901,0.0002485237915883,-0.0027691728508882,-0.0035214473744928,0.0088048726010688,0.6685125152881276,0.0297923213989878,-0.4030300491698367,3.122323801715278,-0.3502040816326625,0.149327735092767,0.4996597603394626,0.0014408849807648,-0.0033965941049786,0.0009244523549456,0.0245705378117415,0.0316473008621132,0.4526985156468137,0.0739457574722411,0.8772489304190266,1.2421942503725767,0.2268584686774896,0.1012252989428364,19317.87
2022-10-24 20:00:00+00:00,0.502341579568654,0.0008998091803428,-0.0008356355581602,-0.0035381301109462,-0.0043925651205499,0.0089342199896823,0.6855142658015618,0.0279042899586955,-0.9295750493042072,0.964757978520408,0.1002525743151317,0.1405174982972837,0.4997308613078449,0.0015007901938093,-0.00428173888809,-9.789659548797848e-05,0.0233782955890018,0.0315711306194666,0.4701564503532314,0.0727776294255097,0.8535791901453256,1.220173344222552,-0.3056519721577761,0.1005307226577621,19337.26
2022-10-25 00:00:00+00:00,0.5020491492971666,0.0007266781362401,-0.0003027243399552,-0.0029144984404799,-0.0039490822572272,0.0089075113588611,0.6601072290204593,0.0244853187070962,-0.3076294737873716,1.100290862673473,-0.0498306360556948,0.1360876206025219,0.4997152532040774,0.0015842871509879,-0.0038564889672473,0.0001618772418667,0.0234815316870324,0.0315159048469727,0.4715829900429886,0.0706154314265789,0.9284843620219214,1.1421081426929052,-0.5215884021430826,0.0998443663165367,19332.45
2022-10-25 04:00:00+00:00,0.5022428534324789,0.0004284474954639,-0.0008962638821833,-0.0031846521546383,-0.0042708732459892,0.0087511358799479,0.6641434568879389,0.0241005580686578,-0.4510039543157564,1.002433777365385,0.0823973323973279,0.1294850527562992,0.4997476568398919,0.0016318722839972,-0.0041897216039407,-0.0002924636421262,0.0228740203264987,0.0313336281067904,0.4828279519546189,0.068735077978252,0.895277495320569,1.0487188378741978,-0.1539115646258503,0.0991661326404614,19340.84
2022-10-25 08:00:00+00:00,0.5011118699171697,0.0002550831362003,0.000931266589679,-0.0011724329396688,-0.002347092437407,0.0085460625600396,0.574462790122309,0.023938049272726,-0.3523603834858828,0.6527105452058483,-0.3322857142857087,0.123448935121966,0.4996261674593842,0.0016919680440194,-0.0022790115465938,0.0014911614798329,0.0245483548629481,0.0311984551811907,0.4612412234639174,0.0670098208486539,0.9160381148589588,0.9400092244350248,-0.0635714285714365,0.0984959255020802,19306.28
2022-10-25 12:00:00+00:00,0.5008057975126018,-1.941000136681432e-05,0.0010467626007717,-0.00067689804331,-0.0018243469278109,0.0083201236960688,0.5414514136753504,0.0232940628342469,0.2148168703667679,0.7650978276649358,-0.0927414788811977,0.1157253454041172,0.4995971362439075,0.0017175036072856,-0.0017630750943318,0.0019192940877381,0.0248549225554275,0.0310238377253784,0.4586458010878357,0.065504010950072,1.0101362963445824,0.8600370151816981,-0.4200680272108844,0.0978336499115547,19297.33
2022-10-25 16:00:00+00:00,0.5139281129617703,0.0004876660040119,-0.020782347105212,-0.0231863846282227,-0.0247468116013869,0.0084407262716262,1.4737159478365605,0.0241529078983465,3.043951128080746,3.071860400642204,0.830521279274746,0.1166221809133919,0.5012468920557777,0.0018278448492714,-0.0247187240319211,-0.0213906565988032,0.0007999728942866,0.0301492650528572,0.8314999724134708,0.0631148556716038,1.2166958234397725,0.844995726316118,0.7416359369762003,0.0970249583536179,19759.08
2022-10-25 20:00:00+00:00,0.5235688106923644,0.0029701187422161,-0.0382389236952777,-0.0444338681823436,-0.0479250362483978,0.0102144613416531,1.59872038809166,0.0418942933999955,2.899877115728632,5.129128970017131,0.7406567541190651,0.1392816753769135,0.5030067369720871,0.0023617778646136,-0.0480146215744875,-0.0456585924791386,-0.024514373661713,0.0295945753717211,1.2485652051832914,0.0612206857923795,1.2146406096078306,1.4449208704111636,0.7922245195403855,0.0973063631955235,20273.99
2022-10-26 00:00:00+00:00,0.5171399927806064,0.0043811673669098,-0.0244892775248637,-0.033475605418619,-0.0387573582865112,0.0112372460149742,1.1772140631671724,0.0534270721424833,-5.293551425895823,2.1459698141186307,-0.5268185399159607,0.1643114960893399,0.5023984426276465,0.0029337462778418,-0.038959399549333,-0.0374555727321133,-0.016631099983642,0.030171690484508,1.1190312687586663,0.0617444492260405,0.8088720415285479,1.6703935062117736,0.6628902145544514,0.0980891287157985,20113.74
2022-10-26 04:00:00+00:00,0.5188186362068873,0.0052544609431298,-0.025910644332617,-0.0370990769755109,-0.0440564095212674,0.0113631860908882,1.1508491308410338,0.0624904683521696,-4.012586828164086,1.1922029232647164,0.5697141525555262,0.1864821536147842,0.5028711553648211,0.0034738080153898,-0.0443705100093094,-0.0437783142467088,-0.0236156246175744,0.0302880887451673,1.2452190679192163,0.0607016992483448,0.8532808166422969,1.7653961757998982,0.7789546825746534,0.0988626306191584,20260.43
2022-10-26 08:00:00+00:00,0.5196518221291412,0.0056088837031702,-0.0257291005677904,-0.0385136442023295,-0.0470053127497718,0.0112134949183841,1.111702105775937,0.0699232054379669,-3.668016985558595,0.9872472560592964,0.3888011995896209,0.2076668335133389,0.5031795334949852,0.0039989883141871,-0.0474277872169507,-0.0477306710481372,-0.028183173301706,0.030471118494672,1.3293359729731982,0.0601313192596652,0.7741677821958284,1.8686917802441207,0.8924685625190648,0.0996269785356214,20358.74
2022-10-26 12:00:00+00:00,0.5224876723236107,0.0067176716393168,-0.0298972272049792,-0.0454466738973159,-0.0560880368335382,0.0121478386940918,1.1163290055658206,0.082386961624249,-3.3859605574104257,1.6012125701828472,0.4961008760499575,0.2342036197100004,0.5039616727191656,0.004699926452024,-0.0566565304506249,-0.0581610972534246,-0.039511990564279,0.0306038774630107,1.4871431073568009,0.0618184432966804,0.761701196115387,2.084297264369832,0.8555159956018649,0.1009892463931819,20604.52
2022-10-26 16:00:00+00:00,0.524718409849321,0.0072898643027798,-0.0356991509586135,-0.0533749313621711,-0.0660120118823297,0.0128495418515184,1.1431734646326228,0.0925031744086437,-2.4487726156557863,2.589804404392387,0.3990146334289301,0.2572694423215361,0.5047883000224462,0.0053797373572735,-0.0667229009875068,-0.069425471468028,-0.0517019554490805,0.0306683142699598,1.6397685897611594,0.064039459332067,0.7991840339461418,2.270327339879009,0.8606903880063744,0.1026117192308859,20875.7
2022-10-26 20:00:00+00:00,0.5203302724016129,0.0074799684967206,-0.0253135690319177,-0.0448127292146869,-0.0595286422238737,0.0136626939090048,1.004646292079766,0.1021140708500553,-1.862922129521381,1.2419665713020789,-0.2573232963996649,0.2782690709598123,0.5043885488730401,0.0061410135560351,-0.0603921679840155,-0.0643475588211419,-0.0472569494959744,0.0310682107210686,1.5114102796778168,0.0678894344809301,0.8839451906364701,1.8431722869456304,0.4899407376153142,0.104452419208242,20785.15
2022-10-27 00:00:00+00:00,0.5181128706037295,0.007124916567832,-0.0191461406335577,-0.0396267395746094,-0.056087713031786,0.0135300147042275,0.928853312702786,0.108505344936522,-2.4124889997761474,0.7794896817122007,-0.1088441784855967,0.2971250114680194,0.5042363220101573,0.0068249652180903,-0.0570900620494061,-0.0622289229463746,-0.0458158612425616,0.0313174549407381,1.4389309170747724,0.0716086005886417,0.7035191125951575,1.677859455324897,0.668921154959872,0.1062713354725903,20760.56
2022-10-27 04:00:00+00:00,0.5170151799526633,0.0062959050395038,-0.0155504911539785,-0.0362045550869789,-0.0540473456918914,0.0133296224591268,0.8812642516720227,0.1135470219268887,-1.8244061459938317,0.5659314534061455,0.027847696671851,0.3137216606799803,0.5041977236479172,0.0074218337722007,-0.0551721378154488,-0.0613998628510883,-0.0456622269923316,0.0314582702177775,1.3968622148214027,0.0747958656770477,0.8905925445751399,1.6106457187480685,0.5683924197790035,0.1080687258226803,20763.8
2022-10-27 08:00:00+00:00,0.5148865720899248,0.0054124966731936,-0.0096049486443571,-0.0302072506352613,-0.0493145758312882,0.013256406138481,0.8163979526151817,0.1191131611191007,-2.083639594450985,0.4837970229175498,-0.2933645589383464,0.3261062501103085,0.5039613727451934,0.0080041670854112,-0.0505583677595781,-0.057862805169116,-0.0427556257454565,0.0316487622609203,1.3192748402038348,0.078367563639737,0.6970610837068024,1.551126757873595,0.4789377289377267,0.1098448450063493,20707.46
2022-10-27 12:00:00+00:00,0.5119493599104681,0.0039002726709049,-0.003527222149235,-0.0229665465705423,-0.0427852535729522,0.0133125932608511,0.7477071040105331,0.1213121621518663,-2.0713140052436803,0.7726780584760385,-0.339530105709643,0.3311612377401385,0.503566877760866,0.0084478037435308,-0.0441202604727486,-0.0523148620565948,-0.0377284971750447,0.0318236423622699,1.230688610432694,0.0811305924166976,0.629067398151708,1.4313468950606607,0.0006912272961264,0.1115999447566289,20604.86
2022-10-27 16:00:00+00:00,0.5100481582584595,0.0025835748633721,-0.0014266700609021,-0.0196238807778276,-0.0399347759171222,0.0135285375709029,0.713374872673251,0.1206294895870484,-2.5926176374507546,1.6666499272074824,-0.0668529293162022,0.3309441262775821,0.5034040794964794,0.0088181265341783,-0.0413482155142633,-0.0503579644025782,-0.0363390637238822,0.0318371592939657,1.1881494013665177,0.0839779120675281,0.4988291473649284,1.2999369500471103,-0.523860133914333,0.1132998132922645,20580.68
2022-10-27 20:00:00+00:00,0.5104664144888836,0.0013611250500215,-0.0036472402842906,-0.020403493566368,-0.0409214675077858,0.0134023413501967,0.7143658287957917,0.1184165264613288,-2.311516616100222,0.8557064657075139,0.2860240071915623,0.3304170992913722,0.5035518856880014,0.0090915455298772,-0.0423958532377769,-0.0521074083758255,-0.0386839526690808,0.0316530185279817,1.1927974158693722,0.086402469565529,0.5123312353547266,1.2320965432602875,-0.3077902293453554,0.1149481806175736,20636.17
2022-10-28 00:00:00+00:00,0.5035947380563549,-0.0005267590802967,0.0114221991497993,-0.0029385181055748,-0.0233378737169561,0.0141824893535896,0.5525957984296131,0.1152850721925394,-1.992725744941327,1.099954819374876,-0.7932786067395365,0.3191023115792923,0.5023406401971651,0.0093379851020459,-0.0248618714453531,-0.0351857655599372,-0.0219776090338279,0.0322031884596853,0.9844265021063172,0.0895007472079103,0.5346876121716823,1.3212763535347705,-0.6884895039287023,0.1160150455014294,20287.17
2022-10-28 04:00:00+00:00,0.5034254168958827,-0.0021317983220386,0.0089104671836717,-0.0028252807087086,-0.0225373968271468,0.0140153519406227,0.5348315864735751,0.1086750059345864,-1.579683727452344,0.6354876961036479,0.0109890109890174,0.3052377030127063,0.5023198902668095,0.0093486333640919,-0.024070341956616,-0.0347284683530403,-0.0219230580898108,0.0322359865876272,0.9753133393795236,0.0907851842054977,0.6553310585879422,1.3414068956362857,-0.66187190745,0.1168432073705467,20288.97
2022-10-28 08:00:00+00:00,0.4998469505159038,-0.0033121432137001,0.016181924287802,0.006606492015216,-0.0125582013982979,0.0136815885567519,0.4238520654901804,0.1023914411854663,-1.7268682389824137,0.4741371789409504,-0.7571417075722203,0.2915323487842777,0.5016741067273572,0.0094157893915781,-0.014108716110445,-0.0251593586506529,-0.0126219543415107,0.0325541608339416,0.864679275532463,0.0928764453079105,0.4866458091250098,1.3411798182447396,-0.8459586453061172,0.1176314704151547,20100.59
2022-10-28 12:00:00+00:00,0.5010797817805974,-0.0042528020885128,0.0101521298936648,0.0028072864857429,-0.0153986605888747,0.0135678029733418,0.4310058660819791,0.092666499086742,-2.232361617770461,0.7003460276528829,0.3389429763560347,0.2722086145309035,0.50189020377715,0.0092957286857567,-0.0169340875740166,-0.0281407040529975,-0.015993368719111,0.0324920143833915,0.8955239165364539,0.0935415081598663,0.2426402532026139,1.3315846667327906,-0.5788134458283116,0.118090876285194,20171.69
2022-10-28 16:00:00+00:00,0.5062939940268959,-0.003935711637174,-0.0051699044485651,-0.01184522920673,-0.0294750336474681,0.0140207619103723,0.5801265053797332,0.0803995815607071,-1.3115348931188804,1.5790763168576498,0.5308128224646876,0.2587516964248116,0.5028786564831057,0.0092061498916815,-0.0310052117034209,-0.0424262736274485,-0.0308917570134745,0.0320313684898358,1.0484415108662892,0.0936946949737289,0.4526978178594633,1.3321902403833108,-0.1405686183215003,0.1184538957393429,20485.47
2022-10-28 20:00:00+00:00,0.5080498932364462,-0.0028810749346462,-0.0093428684101035,-0.0167058620285575,-0.0345114547258174,0.0143958859620887,0.6506107617945077,0.0650987224234158,-0.5103120255514193,0.7220363810476262,0.4464761403624117,0.2524529452753624,0.5032817614388304,0.0093502384320179,-0.0360802392206019,-0.0480303472120542,-0.0370983317357401,0.0318686413556282,1.0997308509731187,0.0954538410082735,0.620012178670208,1.3059539815676109,-0.0186467838270957,0.1189160779004321,20622.91
2022-10-29 00:00:00+00:00,0.5071527431824605,-0.0022415070698655,-0.0060387062261098,-0.0137803023492099,-0.0317896354556307,0.0140957213449661,0.6130105364599444,0.0494287955001435,-0.7199170878713078,0.3408747756954803,-0.1691154949365027,0.2471215215448802,0.5031579418088439,0.0095338272411669,-0.0334028596409695,-0.0459321439281844,-0.0354981599882927,0.0319696024971245,1.0664348600876294,0.0978509036856227,0.4823611967789794,1.1192980578080327,0.4065872942298247,0.1193937555274204,20594.01
2022-10-29 04:00:00+00:00,0.5098734002527404,-0.0016542397034369,-0.0122796024389566,-0.0203340471964079,-0.0383937126522583,0.013577264356634,0.7712998322713701,0.0456766397971334,-0.6244511514641992,0.3656284062266189,0.6318975381094768,0.2435077106286598,0.5036934686353162,0.0096243499377691,-0.0400358814782013,-0.0530246975027099,-0.0431933807241569,0.0317716561483038,1.1310984786532556,0.0993540554055563,0.5274437229914987,1.0470524997643875,0.5725908211457351,0.1199030491532711,20765.24
2022-10-29 08:00:00+00:00,0.5095041577073847,-0.0012456753475363,-0.0104609728354819,-0.0187846951989139,-0.0370270281114804,0.0133464758181236,0.7568395138784814,0.0428179466244546,-0.661082582850574,0.2761363683572885,0.0024365221851589,0.243510358318408,0.503666158274703,0.009785080663281,-0.0387101262335701,-0.0522557272024212,-0.0429444548108374,0.0318693175561311,1.1116898095155137,0.1016806746087854,0.4702824150733593,0.9871923313218424,0.8016055183685199,0.1205236644552111,20765.62
2022-10-29 12:00:00+00:00,0.5072316814534404,-0.0005508791838822,-0.0041844105042579,-0.013354819161657,-0.0321308577976384,0.0136644484639321,0.643145851395095,0.0421630815676267,-0.8172453065070399,0.7817995506862535,-0.1654035304459362,0.2490405956618611,0.5033691751729128,0.0100561594501032,-0.0338762520286597,-0.0481419737401288,-0.0393772962716207,0.0321788668183024,1.0572471187457964,0.1048740972495033,0.4122762314767361,0.975259994100544,0.4848240740740746,0.1214869925083472,20695.29
2022-10-29 16:00:00+00:00,0.5107253746486639,-0.0003346761949224,-0.0131850793880367,-0.0224495055675527,-0.0412389524846003,0.0137823974630973,0.8878130653438101,0.040011412113899,-0.2250804208938537,0.709418037189873,0.8550865882000149,0.2534281387632467,0.5040693416366853,0.0101111470309761,-0.0430076302624308,-0.0576905667381336,-0.0495583964362984,0.03188899732834,1.1419736086990635,0.1062214448353326,0.5950446680606316,0.723289042589463,0.6935991605456433,0.1225633218392288,20923.41
2022-10-29 20:00:00+00:00,0.5085818144653412,-0.0001161666396624,-0.0074933237335337,-0.0170657917490085,-0.0362015962680001,0.0137116291993717,0.7719565887500548,0.041426053576426,-0.3284727152380481,0.8231000750869987,-0.3355519551604858,0.2584745970642827,0.5037612507300244,0.0103267612253699,-0.038022204341452,-0.0533589041621495,-0.0457527287914283,0.031932447499816,1.0877800375449975,0.1092531650521495,0.5656607803449234,0.69874816037519,0.4315343099460249,0.1236269133803923,20846.78
2022-10-30 00:00:00+00:00,0.5078820976118732,-0.0002189166449736,-0.0054565602149747,-0.0148648448992383,-0.0340959645737236,0.0134358828994332,0.7443484167199429,0.0417411643172907,-0.1787608777884804,0.681237992125557,-0.0788899599208723,0.2618918441520116,0.5036756254184953,0.0104553292836752,-0.0359522956809427,-0.0518239084176405,-0.04474038045479,0.0318728962453171,1.0635162403552711,0.1117298170731138,0.6136752524897703,0.736451952099535,0.4571125674633735,0.1246779178768581,20831.19
2022-10-30 04:00:00+00:00,0.5066993471409377,-0.0005701863903945,-0.0026403315134523,-0.0114879371863673,-0.0306243922814953,0.0130974047271886,0.6898449816673046,0.0416997270828774,-0.2114466823286283,0.3460035766084951,-0.3355532431494866,0.2625862320141027,0.5034892382794935,0.0105329261760341,-0.0325063648692686,-0.0488459440854354,-0.0422389027418151,0.0318362466886051,1.0281380909358078,0.11409981385699,0.6078015487336612,0.7093174040090013,0.0388680079593149,0.1257164842896586,20782.82
2022-10-30 08:00:00+00:00,0.5077818855013472,-0.0006697117509441,-0.0052982058518294,-0.013830689519696,-0.0328463743705399,0.0125669303845248,0.7717106628283245,0.0419157179950413,-0.3135230477946688,0.5965299520280788,0.3980705361379227,0.2647538551716683,0.5037077280616021,0.010562902328443,-0.0347460652592093,-0.0514787797219321,-0.0454002326501766,0.0315932379753168,1.044424579728633,0.1158877218024796,0.5240517782753422,0.7473043042609604,0.2212587013850967,0.1267427598169514,20858.04
2022-10-30 12:00:00+00:00,0.5056829637421759,-0.0011119524503012,-0.0010486060433972,-0.0088177631079926,-0.02760363132587,0.0125847937504263,0.6699786574837128,0.0420980034053018,-0.2988865578673121,0.593082046831111,-0.3541839107642619,0.2653121996088,0.503373301249515,0.0105978132371441,-0.0295208008854966,-0.0466692488045107,-0.0410269413510852,0.0315800534511955,0.9947704097204546,0.1181998041431488,0.5068703508710102,0.6830336296255607,0.203995443305266,0.1277248709410547,20768.71
2022-10-30 16:00:00+00:00,0.5035097311063516,-0.0015658750458215,0.003255919466008,-0.003636304080245,-0.0220772574007548,0.012371533526219,0.5641322610827773,0.0418566595839776,-0.6371886027164795,0.5541488087464268,-0.594343736373267,0.2632722557927694,0.5030179468441295,0.0105920750741043,-0.0240041649224571,-0.0415131934077633,-0.0362826320832883,0.0315620582985061,0.9444851585384256,0.1204047751684461,0.3456837872969985,0.6283392104076057,-0.6796756756756746,0.1286407574303543,20671.93
2022-10-30 20:00:00+00:00,0.5031047620736824,-0.0020367513438923,0.0030684041153343,-0.0027836246563867,-0.0206673176185719,0.0121122564965535,0.5486587165688809,0.0418428769046778,-0.6423008928993306,0.5047732280422211,-0.0812159709618805,0.2580594306430485,0.502951473165939,0.0104925653499858,-0.0225864091602611,-0.0403116004098417,-0.035485021489763,0.0314345344796329,0.929980993977107,0.1218472039611378,0.3265378930389268,0.5464387830384264,-0.4811114258491558,0.1293588209161005,20659.91
2022-10-31 00:00:00+00:00,0.5024591133479168,-0.002410703771498,0.0034752782921669,-0.0014066144303691,-0.0187057640868741,0.0119016873564923,0.5190370120550561,0.0418966983475558,-0.4221417656048339,0.556992546022818,-0.1089424328083571,0.2510312381672714,0.5028428951955806,0.0103756202083892,-0.0206137497507268,-0.0385287923972584,-0.0340879912408403,0.0313290788486974,0.9110990632700472,0.1232347057750103,0.3892374536631513,0.5034710450406682,-0.472378017957292,0.129985502667018,20634.95
2022-10-31 04:00:00+00:00,0.5002447284667669,-0.0030187679133291,0.0069813569483501,0.0034700027544281,-0.0130445675435963,0.0118953200790386,0.3994249837940511,0.0423205958156134,-0.6090887505440218,0.846794379432722,-0.4282228710851583,0.2389957963941069,0.5024569284248385,0.0102114880278562,-0.0149318035237268,-0.0329787743061956,-0.0288507638279892,0.0313877576803421,0.8619543909101031,0.1245957202069112,0.3266002100519291,0.5639189593217254,-0.500953691869037,0.1304125340767813,20527.77
2022-10-31 08:00:00+00:00,0.500569222159445,-0.0033114625663602,0.0048237621071522,0.0023803052933362,-0.0133022184304101,0.0116121581404611,0.4043229981724056,0.0407668403501078,-0.872507872916369,0.4111385553881562,0.1172328687572709,0.2263625431148792,0.5024926869345466,0.0099829081122239,-0.0151569926208487,-0.0332165315771417,-0.0294206151443325,0.0312799214805389,0.8614451258553356,0.1251869507686261,0.1953290118982126,0.5222576312864883,-0.6848244793140159,0.1307056222494838,20543.9
2022-10-31 12:00:00+00:00,0.5042773058150365,-0.0029323316835227,-0.0041878681593527,-0.00644469327102,-0.021512702465132,0.0116151231524111,0.6136319038981797,0.0376590558562946,-0.8801722837576096,0.815781822788494,0.48895114415877,0.2201826445795094,0.5030849527085495,0.0097513298703275,-0.0233354769401387,-0.0413600862787751,-0.037967091885338,0.0308594284567077,0.9259315911443142,0.1250293980818054,0.2056218142386247,0.5301958486079194,-0.0886502162799833,0.1310412104140834,20731.27
2022-10-31 16:00:00+00:00,0.4971007597664818,-0.0032318954559137,0.0116679084001318,0.0103167913245723,-0.0041987540426656,0.0125313861489362,0.1167805528445634,0.0353368488078951,-1.1405142967262112,2.2518162943632,-0.6705694620679072,0.2124524926640794,0.5018637906849726,0.0096762747785309,-0.0060179264878085,-0.0243379919183541,-0.0211977518606714,0.0313088252658138,0.7843638990433067,0.1278619495304916,0.1110019642639723,0.7360021816951928,-0.4868482386628464,0.1311602782722951,20380.0
2022-10-31 20:00:00+00:00,0.4972359759352561,-0.0036349998717048,0.0096977073451753,0.0096153651260901,-0.0038567444673416,0.012892765405153,0.0324147719972635,0.0304345744682835,-0.6799891001180008,1.260981319171798,-0.0084897879978653,0.2001429630776073,0.5018291090387411,0.0093529020382824,-0.0056251059631208,-0.0238057495771156,-0.020917511404956,0.031291333341223,0.7783906257245138,0.1281954727016716,0.1923990744365472,0.8270281732518402,-0.4694346407404931,0.1309846720142707,20377.25
2022-11-01 00:00:00+00:00,0.4992225396334541,-0.0036055158313927,0.0036635791103623,0.0043027787229859,-0.0082401335374494,0.0124326741093798,0.1667054150944617,0.028877092098279,-0.4378832354771255,0.8177299520325708,0.5865737123625241,0.1881760094524053,0.5021306109183175,0.0090167539889597,-0.0099555885134575,-0.0279422923155822,-0.0253288998655235,0.0311239466103364,0.8098133719367354,0.1278704177080785,0.2800221866500531,0.8499563199374739,-0.26976093760405,0.1308111439636531,20472.79
2022-11-01 04:00:00+00:00,0.4993235368620311,-0.0032519340452329,0.0029575113150601,0.00378619512389,-0.0081087684869478,0.0120680195225004,0.1950223830716561,0.0296637323148664,-0.8299719033231054,0.8554831038854092,0.0341990753331684,0.1763451402340765,0.5021301173986772,0.0087699043909118,-0.0097886991680206,-0.0277200849590454,-0.0253909077106802,0.0310952147094596,0.8061852353197984,0.1282489990205175,0.0855415980688845,0.8329953925456107,-0.0831391090097866,0.1306396695259547,20477.81
2022-11-01 08:00:00+00:00,0.5016818075615618,-0.0026859134966031,-0.0024749102252696,-0.0018328915234503,-0.0131999368436006,0.0117120894919042,0.3924500054492921,0.0298901554775696,-0.4489900521743984,0.7903353586127201,0.5855008014892182,0.1678565001371334,0.5024984284110257,0.008517242540066,-0.014843476972108,-0.0326718207428711,-0.0306560770689796,0.0309003482470246,0.8440399737682401,0.1280797020689389,0.253526205264249,0.872987200692525,0.0809249517213833,0.1304702243977499,20593.13
2022-11-01 12:00:00+00:00,0.5003918431245706,-0.0021643409270128,0.000670542388006,0.0010300680489248,-0.0099975717856316,0.0115096700861856,0.3082976841942047,0.0300166570549096,-0.6022625451466078,0.8422791656599447,-0.273431410756047,0.1618213597437632,0.5022830434598109,0.008355816020419,-0.0116224358130908,-0.0295177748654638,-0.0278051573626697,0.0309542897788904,0.8166872563780498,0.1290500292739539,0.149105277777179,0.869546500841466,-0.3687084246549058,0.1303027845632318,20537.01
2022-11-01 16:00:00+00:00,0.4985990606487162,-0.0021912168195845,0.0041678485329152,0.0049625612677701,-0.0054441000618348,0.0116220403826207,0.1939586740249432,0.031190347362837,-0.4191892939938473,2.18364913540196,-0.3550518188199379,0.1537073765560686,0.5019568999921507,0.0081189361477059,-0.0070354106535877,-0.024894745301794,-0.0234247291770538,0.0309823404292825,0.7783315465525003,0.1298802035940261,0.1579923132283107,0.8400905652997614,0.1887923284387155,0.1301373262908071,20448.3
2022-11-01 20:00:00+00:00,0.4985328122253885,-0.0021874892025462,0.0036409997142385,0.0048529945883699,-0.0048745661901938,0.0114493820381833,0.2088697873934438,0.0306049432887388,-0.3676865485836253,1.275059893599105,-0.0535550701148769,0.1460496846627306,0.5019120948557229,0.0078347697790157,-0.0064230845164888,-0.0241452985605068,-0.0229078858529184,0.0308383473451071,0.770877288239109,0.1301370565473133,0.1367676043445158,0.8330448847260614,0.1797228700781996,0.1299738261297344,20440.69
2022-11-02 00:00:00+00:00,0.4994016447907123,-0.002000758509154,0.0012724365303387,0.0026252943231515,-0.0065192280681483,0.0109601865041883,0.2941268799993249,0.0300367272765356,0.0631745658806562,0.7100277309818962,0.5032425421530715,0.1388680164410768,0.5020301898171692,0.0075566803408284,-0.0080261258939462,-0.0255946103709702,-0.024598703871434,0.030626262079249,0.7807647517015974,0.1301794292537136,0.2740361135133718,0.8194063298883202,0.0184113047057285,0.1298122609067991,20479.49
2022-11-02 04:00:00+00:00,0.5002212604755314,-0.0016679693614154,-0.0005497477419275,0.0006825349103452,-0.0080136969097401,0.0106126843351108,0.3750572173823105,0.0278775084843878,-0.3430655763565735,0.8334692436757827,0.2418738690436263,0.1312579750104165,0.5021401206900887,0.0073098942066301,-0.0094850925418442,-0.0269349833946721,-0.0261906804023162,0.0304193439416784,0.7897894472563491,0.130184162626972,0.0800656465350589,0.8208978988299727,0.1006173686376682,0.1296526077230293,20516.57
2022-11-02 08:00:00+00:00,0.4980587467136147,-0.0014957921635683,0.0039377489176162,0.0052043494792457,-0.0030648408343167,0.0103413879281638,0.2172194733978278,0.0261374719666298,-0.5622555054231307,0.8211115601580429,-0.4775655048368984,0.1240366712840957,0.5017940442905288,0.007096632313446,-0.0045075201271277,-0.0219253402756346,-0.0214134980438509,0.0304129746179113,0.7489792941112694,0.1308890214947854,-0.0354975627393722,0.8286461001150263,-0.4755384826450743,0.1294948439504502,20419.83
2022-11-02 12:00:00+00:00,0.4983889333671274,-0.0014535487377948,0.0028052828172611,0.0042827950177775,-0.0034381449445425,0.0102863547634711,0.2590707156996285,0.0251000646875117,-0.7183625892732135,1.33214289217734,0.0506777260772829,0.1218344988992543,0.5018151070911436,0.0068186128600281,-0.0048390753119664,-0.0220860083063718,-0.0217860430548241,0.0302232180424149,0.7489640614882485,0.1304197082560254,-0.0915099319727676,0.8934417171685872,-0.4276807465213293,0.1293389472288774,20430.71
2022-11-02 16:00:00+00:00,0.4978433894686831,-0.001452475883057,0.0034768487233569,0.0052227888592126,-0.0019378532281564,0.0100682430407968,0.214372053095442,0.022593744667248,-1.2229652033738525,1.9476799563426503,-0.2881290447213569,0.1201468435144699,0.5017007243259628,0.006540188438944,-0.0032969780131181,-0.0203773527523232,-0.0202720171991318,0.030040482364879,0.7349666382849128,0.1291209637175637,-0.2013455525923691,0.8820482344560158,-0.2093686354378904,0.1291848954627473,20402.03
2022-11-02 20:00:00+00:00,0.494293252092831,-0.0012190611179717,0.0126549137897882,0.0143053158395038,0.0074727110471819,0.010875978742302,-0.2014461459983951,0.0214503660898593,-1.5606701760514226,5.648633829754814,-0.2588592316711492,0.1144454034438667,0.5010159624253356,0.0063550188561836,0.0061363787234436,-0.0109636824775244,-0.0110740516279098,0.0302208255630997,0.6599697047599756,0.130439707307657,-0.249161798822196,1.5552494580119671,-0.3106559073039505,0.1289885024703975,20215.48
2022-11-03 00:00:00+00:00,0.4934485292233475,-0.0021372934637951,0.012777370481136,0.016049007329379,0.0103867414702463,0.0122540123126033,-0.1732068540511575,0.0252779409754556,1.964530252106406,1.4636229548559043,-0.3016317859241499,0.1095693245920111,0.5007796153355453,0.005904571696362,0.0091261670939424,-0.0075609228887885,-0.0077390291187815,0.0303955250805366,0.6323014512660674,0.1308364864412002,0.0705903846270682,1.726577656642372,-0.4452493058070716,0.1286224119138455,20148.56
2022-11-03 04:00:00+00:00,0.496991036648699,-0.0021373155008729,0.0033308687967161,0.0070286056035087,0.0021625659082482,0.0120638384430959,0.1926746069241849,0.0258598357420044,2.907892784557644,0.97304209413371,0.7440416400328682,0.1042889020319514,0.5013166308520617,0.0054948591142784,0.0009709226443472,-0.0152509802548663,-0.0155452914744477,0.0302312325586052,0.6914082792851544,0.1299865519337847,0.2293722960831568,1.803433174376856,-0.2789247052195259,0.1282380410824986,20310.14
2022-11-03 08:00:00+00:00,0.4969761262929971,-0.0017932919184561,0.003185269916502,0.0067674979920415,0.0023843078922121,0.0117411950568531,0.2038761231980434,0.0251681021489487,2.0981559140352646,0.6642459179215214,-0.0533735260218139,0.1011031742964839,0.5012883043975672,0.0052013943477018,0.0012379782335754,-0.014740725554646,-0.01518456302607,0.0303154804587818,0.6872141354199681,0.1303643275295513,-0.2021935493226621,1.8307133956249864,-0.1551638563590729,0.1278582190771319,20305.02
2022-11-03 12:00:00+00:00,0.493333603713347,-0.0017490635943265,0.0110829238340768,0.0149390928476993,0.0111426221295016,0.0115061171357517,-0.0973032031389145,0.0264024395609632,0.8385042465170038,0.907560452737276,-0.6193132299111116,0.0963654585381319,0.5006653748644052,0.0049092410308676,0.0100404063916907,-0.0057621371811206,-0.006325342948219,0.0306621374281143,0.6173430199622896,0.1317509691968399,-0.7754069928090486,1.8401929025294212,-0.4053721142766346,0.1274813695392345,20125.8
2022-11-03 16:00:00+00:00,0.496375956457586,-0.0018107143543821,0.0036132751227904,0.007904664401142,0.0048692681537938,0.0116634425095503,0.1829374785272883,0.0281862395024453,1.2377609909928005,1.594049537315292,0.3902255884561337,0.0957121557615097,0.5010590058441452,0.0045052142714374,0.0038354055412934,-0.0114894929647199,-0.0121279171420121,0.0305701065090227,0.6603673874337596,0.1310512618751898,-0.6745440962786826,1.8959138187357163,-0.2041708711738981,0.1270407328774188,20245.32
2022-11-03 20:00:00+00:00,0.4968316199719981,-0.001573154623452,0.0023077464149405,0.0065786016644699,0.0040611677689759,0.0115791119112504,0.2260942895704544,0.0267875926916175,2.16112384818341,0.8311849452464615,0.085562266321527,0.093871715915062,0.5010927034422625,0.0041841273550121,0.0030787724015142,-0.011920930214041,-0.0126612870970153,0.0305778838267805,0.6622588896481192,0.1308232990918025,-0.4270103792818263,1.2245948001511422,0.1188684503901836,0.1265946462067739,20257.94
2022-11-04 00:00:00+00:00,0.4958686618627477,-0.0014205038576127,0.004110860043291,0.0084459705648165,0.0064500655825425,0.0112136906038564,0.1497746746917516,0.0263473927444467,1.850939897531532,0.5193426814453116,-0.4673874824191362,0.0929461529042527,0.5009057621234198,0.003870440247512,0.0055173798678418,-0.0091860211784469,-0.0100168258970066,0.0305048541968133,0.6394638958875039,0.1308036475522803,-0.5191708761099986,1.073590804241448,0.1620401337792629,0.1261538387365037,20205.32
2022-11-04 04:00:00+00:00,0.4983265000998396,-0.0009919580426622,-0.0011533557027675,0.0027851531600058,0.0011117032972254,0.0109003824320234,0.3616377643665361,0.0266118919455613,2.0484610691537517,0.575375631534758,0.7157466982729307,0.0909575317384058,0.5012593090721098,0.0035838031006199,0.0002249318632829,-0.0141376225889077,-0.0150766615244991,0.0301960488359627,0.6763946456620404,0.1298428571798315,-0.4087131722519243,1.011612801364341,-8.361204014067415e-05,0.1257182479900569,20311.01
2022-11-04 08:00:00+00:00,0.5047710657547411,6.057741235124578e-05,-0.0135922428967826,-0.0110935662700651,-0.0129529330608956,0.0108687515818984,0.8935229984574536,0.0269348785764641,2.3835605438999683,0.8580558929898718,0.7754528009253219,0.0911978117992053,0.5022525612498786,0.0034137459215148,-0.0138148175556178,-0.0279076397835674,-0.0290256495474704,0.029699288380278,0.784296475808082,0.1279263518050468,-0.1992368212262363,1.0592105541372427,0.4630465724911607,0.1256352264761615,20606.0
2022-11-04 12:00:00+00:00,0.5034293812041075,0.0011358462324058,-0.0086252285207593,-0.00780909651164,-0.0101670700912884,0.0109311114018508,0.7864820708036298,0.0281318648272187,1.5199659228127038,0.648528221256419,-0.3992445393332193,0.0961246143343083,0.5020682211735814,0.00339187395593,-0.0110361965910573,-0.0252220499470843,-0.0265887557978526,0.0297917725441521,0.7615797795150606,0.1282422910986156,-0.4191806018707664,1.01793415788559,0.6622231745205759,0.1259164848118241,20558.48
2022-11-04 16:00:00+00:00,0.5085651037553159,0.0027993713367473,-0.0185208946352901,-0.0204952576903432,-0.0239463297827808,0.0122170479229172,1.1249064695572537,0.0353495818646384,1.2750907330121952,3.1531647620483705,0.3203942365007924,0.1021202460099402,0.5030452286242062,0.0035005461078329,-0.0248448239065968,-0.0391461730444895,-0.0408517256151574,0.0295081376091872,0.8724150267782117,0.126982666835332,-0.3596264172752553,1.3713342922029264,0.5467581156602015,0.1268523364415609,20870.23
2022-11-04 20:00:00+00:00,0.5115379252617303,0.0035618125442365,-0.024861289464661,-0.0286043266456935,-0.0329117213709676,0.0133309431821797,1.2980272098367165,0.0392706326310604,3.100152566983349,1.8652290265981488,0.4624157594608652,0.1147136804935354,0.5036912855384755,0.0035827015123724,-0.0338349298050362,-0.04826458059767,-0.0502892132455694,0.0295047752268946,0.9459284638797166,0.1261214866950657,-0.0802391538746359,1.631727545653586,0.7226660359839518,0.128349896704522,21083.5
2022-11-05 00:00:00+00:00,0.5121341687535411,0.0047810949009577,-0.0228363133191694,-0.0292012355741219,-0.0349298553910131,0.013614164423369,1.177682688473415,0.04893946083096,2.7674932471606977,0.6642365807988719,0.4570589362109561,0.1290204256410776,0.5038950658834668,0.0038577279734698,-0.035917135914924,-0.0508168538186855,-0.0532817671609815,0.0296886686242341,0.9638620666613006,0.1266585775561123,-0.0883982652094854,1.668870421532179,0.8527323994092103,0.1298297341319418,21157.96
2022-11-05 04:00:00+00:00,0.5166046430672305,0.0059363225735379,-0.0301105153645305,-0.0392332712308325,-0.0466024834292357,0.013602739377707,1.236407010790974,0.0603604297975476,2.272127807823686,0.6383493404491701,0.7498107303285818,0.1470832731331661,0.5048293022937677,0.0041962227253946,-0.0476638317596815,-0.0630356569092575,-0.0659855925870936,0.0295773787679827,1.0606513773195467,0.1265064078754079,-0.2804912713808956,1.6890008313657476,0.9746720054523804,0.131529251199272,21455.08
2022-11-05 08:00:00+00:00,0.5146398985837257,0.0065823846660635,-0.0213344459265991,-0.0326962148904547,-0.041721777947026,0.0132504837870347,1.0513370839021476,0.0709311848883033,1.6373680725166613,0.3170725317226254,-0.6676808975943701,0.1650178693987971,0.5045606735960868,0.0046059664972868,-0.0428751281030314,-0.0589964460209303,-0.0624928198013761,0.0299634819031135,1.020758664955309,0.1286397144268495,-0.8024995623728713,1.5803005246774895,0.674518238426451,0.1332874793361603,21384.86
2022-11-05 12:00:00+00:00,0.5143235320549631,0.0063335292562889,-0.0188354616671111,-0.0311764452254156,-0.0413836526519252,0.0129463734596305,0.9949211998045054,0.077543218360001,1.6393433960069188,0.3740030678066414,0.1300838089361873,0.1764136927419503,0.5046016576793511,0.0048986559356529,-0.0426047106149858,-0.0592786928205421,-0.0632589014257937,0.0302094821508469,1.0183542600705562,0.1298327867500245,-0.7500707865686023,1.5254041520099426,0.7397099890725565,0.1350248997707576,21411.41
2022-11-05 16:00:00+00:00,0.5117643998511118,0.0057474267613228,-0.0116273363005403,-0.024401602971955,-0.0356107525800477,0.0127423690891593,0.8867527041979673,0.0829877133067261,1.5081967598239665,0.46942789340141,-0.4669662491634007,0.1863040225281723,0.5042362607640546,0.0051711484707787,-0.0368969733948313,-0.0541616120498167,-0.0586298155590448,0.0304633531006205,0.9728886918129768,0.1315965522463725,-0.8208395571113752,0.9830925129465844,0.5506581793461497,0.1367417587512414,21314.93
2022-11-05 20:00:00+00:00,0.5115517754382891,0.0050368172210358,-0.0099944447469617,-0.0228563792580606,-0.0348761550125151,0.0123282051824707,0.8530165794509971,0.0869842505783165,1.5498811414842708,0.329087261396948,0.1046595451864548,0.1946590155913428,0.5042541333047967,0.005392794531243,-0.0362161364385856,-0.053956685782877,-0.0588846209874148,0.0304600812404641,0.9676171874935986,0.1326535781377652,-0.7717707670902862,0.6314879497108068,0.571529312209112,0.1384382996115722,21329.52
2022-11-06 00:00:00+00:00,0.5106045584697598,0.0042840214655796,-0.0069267052962923,-0.0196725187065924,-0.0323969169682405,0.0119753330929255,0.8043411816291075,0.0901683065079964,1.24429560572067,0.2578827694289841,-0.1707636163327091,0.2023756503966666,0.5041433297678737,0.0055995819723058,-0.0337882272162676,-0.0520099925255123,-0.0573995849280157,0.0303576363150464,0.9484678390203396,0.1341109617120504,-0.9212820254083108,0.5326172056174457,0.3703628930500243,0.1401147628059814,21304.72
2022-11-06 04:00:00+00:00,0.5086564503243253,0.0033668975868668,-0.0026286794354348,-0.0148630064661726,-0.0280825111914682,0.0116915880581875,0.742694376076183,0.0923935023761305,1.0650797438276276,0.3616704260083675,-0.3776792313377708,0.2063355984489597,0.5038788011829576,0.0057606277767514,-0.0295167173152317,-0.048182684862273,-0.0540177259826516,0.030256713240211,0.915735655150906,0.1355038746384386,-0.9895716005545702,0.459020698937179,-0.7773540523201912,0.1417302907733176,21236.97
2022-11-06 08:00:00+00:00,0.5074290582366519,0.0022541364356035,-0.0004811216970035,-0.0116984517776864,-0.025094952460593,0.0113670473121425,0.6992522909031564,0.0901917543038572,0.9894310790064292,0.2119510582201872,-0.3930667148144868,0.2074786188091605,0.503709116615295,0.0058348863939939,-0.0265545860193284,-0.0455340862484077,-0.051764313462254,0.0301144393400605,0.893120987864484,0.1365087687778496,-1.02492693280632,0.4227634744213606,-0.6722379901187938,0.1431993136778682,21194.26
2022-11-06 12:00:00+00:00,0.5083835111839613,0.0015071148052098,-0.0027995657856968,-0.0132786545844302,-0.0268368971623372,0.0110386013870927,0.7096105343428584,0.0882298322603458,1.0189673218613076,0.2950829386608818,0.4384858044164145,0.2093881213824012,0.5038907999664407,0.0058938671376894,-0.0283174490879113,-0.047538351077354,-0.0541439940882525,0.029830807575464,0.9060506545066034,0.1370691506851241,-1.0027346767277718,0.3860825641927383,-0.5596876559937305,0.1445902475664781,21255.64
2022-11-06 16:00:00+00:00,0.5076391465553808,0.00084549767307,-0.0015684962602352,-0.0113150250174098,-0.0249938818619075,0.0106558046551264,0.6796770105488303,0.0865262239975081,1.009600256481891,0.3385755772107915,-0.1869596175363354,0.2116349411571926,0.5038039230917059,0.0059496482940445,-0.0264958872083459,-0.0459961802573549,-0.052988581794989,0.0296364765724014,0.8918205107832161,0.1383040431471839,-0.9948878924475288,0.3340631937894698,-0.3167383048866947,0.1459647204864267,21237.65
2022-11-06 20:00:00+00:00,0.5061987670338626,0.000250987139512,0.0007245868577745,-0.0082714521096448,-0.0220030172760006,0.0103715866354405,0.6353879303561484,0.0829795218868866,0.8231832730528751,0.5512501893464569,-0.343891762833256,0.2120759754977216,0.5036195310773111,0.0059884003735257,-0.0235235490548789,-0.0432947872906038,-0.0506707717404574,0.0294804087880485,0.8692598772056254,0.1396043457761194,-1.0606748710541,0.3462580417515692,-0.5671660476568098,0.1473229272445924,21193.61
2022-11-07 00:00:00+00:00,0.4992617821934835,-0.0006459963636488,0.0132645954560188,0.0054886857996196,-0.008119113792524,0.010355226336701,0.4447047464643371,0.077334395143,0.4590764854074291,0.8813840387581293,-0.8566878980891637,0.2075221452263875,0.5025993624121975,0.0060012928648016,-0.0096570224450658,-0.0297937975280156,-0.0375853721415742,0.02969141843989,0.7683157371161284,0.1422389359621694,-1.1784946432040757,0.4203517711047421,-0.815336822133729,0.1484342293447735,20912.34
2022-11-07 04:00:00+00:00,0.4991638831658357,-0.0018550697227817,0.0111127538638007,0.0053566929488919,-0.0074946355341833,0.010709388529312,0.4118578411417141,0.0701272272660693,0.1690089985747239,1.1300909057670865,-0.0218314611201524,0.1952056582678685,0.502543340104546,0.0058011008658089,-0.009003298702177,-0.0290498371153649,-0.0370728801480537,0.0296275749874906,0.7618960703411617,0.1426352720758108,-1.2478943615345175,0.510835094494368,-0.6694779847501127,0.1487955834134295,20906.79
2022-11-07 08:00:00+00:00,0.4929924381951679,-0.0029878369932496,0.0220857881434584,0.0183577417222726,0.0062849051901432,0.0108922606269676,0.1540618675569175,0.062072383369344,0.0153326342634236,0.8826988078543214,-0.9136688322182386,0.1855638791798021,0.5015324794840452,0.0056115413089947,0.0047984366869247,-0.0153267236234053,-0.0236455499845303,0.029978203263984,0.6633390002374747,0.1448282769624658,-1.3405964487907278,0.602959908661855,-0.8158093743311687,0.1490194064785587,20624.11
2022-11-07 12:00:00+00:00,0.495822506414497,-0.0039499559065207,0.0132426767191342,0.0116847745758361,0.0008234410406529,0.0111192491807106,0.1811973397155958,0.0534887970810451,0.2150782830402281,0.8139457333104327,0.4706104626752876,0.1848968673849364,0.5018977585773441,0.0052420692486854,-0.0005981315977285,-0.020307330387689,-0.0287118660858172,0.0298746731099769,0.6974337385769751,0.1440568818604717,-1.2986829159803068,0.6749379907014912,-0.7299921427769643,0.1486359805821209,20735.75
2022-11-07 16:00:00+00:00,0.4966959086442824,-0.0044764089366116,0.0094050274572106,0.009502178988876,-0.0002837866668222,0.0108481767142813,0.1589099056608361,0.0486299779997026,0.318273315050615,1.5747881881416488,0.1267113311972052,0.1851414614136287,0.5019457672946155,0.004902594081348,-0.0016479314327781,-0.0210246441951241,-0.0295430627531217,0.0298960830955504,0.7014769550319725,0.1438028820794963,-1.2909320873457817,0.8529160567929202,-0.6799199977304298,0.1482570923288574,20757.49
2022-11-07 20:00:00+00:00,0.4990619168084875,-0.0045696028239227,0.0026670726456587,0.0038868992267067,-0.0049249458732777,0.0106417265364652,0.2359274352151741,0.0462487736908754,0.5544463281615689,0.91038767912605,0.4113306759392762,0.1861737759007797,0.5022579015973018,0.0045673608453909,-0.0062309470746839,-0.0252245065574703,-0.0338271881891079,0.0297902432934511,0.7303976101477984,0.1427351698752086,-1.1934138358288724,0.9036547057412716,-0.5307619943555929,0.1478826880181554,20853.58
2022-11-08 00:00:00+00:00,0.4935238274089449,-0.0048160676689927,0.0136391634874484,0.0160982688925077,0.0082016128461965,0.011227629783258,-0.0152038436428893,0.0489261432797786,0.6741708542333732,1.49949681393919,-0.5502776557069237,0.1869109333887187,0.5012844849179893,0.0042741816014379,0.0069382375538731,-0.0119476531883551,-0.0207572793709416,0.0302084386789215,0.6347680369777486,0.1441246451974912,-1.200886816925302,0.9836434829847036,-0.4940158786586102,0.1473135427128647,20578.77
2022-11-08 04:00:00+00:00,0.4845127204079751,-0.0052619805827771,0.0337015232291415,0.0377360285712544,0.0309266441727982,0.0119329768674642,-0.3760192994522316,0.0547246940915525,-0.1586753980044985,2.499001213201536,-0.8034260869565237,0.1934579286157155,0.4996799451832152,0.0039355321542702,0.0297106219556906,0.0108807338795198,0.0018344556003679,0.0309199811162745,0.4755213550031548,0.1466836200200122,-1.52013982377681,1.1207701508190548,-0.962205971968314,0.1464014920317487,20117.3
2022-11-08 08:00:00+00:00,0.4815564018214345,-0.0081742463011706,0.0397832334632206,0.0493196797221975,0.0456527987038231,0.015379961526578,-0.2540508359149273,0.0814125349227353,-1.4108477377754711,3.481857928489334,-0.3620118831306365,0.2181335928451415,0.498622971014013,0.0029897418579782,0.0446069479110522,0.0267957254079735,0.0179413931187077,0.0319337815652458,0.3646626936316851,0.1483031425202897,-1.841669686938674,1.4423107073936603,-0.5337534914624475,0.1459147616217212,19796.23
2022-11-08 12:00:00+00:00,0.4811033145703198,-0.0096127978735304,0.036624237453616,0.0500404108316931,0.0492296972911736,0.0156029367646529,-0.1430386200017666,0.0977915628417492,-2.4542013176127275,1.543986972740056,-0.4764941690962189,0.242453008595744,0.4982962649275911,0.0020548043313467,0.0483568080542726,0.0317258726393652,0.023159162219293,0.032653618834312,0.3268408369826849,0.1482051959788959,-2.2993246308151485,1.5282072668383515,-0.6729346346624024,0.1455843746371431,19692.55
2022-11-08 16:00:00+00:00,0.4808049655033184,-0.0107117151366613,0.0358342490525394,0.0528828638471989,0.0550436195682375,0.0157490433279797,-0.0858226561170789,0.1131530563219701,-2.6751852841800514,3.0938373422390257,-0.2861059093804904,0.2672293640357355,0.4978426215473439,0.0010530166034037,0.054356050396386,0.0389997405798159,0.0307743777564759,0.0334659471039316,0.2734778223817765,0.1486010544379558,-2.53318416027428,1.736602025508753,-0.7308971300513282,0.1452988748353281,19543.32
2022-11-08 20:00:00+00:00,0.4735759198292612,-0.0127344504878295,0.0920576517772162,0.1143588636968457,0.1201518865941397,0.0226939219286373,-0.4056821174562334,0.1429389393638316,-6.168268057835073,7.181782082363006,-0.3730440922444564,0.2709521856114912,0.4944438306278515,-8.456457908023144e-05,0.1196491003910134,0.1050044975621788,0.0967930107893002,0.0365923457017118,-0.1316950808919,0.1586598024562055,-3.593024105936676,2.883751476398065,-0.7340940688550092,0.1459202610890078,18362.03
2022-11-09 00:00:00+00:00,0.4797794348609871,-0.0157424015210028,0.0629574389198885,0.0924399497560553,0.1035904964746541,0.0284140823336413,-0.1248511865415309,0.1753455492856309,-3.676679513991826,2.2733851495737247,0.2256140765233814,0.2851956010466578,0.4952686002604891,-0.0018779409258525,0.1034395022039698,0.0915446340611185,0.084388134480158,0.0378378929271671,-0.0520154393250923,0.15952740108759,-3.154546095280567,3.136940230044201,-0.6354866141732289,0.1481778355392143,18561.6
2022-11-09 04:00:00+00:00,0.4785973747534124,-0.0175409505292312,0.06414282490328,0.0997008000186412,0.1160797410286564,0.0289436937736412,-0.080969405744359,0.2041593883903295,-3.416615643919534,1.8420499679987552,-0.4693076196630027,0.2991405967585577,0.4945598682640286,-0.0036725007166893,0.1162676368518729,0.1068012752771585,0.1005416591339671,0.0400245960006259,-0.1353354569081191,0.1646354619046882,-3.501894894199636,3.227349297309489,-0.5808305279217254,0.150408692786986,18278.33
2022-11-09 08:00:00+00:00,0.47983025740709,-0.017532478433082,0.053968945942731,0.0931238384018562,0.1139534505883832,0.0288736114895237,-0.0047558226071755,0.2233277402710751,-3.109577066032091,1.1248246027204576,-0.1149867334466306,0.3132802413823404,0.4945651784451038,-0.0053313522252301,0.1144610882555221,0.1074862959187783,0.1022120648497888,0.0416929296875425,-0.1347921205487657,0.1678686530406652,-3.5670208340283174,3.0294380027228494,-0.4909123576805246,0.1526131490163163,18239.76
2022-11-09 12:00:00+00:00,0.4780677816791949,-0.0189353605176331,0.0654222309390268,0.1106451977021909,0.1373683320177781,0.0307905318908869,-0.0202904635390904,0.2534913480830525,-3.222046435828433,2.4558774201764666,-0.465159582498769,0.3299725250912319,0.4934776025313757,-0.0074403788036673,0.1382724839202911,0.1341466930936696,0.1299939773451461,0.0444554260486,-0.257466786462291,0.1778006406208596,-4.549703413252598,3.419489673557698,-0.5591537032059006,0.1549096266595836,17777.85
2022-11-09 16:00:00+00:00,0.4750345243014736,-0.0200882406421533,0.0935004082518879,0.14512094943122,0.178466250941603,0.0331767844846876,-0.0847137981594636,0.2877013258577952,-3.1013202106859667,2.7576032257949485,-0.6607469774271211,0.3479887125844669,0.4918577821758475,-0.0098477675386919,0.1798174048582479,0.1788145150073112,0.1759035401583009,0.0481473113748841,-0.4406717980404046,0.1923618641340452,-4.665068506708166,3.73463564454698,-0.6586034090183656,0.1573599356032531,17069.51
2022-11-09 20:00:00+00:00,0.4759813801033995,-0.0220812041859892,0.0901327807384817,0.1492087690947277,0.1898699540328643,0.0359377189326279,-0.0395716858120223,0.3225740028396071,-3.252284553710973,2.823382853805335,-0.3061982258537766,0.3678874059294981,0.4914786881309457,-0.0125255639916327,0.1917368335184126,0.19469386962169,0.1934948602114934,0.0503863607147207,-0.4626603732837561,0.206496184307701,-5.079074948621254,3.4065399562200667,-0.6824076488483257,0.1603055893691507,16800.33
2022-11-10 00:00:00+00:00,0.4722889872023292,-0.0270074585185185,0.1264974821472055,0.1992399072005479,0.2513590419952329,0.0410979245500301,-0.0902493043197454,0.3862334253842227,-3.453054758532415,2.923218001727843,-0.6898241673291083,0.3902800659860852,0.4894817324870288,-0.0165341012480931,0.2539792362443265,0.2622597788537708,0.2633190436650343,0.0549375363123853,-0.6342991117333185,0.2371782343567401,-5.406874820786799,3.943900766763704,-0.8806597062052922,0.1639324494455739,15850.62
2022-11-10 04:00:00+00:00,0.4782482729357483,-0.0257926762300766,0.0740466598726554,0.1493641031909049,0.2069483073227616,0.0412398604793778,0.0562145227115839,0.4000581678251414,-2.742586723292022,1.374925451741121,0.566972320863939,0.4099016174747893,0.4909571757295841,-0.0188277799544752,0.2100392993868214,0.2226229175927305,0.2257793902054434,0.0549161050167999,-0.4426775128429097,0.2454924180105445,-5.0294379302001415,3.99771717723186,-0.6579889391654106,0.1677253045144975,16315.22
2022-11-10 08:00:00+00:00,0.4828951799644692,-0.0214662374233923,0.0364306748136775,0.1093508140486065,0.1700529699112281,0.0402547317536523,0.1612516602597029,0.3987710263696963,-2.221148107505285,1.129602947999134,0.5923433807849666,0.4215287659582918,0.4921863949313502,-0.0205024670657842,0.1734908156604215,0.1894838976661992,0.1943822812294731,0.0550004025025979,-0.2985326853088773,0.2504755153948924,-4.244092252737417,4.098977344337801,-0.5546305550369215,0.1714732731449373,16725.01
2022-11-10 12:00:00+00:00,0.4804597613847026,-0.0184692917423601,0.0579925209648564,0.1319053602302866,0.1985309389378597,0.0411697810817551,0.1243852502014217,0.4159886092962326,-2.319051189322223,0.953291843069943,-0.6544842193892955,0.4298181893335576,0.4911680362563538,-0.0231892605602526,0.2024830700729962,0.222666228725604,0.2295792526057207,0.0578657992392938,-0.3750293678967905,0.2691679166842939,-4.800183436782096,3.82164970145832,-0.6269463519399936,0.1751768865442086,16227.53
2022-11-10 16:00:00+00:00,0.4917607562412708,-0.0109452342353142,-0.0202635961354853,0.0422899511555159,0.1053560641040216,0.0405439441549953,0.339748592897499,0.3789291146105243,-2.007052834047003,1.833860666063185,0.7431871284151121,0.4270485232193264,0.4945656577564017,-0.0227425589083443,0.1092694546655994,0.1305352577416136,0.1383330719295874,0.0545802904058673,-0.0622206770308325,0.2562035443537943,-4.3419271315529135,3.808086513237964,0.1830849912594694,0.1787884319378914,17511.52
2022-11-10 20:00:00+00:00,0.4918626144969447,-0.004701061513435,-0.0122312513110488,0.0429997090878018,0.1061851684108887,0.042452698753947,0.346672049435727,0.3668508678651933,-1.3040043131329668,0.7067925602643133,-0.0873434105302063,0.4150003640895224,0.4945265471582778,-0.023658323720818,0.110281546056451,0.1336148471189449,0.1426087634713486,0.0558438957792196,-0.0661279577033214,0.2622697099035002,-3.236306228824388,3.243819476274899,0.2584172755528797,0.18209313350331,17431.7
2022-11-11 00:00:00+00:00,0.4932968522705627,0.0009373517266489,-0.0149644799280805,0.0320043891938115,0.0937009947328164,0.0428627946230614,0.3866418319996444,0.3448041611711122,-1.2659661104550832,0.7637710632456594,0.1724572726932289,0.4003999684660598,0.4949699450498608,-0.0240068662305768,0.0978769536657127,0.1226236808724567,0.1325648472062772,0.0564623124206196,-0.0245015306678661,0.2641039433771385,-3.176092399500234,2.5973919097238483,0.7122720625294354,0.1850736718595844,17573.15
2022-11-11 04:00:00+00:00,0.4897261692806011,0.0032396696396576,0.0181417290086391,0.0627557856449447,0.1267538270526154,0.0444100093278811,0.306618622072523,0.3339061692262453,-1.3191580562143028,0.6758278808984148,-0.7108565858413517,0.3882990945064755,0.4937552332531873,-0.025664204900624,0.1312457269909601,0.1589090609194554,0.1704460803757246,0.059172921179887,-0.1336068169203679,0.278901252936758,-3.3479610186804662,2.382793220643168,0.3359476409065374,0.1879423041743581,16989.4
2022-11-11 08:00:00+00:00,0.4926701100200684,0.0048246957583532,-0.0031629907307069,0.0372221128795746,0.1000708876761622,0.043108870134693,0.3882948810990411,0.2998770143785721,-1.2567834724733526,0.5272289100238311,0.6674775375681731,0.3790636089917868,0.494636757102333,-0.0259260701478038,0.1046353080776247,0.1337401613049449,0.1462881133233342,0.0586904087669932,-0.046417185192219,0.2791314227881766,-3.2897669435501418,2.17977445970445,0.3017809452288487,0.1907769877392877,17331.81
2022-11-11 12:00:00+00:00,0.4927909614614935,0.0066317422204398,-0.0007530648438686,0.035770839765854,0.0982335622841477,0.0417789613837769,0.4019670907907114,0.2670277277099958,-1.0429330152835683,0.4033104115498694,-0.1185857427212356,0.368718589936484,0.4946451813765077,-0.0265366903614921,0.1029283233947242,0.1338050838246238,0.1475196863995727,0.0594767578726093,-0.0404295934554309,0.2846931216716339,-2.754484779058385,1.982648042289363,0.5482942049000051,0.1935781243199142,17298.46
2022-11-11 16:00:00+00:00,0.4905123795223762,0.0070032103619928,0.0225209151041321,0.0580362917159065,0.1221915559769133,0.0427290587283678,0.3232826698589913,0.2539153407271836,-1.212540444492286,0.9058723855035448,-0.3701743621209782,0.3614402968388308,0.4938572559268886,-0.0279180513686306,0.1271576966676926,0.160781740268713,0.1761258339987281,0.0614925349279337,-0.1124850522525839,0.298237471237734,-3.1773459753726434,1.6468659828520351,-0.3575422399796069,0.1965033850039363,16862.07
2022-11-11 20:00:00+00:00,0.4905887866836413,0.0062036278127169,0.0216529376861487,0.0569961222184833,0.1221370900874596,0.0436212988094024,0.3234040104123657,0.2304485025919966,-1.267912831269758,0.83664693924581,-0.1438199999999997,0.3585845531348025,0.4938138347883939,-0.0288830334304567,0.1273058051380478,0.163266654568116,0.1800849374015047,0.0623036363428951,-0.108403418303205,0.3068188303213003,-3.2747989506962547,1.705120359566166,-0.3583346725258646,0.1996175728124032,16788.37
2022-11-12 00:00:00+00:00,0.4926006861017085,0.0058173502201681,0.0048680885809002,0.038893428072537,0.1036182382110073,0.041972348168871,0.4011819086518858,0.1996254017551317,-1.141538484064899,0.7609271002522922,0.3649819999300935,0.3562225209568448,0.4943670327255686,-0.0292517728735653,0.1088820387831717,0.1464362595001238,0.1644071709281229,0.0618966188744511,-0.0512463976033027,0.3100410004035574,-3.121407552689548,1.7054145352593246,-0.4410275268718346,0.2026949058513231,16997.14
2022-11-12 04:00:00+00:00,0.4920197437334259,0.0061294118997718,0.0094150105925274,0.0419488485840864,0.1069979699132666,0.0409940180964158,0.3808378653948392,0.1645314010780851,-1.294921458417281,0.3514609794636744,-0.3622532645004589,0.3510501833830207,0.4941677504177789,-0.0300132954734161,0.1124257448027756,0.152068888528674,0.1714590927576214,0.062450388459888,-0.058617330740521,0.3186589655469017,-3.352551106848469,1.556541519771418,-0.0965894564606023,0.2057358202774466,16878.23
2022-11-12 08:00:00+00:00,0.4916429326677256,0.0059543148452106,0.0118965781137714,0.0435887186065422,0.1090721693066074,0.0396593574060062,0.3646908594034485,0.15275032211763,-1.350082566496517,0.3234079601914749,-0.3249975515001105,0.3474594548907487,0.4940221994623378,-0.0307669696779489,0.1146645977095182,0.1564203095144296,0.177265539148169,0.0629081823948543,-0.0615148728660924,0.3274018773931719,-3.624398680972528,1.4477139526699283,-0.4736155852124551,0.2087407470858406,16777.86
2022-11-12 12:00:00+00:00,0.4924952148537386,0.0062363334222556,0.0056033604260732,0.035407436091754,0.1002215213766222,0.0377857812545037,0.4139173545452686,0.1375663890053068,-1.3020758349850263,0.2523363943195856,0.2946637637103047,0.3434392117048546,0.4942348935842865,-0.0310571295331314,0.1058933634194156,0.1491417162252821,0.1711659646058247,0.0627272450848408,-0.0347225385322334,0.3323328170665617,-3.5447703240325468,1.361967146529481,-0.3817303267372293,0.2117101121709721,16848.51
2022-11-12 16:00:00+00:00,0.4932086125019789,0.0067009957470044,0.0012119785794113,0.0288536233832052,0.0927675667025969,0.0359220326947132,0.464247351359168,0.1188819440407326,-1.26653929787323,0.3213272096335294,0.2330006111224221,0.3386354880735044,0.4944065734468132,-0.0312565001170659,0.0985016108740601,0.1431165978382076,0.1662816150554951,0.0624332928777866,-0.0124027336348974,0.3372126280882947,-3.5493828862306214,1.105835382402664,0.071459930431258,0.2146443363870732,16902.6
2022-11-12 20:00:00+00:00,0.4930795354030962,0.0071357673486987,0.0025339432267705,0.028160053505341,0.0913374983019947,0.0343206141816193,0.4675885819522776,0.1094084964368787,-1.250910252082681,0.2169371265823643,-0.2626981796829228,0.3331228276998855,0.4943622525934148,-0.031532825759095,0.0971478838038777,0.1432462854127003,0.1676374740766277,0.0622288880057526,-0.0062899271985813,0.3437816670887983,-3.570044900876695,0.8368045332634602,0.1370451924085108,0.2175438356077864,16866.71
2022-11-13 00:00:00+00:00,0.4924621352473213,0.0072457362540111,0.0065450183407258,0.0306806141752857,0.093370006374776,0.0326660509546335,0.4365858255617498,0.1038899866264648,-1.1760791979326692,0.2205452388298564,-0.6233432512848233,0.3285871829807532,0.4941991337822328,-0.0318852212577467,0.0992719079657586,0.1469795567185743,0.1726840235165891,0.062179420734417,-0.0088216828310115,0.3516350778531983,-3.434675307201278,0.5938868325890554,-0.4652132500793746,0.2204090207851099,16777.73
2022-11-13 04:00:00+00:00,0.4936945685906009,0.0074735656600675,-0.0006613223234834,0.021396303496125,0.0825921785799275,0.0308121696870209,0.5032475322113376,0.102737372476889,-1.0521827840866125,0.219073212510798,0.623886213957609,0.3235263265159938,0.4944832695373407,-0.0317470277397568,0.08849459988763,0.1370882356353826,0.1637445248340039,0.0612954990776637,0.0216574755837874,0.3548975115774722,-3.2031122204583085,0.5186542882050741,0.0350773369199754,0.2232402980076419,16890.45
2022-11-13 08:00:00+00:00,0.4923763913825119,0.007428148606089,0.0077719280809418,0.0286341733375474,0.0894247708221676,0.0297879673232984,0.3735034806324325,0.0907754548439715,-1.044831268605091,0.3018603833587591,-0.4305776509956772,0.3189634545328025,0.4941705374350429,-0.0321098144012785,0.0954219634250228,0.1456734072950005,0.1737201417449809,0.0614074100997969,0.0063140175476886,0.363939435522037,-3.229444308220452,0.4766519507663259,-0.1065092857802845,0.2260696729228751,16730.67
2022-11-13 12:00:00+00:00,0.4917832782433834,0.0065210436572886,0.0106248909181219,0.0315269472604164,0.0922382932123548,0.0294766094410799,0.2745664647529606,0.0838436402695568,-1.09032480616294,0.4207452266199611,-0.2889557897084251,0.3186429379177468,0.4940057781502008,-0.0324805394495974,0.098334654546289,0.1502594650659487,0.1797054459865041,0.0614266836606714,0.0020132432962983,0.3725347005485871,-3.274186138138926,0.4816611271344089,-0.3880725242075496,0.2290284692098838,16628.59
2022-11-13 16:00:00+00:00,0.4911956189480307,0.0060444307391996,0.0132497535574052,0.0336968337521808,0.0940461699900232,0.0285366452902723,0.2105016986432988,0.0833997158426291,-1.0963527670877609,0.4027491727470936,-0.4255850711262975,0.3188696642744232,0.4938628981278015,-0.0327305970920172,0.1002196346214527,0.1536564491368559,0.1844443786992824,0.061401392781222,0.0003478550479073,0.3805223244751956,-3.266116333837443,0.4558901566017184,-0.679378719035763,0.2319793082681295,16545.14
2022-11-13 20:00:00+00:00,0.4913052410009982,0.0053986198165729,0.011613218272676,0.03186142338973,0.0917553946107301,0.0274473621301743,0.1920049311704881,0.0829076799784849,-1.070660152967423,0.5670362683859062,-0.1246946908343054,0.3200629924294466,0.4938625323691804,-0.032866754255979,0.0979858540613711,0.1527562072566968,0.1847970942955246,0.0611278211795816,0.0086108576216258,0.3873053582526727,-3.2190725707279437,0.4963225844674877,-0.6694643821872385,0.2348952257030977,16522.94
2022-11-14 00:00:00+00:00,0.4892910642827351,0.0045736205667258,0.0221410960677639,0.0429446883848048,0.1033772925807687,0.0271642105310218,0.0454523069581263,0.0837657238104049,-1.1103232370350242,0.8679768910014932,-0.6831192445304674,0.3237346078090851,0.4934112644555146,-0.0334636121079445,0.1097539706474752,0.1666362433168264,0.200397683601825,0.0617471045255629,-0.0151118624630611,0.3994938598309193,-3.2207226019030166,0.5839984078347175,-0.6844945335993944,0.2378910175767944,16290.62
2022-11-14 04:00:00+00:00,0.4880562529716145,0.0029826658581773,0.0275377020412563,0.0501635848726365,0.1116367042975592,0.027628487724167,-0.0250760540180766,0.087413448304336,-1.0955136672141874,1.2504761698542457,-0.3795887343618367,0.330782317024245,0.4930885331635407,-0.0341396269572221,0.1181778368948547,0.1772953393051948,0.2128404105483738,0.0624051859765487,-0.0296139100892063,0.4117287960595091,-3.185455471813546,0.7280643971851429,-0.7786364314486055,0.2410597045177921,16104.77
2022-11-14 08:00:00+00:00,0.4971161220599962,0.0022519871050869,-0.0215736630257523,0.0005349922512045,0.0593555943048309,0.0270624605205125,0.5504695091732029,0.0791962788008379,-0.8366065191166767,1.7071354423704397,0.6773575784619967,0.3346610806196403,0.494869591254358,-0.0328404929597344,0.0656820297074785,0.1236200185125928,0.1589184665687704,0.0597121916135995,0.0918106349821776,0.4009672498306888,-2.963370698693131,0.9321813023643832,0.0952234865387478,0.2443032070023974,16834.68
2022-11-14 12:00:00+00:00,0.4962756564751965,0.0044929606236574,-0.0124689110524557,0.0059445601067589,0.063080092383313,0.0290720531972116,0.4950414219805063,0.0738996626026068,-0.7765619380483945,0.7686654650265599,-0.3108959438910108,0.3239045246752216,0.4947166169702792,-0.0326255278457922,0.0693970675387607,0.1282249465990899,0.1646737278206054,0.0601720211325298,0.0850700398900317,0.407984012481648,-2.890711996129792,0.9590113213930704,0.0925679528606725,0.2471460179570518,16735.75
2022-11-14 16:00:00+00:00,0.4947407194755641,0.0057446818879558,0.0004163982917664,0.0162658665635331,0.0721969530304784,0.0297041973411337,0.3600243655643679,0.0708089449957236,-0.7922454941304207,1.8837570412473796,-0.2370326874143644,0.3113044323494429,0.4944252779859007,-0.0325837510747582,0.078539479194134,0.1385699056828819,0.1763747600950747,0.0610501004016992,0.0667811248688226,0.4172620549956575,-2.889408885999197,1.1677057339701362,0.0081047969088683,0.2496296303146891,16553.52
2022-11-14 20:00:00+00:00,0.4919527439102946,0.0058122553931835,0.0178708674879526,0.0328989189991313,0.0886136282972329,0.0305350985590289,0.1010271732749866,0.0644000392743444,-0.7603753110192675,1.571292248169655,-0.5960964593918899,0.3006523893489856,0.4938467350665697,-0.0329014566355794,0.0950539814071191,0.1569164281275294,0.1964605514362911,0.0624238682073186,0.0341778526238172,0.4300065246583666,-2.8709419537749694,1.3085380896590288,-0.1916733723349496,0.2519329738800885,16259.15
2022-11-15 00:00:00+00:00,0.4957338066385579,0.0052455723788956,-0.003401836201729,0.0109460961960046,0.0646851679979556,0.0299815069223907,0.4325812779108266,0.059099730002915,-0.5696258598158296,1.3579117662342497,0.5625099173116607,0.2927265582798323,0.4946184115319033,-0.0320575891184118,0.0709968391647286,0.1324723662666442,0.1723288867501431,0.0614890340659574,0.089178813208125,0.4270889239179659,-2.679333290126256,1.3734453227915475,0.2080134548327949,0.2542090585897245,16576.49
2022-11-15 04:00:00+00:00,0.49837690491217,0.0061047656978244,-0.0148753137915996,-0.003133559274362,0.0480080431170233,0.0293756814307754,0.6717192617869125,0.0578518399832874,-0.3411468054301801,1.1602251631790763,0.6177499389896667,0.2815728069848834,0.4951770881060496,-0.0311150460363055,0.05417073657761,0.1151651802078559,0.1553499702068028,0.0609090907660789,0.1290369804008061,0.4253350034413279,-2.42801161370728,1.3466981342818225,0.5061800888772896,0.256458207037772,16804.3
2022-11-15 08:00:00+00:00,0.498659033629624,0.0068263562526454,-0.013442494069818,-0.0040281646576731,0.0450766540561675,0.0285384940864606,0.6901641492829569,0.0573868106368544,-0.3933991519365794,0.843717133490473,0.0493636972538569,0.2693138963265149,0.4952539890103382,-0.0305055578010402,0.0511564138880029,0.1123227319414736,0.1532836905242742,0.0610071470846403,0.1382793381399653,0.4286230406846447,-2.465719131460069,1.1925369818593925,-0.0166299082352008,0.2586807380006743,16819.04
2022-11-15 12:00:00+00:00,0.4978672665448451,0.0074861576105522,-0.0063305402456618,0.0007877875102637,0.0479546375362671,0.0279695958802589,0.6160985783456899,0.0572398891945043,-0.4183531648604086,1.0668262070778618,-0.2670113828144643,0.2564067925768699,0.4951372055542083,-0.0299731275574194,0.0539676120403951,0.1154908520658637,0.1573844170181422,0.0612706887034219,0.1347872958906868,0.4334224524727493,-2.5115932281086155,1.2222809098701333,0.0093635540152042,0.2608769664823235,16744.68
2022-11-15 16:00:00+00:00,0.5006808806630408,0.0079344727210353,-0.0174258914880339,-0.0127102936106702,0.0315410309871895,0.0271232413767092,0.8512456956704382,0.0578393883660391,-0.1560981170554372,1.931326665640008,0.6017139716170318,0.2423795209795536,0.4957356181496012,-0.0288171665514172,0.0373623913960021,0.0979692353881402,0.1399484001923261,0.0603649091064323,0.1742623398453444,0.4296456469577132,-2.3206880309331424,1.2115336532060474,0.4524029187285083,0.2630472037587067,16986.31
2022-11-15 20:00:00+00:00,0.4996568771823867,0.0080002428940824,-0.0098247744240604,-0.0067402241095219,0.0356500448559955,0.0268477083558582,0.7486707959186638,0.0593530098799376,-0.0397236862273418,1.915236850625594,-0.1993496147886241,0.229397114618754,0.4955925951723929,-0.0282412375429819,0.0413969810878185,0.102264612495756,0.1451387831689463,0.060640920764863,0.167844306158542,0.4341258947348835,-2.261406961098605,1.2553981410124833,0.6796695095948821,0.265191757422025,16894.97
2022-11-16 00:00:00+00:00,0.4994140900244025,0.007621558977002,-0.0070162905249862,-0.0049143953102205,0.0357020881792156,0.026523149262592,0.7233581139873911,0.0593786283272823,0.0840860810693394,0.9439459159203022,-0.1276383414001385,0.219951727799695,0.4955766404524017,-0.0275916395508914,0.0413600330280528,0.1022856667065539,0.1459036343445363,0.060561305033019,0.1704281305593942,0.4369361364389191,-2.131568185046709,1.1866090719403204,0.4837115514933122,0.2673109314242877,16869.14
2022-11-16 04:00:00+00:00,0.5004678202381696,0.0072069309705279,-0.0106313045231677,-0.0094439936155266,0.029163246900717,0.025408506501044,0.806343666967853,0.0591963019035211,0.2425867034120786,0.9501149327230224,0.3331369082694885,0.2107767858858013,0.4957994491083611,-0.0267422920289936,0.0346915302947925,0.0952224802444636,0.1392688809345899,0.0599240582643175,0.1876256544638287,0.436751522192319,-2.0323837512727176,1.1641801403553909,0.2913816421333212,0.269405026120391,16952.96
2022-11-16 08:00:00+00:00,0.4982596237427761,0.0068400391671824,0.0011738728837427,0.0016143490779658,0.0388523823678579,0.024778507774241,0.6220984958333727,0.0605304966336157,0.2787225538861161,0.4986688378241944,-0.9418990878894714,0.2014236911567551,0.4954286224476181,-0.0262910985045295,0.0443339369692028,0.1053676007272785,0.1505079847891117,0.060209217892093,0.169072217744429,0.4431898658291596,-2.0341170958875847,1.1239550890333694,-0.0897116760422592,0.2714743383106912,16773.27
2022-11-16 12:00:00+00:00,0.4972252404424435,0.0057625005653021,0.0058881009261859,0.0066880233684125,0.0428686371950928,0.0241702738009523,0.5387925884786235,0.0601147731693193,0.3266017329138508,0.5603827826514648,-0.4309166209271026,0.1957132139179481,0.4952685807896985,-0.0258141324053071,0.0482977559801665,0.1096643501861041,0.155734262482649,0.0601816734059515,0.1629436904309616,0.447830340374278,-2.081979130453792,1.0666662236098885,-0.1230913973225641,0.2735191612830677,16682.68
2022-11-16 16:00:00+00:00,0.4941436970011235,0.0040816373596522,0.0194092974206514,0.0217935146492278,0.0579410289976678,0.0241380076557252,0.2814020421837835,0.0607769110885999,0.5936133503307174,1.5870995245597876,-0.7790530019032261,0.1948724363781355,0.4947331311891483,-0.0257718306240675,0.0634083162402057,0.125995612205763,0.1736063550469369,0.0608895721672815,0.1335683500463528,0.4578495189410077,-2.0139555961276865,1.0623319587646611,-0.8221364848971656,0.2756589792555431,16413.1
2022-11-16 20:00:00+00:00,0.496048241990987,0.0027790599800224,0.0086654238909047,0.0122338590418162,0.0474880049431643,0.0234915173936205,0.4174612816623814,0.0604637161988936,0.3655661339297258,0.9293841592652788,0.5346976895277583,0.1962084663753388,0.4950732325382913,-0.0251027673602019,0.0528610110571232,0.1151427201563615,0.1631425435772173,0.0601640411587343,0.1576133664964972,0.4567936557626284,-2.1173574049356256,0.932542068918864,-0.5500983245496753,0.2778678990643242,16545.05
2022-11-17 00:00:00+00:00,0.4977422102562818,0.0021918674544705,0.0003283112658423,0.0042755172581139,0.0384483215129094,0.0226208120707252,0.5341778116859708,0.0601534644489581,0.8697582058901909,0.7210180070039327,0.4267236654609281,0.1959883363187871,0.4953744888786165,-0.0243967024773264,0.0437196085536233,0.1056424952340633,0.1540185369669064,0.0594916482440244,0.1789018055489308,0.4562377625466041,-1.967198081597713,0.9115509972261758,-0.3267206796192871,0.2800506774726796,16660.48
2022-11-17 04:00:00+00:00,0.4957019012248013,0.0020993422549402,0.0095015990958606,0.0132765930077332,0.0466899800127789,0.0222867096338761,0.3717674079929147,0.0604658167011431,0.7749429869307365,0.5251851316030485,-0.6330189446296329,0.1923139912327821,0.4950500890603922,-0.0240129125572323,0.0519306960812813,0.114380899544624,0.1638672851934974,0.0597903728348778,0.1641480542346399,0.4629500756935314,-2.0359080389712982,0.8519918419404311,-0.7514368298995006,0.2822076238502899,16504.77
2022-11-17 08:00:00+00:00,0.4970833430975361,0.0015697405116487,0.0027081391424728,0.0069203576858312,0.039434717742012,0.0218070898438473,0.4514527080387891,0.0589303070582799,0.972935018255624,0.406544475942438,0.4155529131985683,0.1931170872045417,0.4952830135081131,-0.0233628798820942,0.0445851997606026,0.1067536269641897,0.1566709218695585,0.0591647567312708,0.1814130237029382,0.4630911062779979,-1.9613706622696376,0.8432338353742249,-0.3709511729805693,0.2843390439056096,16592.1
2022-11-17 12:00:00+00:00,0.4971854712808402,0.0012789888154089,0.0018448386163114,0.0062580104453004,0.0379981901304899,0.0209585845310571,0.4173951382697958,0.0521021519746509,0.9404726640326456,0.2691538968305027,-0.0090608546589908,0.1940459850591165,0.4953046044742213,-0.0228207650430696,0.0430824194020946,0.1052580839996886,0.1558499385872735,0.0587714472296864,0.18660090928708,0.4656927409076866,-1.9926012494929404,0.7970535259080432,-0.2383496736144355,0.2864452397291936,16588.69
2022-11-17 16:00:00+00:00,0.4967310711519047,0.00103817829874,0.0035075628774829,0.0081213142763805,0.03921193478566,0.0203610036028654,0.2999625675714978,0.0410707599856243,0.8221610711365617,0.553459072257293,-0.1608718766613603,0.1955038052920144,0.4952434504846829,-0.0223411495238993,0.0442437511586772,0.1065737785625955,0.1579614563580011,0.0585184361151034,0.1863229515524368,0.4691194827939349,-2.060451289060328,0.6144600209977705,0.3456911694256653,0.2885265098365154,16543.26
2022-11-17 20:00:00+00:00,0.4979511358922287,0.0014060827394883,-0.0005924948536314,0.0032956273013147,0.0331337964949618,0.0199757667713127,0.4201626418285061,0.040711545005653,1.090541445561868,0.8317464530054037,0.327414223063041,0.1936618002920091,0.4954568789172348,-0.0215881706165219,0.0380543851352497,0.0999038200823259,0.1516259426086832,0.0578157122056248,0.2013156978580108,0.4682858109230701,-1.9648447808646496,0.5845725501126836,0.2116684750855568,0.2905831492102762,16619.77
2022-11-18 00:00:00+00:00,0.4988620236090569,0.0017793959379114,-0.0032235262309243,-0.0001486015520999,0.0284087353353748,0.0191576060940071,0.5071544356992423,0.0394648832934443,1.1963117098999143,0.6199163892071934,0.4485107731305312,0.1912299722218227,0.4956145711413153,-0.0208344017710567,0.0332181832844626,0.0945928933590669,0.1466683929894483,0.057186037874176,0.213628227194058,0.4677802342078305,-1.921687682008427,0.5526295226358323,0.0495450542999735,0.2926154493422099,16677.36
2022-11-18 04:00:00+00:00,0.5013521348493227,0.0028097488744409,-0.0101275322474929,-0.0089852159299016,0.0175656689491501,0.0189886455279983,0.7326105950225091,0.0391419777552628,0.8407550361302327,0.9431078296261156,0.5418708023750058,0.180774584618911,0.4960384910661811,-0.019788848292142,0.0222009970557837,0.0824460686001611,0.1344082843890064,0.0563466967779848,0.239363883405565,0.4636147630503291,-1.9433508885621331,0.6007899873498983,0.577642497619371,0.2940558786868358,16844.43
2022-11-18 08:00:00+00:00,0.4993404768548807,0.0029910319155334,-0.0015038770744391,-0.0011361280508335,0.0242960291275016,0.0186809369716044,0.5161211005724283,0.0353388392907068,0.5132495364165668,0.520724532833084,-0.8653341838542775,0.1715946629554503,0.495768799703228,-0.0191882844859112,0.0288574909084151,0.0891353539292947,0.1419274773265011,0.0564961681363564,0.2278959970261765,0.4675567896100125,-1.9816061741496265,0.6030535389388135,0.2288313382578534,0.295425481514659,16719.97
2022-11-18 12:00:00+00:00,0.4995869680881191,0.0028091156995372,-0.0018723560611301,-0.0017908461372034,0.0225248797572232,0.0180810977189526,0.5360329005577202,0.0349626026913012,0.7016649172387016,0.4420206682695615,0.0911977227939557,0.1650958186256184,0.4958272660465047,-0.018475126635573,0.0269838688546422,0.0868419426419471,0.1400437070714117,0.0561824478446101,0.2341493632059888,0.4673193729746405,-1.8785724276146076,0.6173088471402212,0.2559631895351054,0.2967788758156703,16733.84
2022-11-18 16:00:00+00:00,0.4985914273751238,0.0025541376081489,0.0019517615855899,0.0018971143758932,0.025279621627209,0.0175789721623542,0.4356786676904476,0.034994843217929,0.7442301926405832,0.9400831833039702,-0.2831396727531474,0.1590643932985974,0.4957145045570678,-0.0178549223046312,0.0296578325699949,0.0893530417932189,0.1431884232968805,0.0560961402909747,0.2309349966647799,0.4691281227984214,-1.83662221807746,0.6523698780438801,0.2696749932849852,0.298116253409232,16674.14
2022-11-18 20:00:00+00:00,0.4978922049427652,0.0017587212791904,0.003584182545125,0.0042712662553339,0.0271468028711892,0.0173112747246935,0.3700175940521677,0.0349387647902854,1.0850181564675203,1.0919771621108898,-0.2584994753410277,0.1571935210239939,0.4956293909083238,-0.0173380133172423,0.0314640771030487,0.091103728233391,0.1455986949330037,0.0559123022971473,0.2292461139244613,0.4706538067396041,-1.7668014671196153,0.6651130584699553,0.0087811271297439,0.2994835656246706,16624.76
2022-11-19 00:00:00+00:00,0.4988338317222942,0.0013795706263122,6.903331117058542e-05,0.0010204088055321,0.0231287614656765,0.0166293642749641,0.4743995377150023,0.0330668936603164,1.314667852515795,0.7254111014148096,0.4036597593582987,0.1559539685437984,0.4957665358745622,-0.0166858788097581,0.0273527462423666,0.0865195065266708,0.1413179734313043,0.0554154662326127,0.2398765498887451,0.4692692799879666,-1.6978339638090612,0.6613995798283153,-0.009501965923981,0.3008558113746484,16673.07
2022-11-19 04:00:00+00:00,0.4977149239494549,0.001079733917064,0.0033692728551253,0.0045495239074684,0.0260670035473882,0.0160703968632898,0.3717906131811228,0.0306178564942427,1.3440094315294162,0.3806746726812627,-0.4736803465237563,0.1540131119638527,0.4956293833585055,-0.016152484908595,0.0302270507736586,0.0893087018938918,0.14476852790658,0.0552740558689781,0.2360638270721023,0.4710492960438515,-1.6509259257373017,0.562432329303868,-0.7205586971972432,0.3022118173202244,16608.88
2022-11-19 08:00:00+00:00,0.4973137145055841,0.0007106840876676,0.0039943379554108,0.0055672484450985,0.0265694477496241,0.015427589637983,0.3402933104789834,0.0295346188489336,1.3123655201513669,0.3038056881257142,-0.2669607225372706,0.1536651571240566,0.4955855125552436,-0.0156144918234988,0.0306621789166789,0.0895507883712052,0.1455514386558096,0.0549263763630105,0.237203156477462,0.4715508643506658,-1.6474538115403303,0.5198451676808169,-0.4284615631108381,0.3035517756509155,16583.47
2022-11-19 12:00:00+00:00,0.4990203800064627,0.000592610200656,-0.0013372524768177,0.0003097237683573,0.0205795071114214,0.014668287592865,0.5342958659577629,0.0272015399023469,1.2790417577372148,0.2756048453264333,0.7579671095419245,0.1528562618473039,0.4958011347806682,-0.014956987380999,0.0245742316345485,0.0828426861286337,0.1389934319223471,0.0542230932580317,0.2519066971402102,0.4689908453342793,-1.6357846501693103,0.4871823990037707,-0.2479544389575777,0.3048758762817767,16665.05
2022-11-19 16:00:00+00:00,0.4986528308010824,0.0006097183295134,-0.000193337504566,0.0013534696673864,0.0209604815557413,0.0139410162848569,0.517577382134594,0.0241140275545747,1.1728313316628545,0.2806949142316755,-0.3893771494077371,0.1506912766442782,0.4957653780760882,-0.0143783098278199,0.0248785344503543,0.0828440284525591,0.139461778917397,0.0538160591703223,0.253436578667301,0.4692136404799347,-1.682587267306484,0.3873894032941062,-0.1548268625393392,0.3061843068803175,16644.52
2022-11-19 20:00:00+00:00,0.497979244668632,0.0005371455015381,0.001523715102691,0.0030993714447411,0.0221335143868524,0.013259383475772,0.4471875697389404,0.0235299342243265,1.136275094929785,0.3075431005044576,-0.5650782960094568,0.1493551135591739,0.4956946637561376,-0.0138304063375383,0.0259814409469079,0.0836980136292824,0.1408241955931586,0.0534130560856951,0.2532683720532823,0.4698111534530028,-1.6921848468094252,0.2672443290961862,-0.0803680624308388,0.3074772528931034,16610.96
2022-11-20 00:00:00+00:00,0.4992774823964436,0.0007667172328687,-0.0014058140231451,-0.0002483426131606,0.0179362287350279,0.0128076308279606,0.5771907176831629,0.0227905198222566,1.000177111889632,0.6647036345273909,0.2903990925028551,0.144078096130562,0.4958605991304402,-0.0131619294011631,0.0216835511655302,0.0787525724370259,0.1360305683931419,0.0527506852571691,0.2644983240452558,0.4676478871257403,-1.69530734484279,0.2313803353584902,-0.0211850132874195,0.3086490187835239,16667.74
2022-11-20 04:00:00+00:00,0.4991042373315292,0.0009165840948374,-0.0005000527273871,0.000301736400927,0.0177188398558569,0.0125330073951477,0.5371837378961202,0.0217064681061278,0.9194059748048988,0.3915134894805313,-0.1012241054613775,0.1346122953792314,0.4958582170197678,-0.0125469880974844,0.0213798959776339,0.0780019628534842,0.1356326827215694,0.0523391227366927,0.2674336557058898,0.4673770923549666,-1.693303934994152,0.2177915146567991,0.1928360220084619,0.3096531731648636,16660.41
2022-11-20 08:00:00+00:00,0.5002172833706523,0.0009373072803335,-0.0029639621284877,-0.0023533309539051,0.0143231820035125,0.0118760497823763,0.6516913684969634,0.0210494627460864,1.0267786149377305,0.3028515449546202,0.637806637806655,0.1259923008554419,0.4959840868979687,-0.011916198871967,0.0178905155006039,0.0739001330336646,0.1316979961451001,0.0517614443490083,0.277033502538958,0.4655513182060593,-1.6366955772785037,0.2074709789552165,0.4973832692779334,0.3106454439089315,16705.12
2022-11-20 12:00:00+00:00,0.4945500516263416,0.0006600153416365,0.0106090765194064,0.0114963145183748,0.0279267791148611,0.0119315593140578,-0.0059698371816952,0.0214374614982785,0.9564958915465516,0.8756770510725334,-0.8927168328800329,0.1214886154950646,0.4954111052001796,-0.011541494631369,0.0314712892380428,0.0878757227574087,0.1468398844210992,0.0520682463288093,0.2508289254336561,0.4712963950975992,-1.6248331385738546,0.2429687685436561,-0.5391769226485587,0.3116866792417644,16471.26
2022-11-20 16:00:00+00:00,0.4969579973002673,0.0001756400907034,0.0039314872922355,0.0054488205108587,0.0215397573330542,0.0119273953560462,0.2416713138205004,0.021233718694657,1.1209345553542251,0.848499156617235,0.5254777070063793,0.1219761543879445,0.4956641016242762,-0.0110077999649098,0.0250053630050612,0.0807922062579087,0.1398143582562434,0.0514404232622519,0.2661223125177289,0.4682072100328268,-1.5865756637288824,0.2766263954637453,-0.2338422809609788,0.3128338236459691,16559.06
2022-11-20 20:00:00+00:00,0.4972743979470957,-6.158761682329338e-05,0.0026128782949947,0.0044856138275761,0.0202525512570759,0.0114859599179063,0.2602370732884511,0.0211653065500854,1.029716689329686,0.5876315476289922,0.0910429776409076,0.1224500466378659,0.4957000635761137,-0.0105203250623625,0.0236539310644239,0.0790677069563583,0.1384144509059548,0.051071899003724,0.2709060413553658,0.4675373479829442,-1.5846923419319117,0.289199908802465,-0.1246921687735999,0.3139673922014282,16565.85
2022-11-21 00:00:00+00:00,0.4902712638154629,-0.0010591289142488,0.0183063384656487,0.021743621708816,0.0380666848487536,0.0121759532830526,-0.3861511331497002,0.0264037300510585,0.3605827498270489,2.464329042291981,-0.7384373107207698,0.1312380258991183,0.4949571934688753,-0.0103932684189494,0.0415004378939261,0.0978180070276206,0.1587214713381792,0.0517791999463043,0.2357756103535048,0.4759699964667175,-1.6675905425226452,0.4125078832564605,-0.7048605109413346,0.315266331003471,16261.22
2022-11-21 04:00:00+00:00,0.4864112029009262,-0.0028055522398435,0.0262522812699108,0.0326043346964362,0.050179356308617,0.013176129035299,-0.3800415511639771,0.0403689723577233,-0.1443502564848386,2.8694574186793584,-0.5459419997986081,0.1486870062128787,0.4944574305974955,-0.010434802406912,0.0536726311846269,0.1109330352669624,0.173245876583808,0.0523927813809016,0.2124733181260634,0.4823625181738517,-1.689804467808685,0.6092347177680126,-0.7256293471736719,0.3168568858922461,16044.36
2022-11-21 08:00:00+00:00,0.4866688727810417,-0.0035516365623489,0.0241787188208191,0.0322762199339312,0.050620738983272,0.0140124525406915,-0.2464959429909463,0.0482072880179335,0.2436959789361079,1.4355704461039276,-0.0963641568851987,0.167291723608753,0.4944220693945031,-0.0103013294175668,0.0541227773364463,0.1116023538011456,0.1745962871667943,0.0525096024465167,0.2126312087893488,0.4829494487413309,-1.6417924157344104,0.7043551415438605,-0.8302498183247763,0.3185620198502252,16010.66
2022-11-21 12:00:00+00:00,0.4888322123525639,-0.0041220532196085,0.0166698961061069,0.0263991813551391,0.045530952086535,0.0141334900849457,-0.0648777666432,0.0535499036936883,-0.0060902392875789,0.9544549236063578,0.2368538214197433,0.1857132825895634,0.4946018610851168,-0.010168509580443,0.0490337919481809,0.1065092194358297,0.1698903437510337,0.052305323030197,0.2235478385963262,0.4809968792343916,-1.6944582685001663,0.7152971106953034,-0.5610446522135584,0.3202469744475061,16059.36
2022-11-21 16:00:00+00:00,0.490930602943245,-0.0038451101900781,0.0107669672672341,0.0209393369500563,0.0404105964623664,0.0141630658405951,0.0599401357972226,0.0562721089509959,0.2004853929838586,1.4645359049360822,0.2073105247008262,0.1980687570108561,0.4947975618352883,-0.0099334883910141,0.0438927885345001,0.1011992355239237,0.164878919184539,0.0520507633876951,0.2349058515180675,0.4788368229833742,-1.6140612474036216,0.7687969796315451,-0.6208135470484205,0.3219119884961753,16113.25
2022-11-21 20:00:00+00:00,0.4839729308569058,-0.0043407798200803,0.0313351744769878,0.0431670226170739,0.0639789216002051,0.0150496181573,-0.2398068589619801,0.06419798955485,-0.3396105033679115,2.8941968848609854,-0.7236507699207639,0.2111463856975597,0.4938685003600861,-0.0101099743285779,0.0675644209728372,0.1264940863364687,0.1923434218190951,0.0532683394720573,0.1894399225940919,0.4903407641016296,-1.6942304729988085,0.9699750742998816,-0.8503240834514862,0.3235950555356504,15726.4
2022-11-22 00:00:00+00:00,0.4863680671103926,-0.0051284653506374,0.0235502551083823,0.0374787769988314,0.059566179386393,0.0161354821749493,-0.0770617214734626,0.0735882266924329,-0.8372898221229952,3.0187339281316974,0.0667749678733381,0.2312366621807146,0.4940370355273955,-0.0101724374537248,0.0631916272998589,0.1224368104991837,0.1888590997827941,0.0531987611512624,0.1983073642586352,0.489379577502651,-1.7387943281568234,1.0712166776138752,-0.616446542031,0.3255727363947367,15755.75
2022-11-22 04:00:00+00:00,0.4884156043545325,-0.0049251689341176,0.0158360563886637,0.0304865426825355,0.0533099173254771,0.0165189337062998,0.0469445883502673,0.0794503646027456,-1.7058084387093952,1.5671432865631152,0.2776070847641451,0.2470660286713099,0.4942473460901486,-0.0101050851648197,0.056945682316811,0.1162314594399915,0.1830233231206623,0.0529785357719172,0.2110081059034239,0.486945260285444,-1.8568524117014236,0.9936293048399892,-0.277003378089976,0.3275781235899385,15817.18
2022-11-22 08:00:00+00:00,0.4875525251631329,-0.0048384254578631,0.0173411122425108,0.0329018687500519,0.0567341158657261,0.0163414528481161,0.0474456250210779,0.0857253234474323,-2.1602565738978603,1.32223310891875,-0.3148380236223502,0.2625306216586596,0.4940780421406041,-0.0101664811868641,0.0604204459307105,0.1203468086666454,0.1881511804719364,0.0532342782504137,0.2048099141494575,0.4890686220985302,-1.9598926604613784,1.000856004946503,-0.3501756587202009,0.3295597780858059,15732.39
2022-11-22 12:00:00+00:00,0.488369436739357,-0.0045861154364884,0.0135464601891872,0.0297155234679498,0.0543807861660885,0.0161345760465942,0.1055589091969874,0.0907717474554758,-2.194054734627833,1.1145416850885312,-0.0087277197295641,0.2783159672911203,0.4941294541127948,-0.0101783903185218,0.0580984973499925,0.1183507964559906,0.1868080123458075,0.0532000573269419,0.2097945541868993,0.4885598228070782,-1.940484463088602,1.0334226428563835,-0.4086574654956094,0.3315179807463116,15733.5
2022-11-22 16:00:00+00:00,0.4986533579954254,-0.002540664150915,-0.015166080573854,-0.0014376814055169,0.0221459269076553,0.0164292556996548,0.4577816483112766,0.0882073906745441,-1.802931734651624,2.9884353776200245,0.751909912485506,0.2770926857616171,0.4954665645918141,-0.0095858837685636,0.0257243324834322,0.0840964700735023,0.1509975040707594,0.0516012558512661,0.2756605959343805,0.4730237026632456,-1.755168966874468,1.2360570418284655,0.1126662672258842,0.3334260800592832,16207.66
2022-11-22 20:00:00+00:00,0.4977968140341178,-0.0006345981684485,-0.0096888059770359,0.001655697620531,0.0245383547029132,0.016851671540131,0.43501593018625,0.0865215858843273,-3.097504613810676,1.5589615991743293,-0.2386240745362239,0.2667399482234306,0.4953727673582109,-0.0092019824214968,0.0280738066007704,0.0863398933541785,0.153826554673351,0.0517731458228787,0.2724072653624915,0.4727693816585783,-1.917673461358959,1.1762718349396886,0.5095506291192344,0.3350767309894105,16153.43
2022-11-23 00:00:00+00:00,0.4989833290289482,0.0007248127943054,-0.0111903784582798,-0.0018542950063892,0.0201958838148188,0.0163997623294982,0.4903881561531362,0.0834958339882575,-2.049585656412785,1.365912179738932,0.3361301805237687,0.2571010021092427,0.4955518477688154,-0.0087559565069054,0.0236642718392643,0.0814232809032189,0.1490354318032607,0.0515496468149556,0.2831772521188829,0.4700766927026201,-1.74836623586535,1.0663115429898584,0.6452712378988364,0.336707847336727,16206.32
2022-11-23 04:00:00+00:00,0.5056070320458412,0.0024415572652316,-0.0283390339047999,-0.0219802674775112,-0.0016718923740269,0.0160681723225984,0.7653829919624634,0.0793555460779666,-1.6091537796676283,1.3035198041950973,0.8026358988790399,0.2453446852830539,0.4965098132734335,-0.0080108895118031,0.0016384532540913,0.0576444429352731,0.1240705132159789,0.0504440907620606,0.3322784421868024,0.4583950042250289,-1.6374975854773623,1.089548521969891,0.7576115660867856,0.3380420251346243,16552.59
2022-11-23 08:00:00+00:00,0.5061232261876499,0.004201769431191,-0.0256571716304799,-0.0225467057619159,-0.0040156136192945,0.0161797495366585,0.811498854579294,0.0765083025281926,-1.6606768565629042,0.7938643602190965,0.2061591103507334,0.2331428304251193,0.4966376819665552,-0.0072897743420509,-0.0008267924097928,0.0542843796075127,0.1206778455938137,0.0504254078997095,0.3405941276359451,0.4548856253665225,-1.624957789068956,1.0731859300500963,0.8679894448391373,0.3388557584843769,16590.15
2022-11-23 12:00:00+00:00,0.5054638620183035,0.0054506919467978,-0.0199936166773554,-0.0196768593023926,-0.0028863561527652,0.0158781333082417,0.8119610497691483,0.0743503103400192,-1.535654307960198,0.6285800999233392,-0.1153230112119518,0.2236824736324557,0.4966192055094195,-0.0065663975854805,0.000185732264039,0.0545238168680994,0.1210655786376861,0.0505816591781462,0.3414636951573405,0.4528697467694088,-1.592468134091772,1.0516564179840333,0.8507070276415836,0.3395084305726747,16572.29
2022-11-23 16:00:00+00:00,0.5019945323172861,0.0057031181826218,-0.0075330491856492,-0.0086933007373968,0.0069183949170801,0.0159250066064695,0.695542004386792,0.0719647016733298,-1.7681576504035152,1.1365827101421486,-0.6339320126416408,0.2115040833334504,0.4962179029687572,-0.0059931195207715,0.0099189262172072,0.0640752264851818,0.1313957468079329,0.050994192471495,0.322874947988529,0.4550327036154177,-1.7089132000426697,0.898350364575303,0.3197826719705087,0.340106023316445,16408.56
2022-11-23 20:00:00+00:00,0.5028352504467104,0.0054216010208944,-0.0090397897237924,-0.0109737346358318,0.0035048898728593,0.0158516969282662,0.7573366992725402,0.0690009369260915,-1.8008448197573246,1.373114506660004,0.1316436637390191,0.1989717157138184,0.4963980711510017,-0.0053983359695734,0.0064055555640245,0.0597360221601233,0.126976753733907,0.0506744878308023,0.3331274600585997,0.4510292439302321,-1.7123096900131347,0.9236016128789984,0.4817606507435488,0.3406648767713675,16460.23
2022-11-24 00:00:00+00:00,0.5052816840123654,0.0053875388767211,-0.01484617111106,-0.0178926032407519,-0.0048127545185162,0.0160129386484192,0.8813675140660225,0.0680645740739248,-1.8824029769937536,0.8863370987554537,0.5605402797877373,0.192061672892392,0.4967964598087668,-0.0047177910118726,-0.0020392099357912,0.0500874211481265,0.1168415823071162,0.0500940605290387,0.3548889223701424,0.4445472676298171,-1.6986567913462502,0.8896981515752438,0.6950144521642323,0.3411136846565649,16597.46
2022-11-24 04:00:00+00:00,0.5069965803133271,0.0057311736211247,-0.0177491831597962,-0.0224396800616639,-0.0110234753806901,0.0159479559820829,0.9613949517438756,0.0694500618922883,-1.891965900846429,0.6579984621912571,0.3855426008968651,0.189564324506504,0.4971190946986379,-0.0039600645198267,-0.0083900212955012,0.0424802022097852,0.1087847185525314,0.0495537784602656,0.3728868796560553,0.4384416435888038,-1.700965904119257,0.8214797629729534,0.317761910524832,0.3414153972979017,16706.72
2022-11-24 08:00:00+00:00,0.5049319958040979,0.0058313356422286,-0.0093833987643846,-0.0153912820456569,-0.0054284376373407,0.0157211636903977,0.8520889453829721,0.0738004862172056,-2.6549674401659304,0.5796285841702523,-0.6965642811906124,0.1889562680158293,0.4969026688886554,-0.0032552883974144,-0.0029033309451276,0.0472972393159067,0.1139164265294185,0.0495796824525996,0.3639641498768798,0.4367780500525076,-1.98754844964132,0.8042799737441105,0.0544394691193708,0.3415935921139001,16618.72
2022-11-24 12:00:00+00:00,0.5034782130430291,0.0051206656393532,-0.0044769776397904,-0.0105878098771995,-0.0015920865831429,0.0155175788522292,0.7743947663087044,0.076167950461117,-2.608962061700532,0.5018993511599027,-0.4293254729915146,0.1829918937981859,0.4967571893062494,-0.0026700252434608,0.0008450571680853,0.0504554069062888,0.1173468590349613,0.0495326572513069,0.3585342393705298,0.4339550218223955,-2.0378746848586453,0.7927708995757623,-0.0341885513735946,0.3417696780882746,16556.09
2022-11-24 16:00:00+00:00,0.5031705141078018,0.0042957404018717,-0.003399280161772,-0.0092851784384098,-0.0011099222539324,0.015002937796863,0.7467887152819913,0.0778403095372866,-2.403441312758374,0.5344777698410249,-0.0555516588342702,0.1758903315451176,0.496758782741926,-0.0021199090448812,0.0012393295868573,0.050139098052933,0.1170905493902518,0.0493243892110346,0.3606531769853274,0.4284672583343477,-2.0329018875567098,0.7081055927264702,0.2832304651256577,0.341943680178052,16548.19
2022-11-24 20:00:00+00:00,0.5032340262235402,0.0037411050721106,-0.0032409235307729,-0.0091415916730921,-0.0018634009542823,0.0147643648322244,0.7332306073988973,0.0790669615162277,-2.4386136971803323,0.6115235810426783,0.089252510226859,0.1711429420682541,0.4968239781655262,-0.0015476670901535,0.0003902630649332,0.0484671589890388,0.1153558654263191,0.0490170132585012,0.3658694181364432,0.4222210764204422,-2.086703919297721,0.593069536751552,0.2692248261653388,0.3421156230449065,16562.56
2022-11-25 00:00:00+00:00,0.5034291627543992,0.0031461581408838,-0.0035761966305811,-0.0093025769568084,-0.0027943314015934,0.0141619868479689,0.7258304197620331,0.0801564197332889,-1.9934096246356372,0.4471282616747083,0.1622198505869561,0.1669692586211439,0.4968906690515425,-0.001010127620919,-0.0006304105054808,0.0466475519073164,0.1134646132580705,0.0486411130985914,0.3714998964486241,0.4145328416258613,-1.9608383221952723,0.5219478393322471,-0.057549183638149,0.3422855310586558,16579.3
2022-11-25 04:00:00+00:00,0.5009199547692109,0.00237663215618,0.0030753974810759,-0.0021046658813368,0.0039188522700468,0.013856583439187,0.623019667085985,0.0792193755111745,-1.7244708626478775,0.5085389653564553,-0.7318199815230116,0.1619381972224847,0.4966043853883378,-0.0005438976997713,0.0060218392711453,0.0529416202937924,0.1202292669184992,0.0486252358060439,0.3582044561276057,0.4087931156737376,-1.8901572306788597,0.4913377809944723,-0.8669857847403407,0.3424534283007123,16467.63
2022-11-25 08:00:00+00:00,0.5006013164726887,0.0013388697588861,0.0028033446077437,-0.0012441440327419,0.0045975828622741,0.0136348072159006,0.592899247928712,0.0731497244054726,-1.5932757313954335,0.7406809804165303,-0.0993220772576261,0.1519926496598446,0.4965856141378337,-0.0001705223038303,0.006645902314184,0.0530576196291954,0.1204716511032701,0.0483434383287598,0.3588971818383949,0.3999887369220392,-1.8721972748827904,0.5003888646054757,-0.4992661814478774,0.3427429332949077,16452.03
2022-11-25 12:00:00+00:00,0.5021484473087536,0.0008000175262496,-0.0018705235849403,-0.0053095957509861,0.000183193375371,0.0132419700066707,0.6351710178930041,0.0672957583162306,-1.4073919939829684,0.5969652131236833,0.3774060871949486,0.142692654591217,0.4968020015818208,0.0002311137986145,0.0021600310471501,0.0477716823950018,0.1149297626437322,0.0478080112715541,0.3727408069314815,0.3890389024821903,-1.8051599538588932,0.5014223981650033,-0.1020157546350418,0.3430622108100161,16522.05
2022-11-25 16:00:00+00:00,0.5013697013523934,0.0005442905843566,3.57371466002121e-05,-0.0031421156619388,0.0019443823723515,0.0130486053145659,0.5865193826265471,0.0582635059813527,-1.5569018764604574,0.7857314507057827,-0.2185761957730718,0.1367953452313781,0.4967415325513358,0.0006522457418438,0.0038574148251384,0.0489066706687655,0.1161888178434404,0.0475679763974594,0.3710897282989201,0.3800659159247762,-1.8642924139885,0.5229151644838679,-0.1682990385479344,0.3433777098441957,16491.97
2022-11-25 20:00:00+00:00,0.5018180990417632,0.0003153145229822,-0.0012546614896361,-0.0041477528021542,0.0005677171630427,0.0126329741471641,0.5913664289888692,0.0434080172302274,-1.2703240803260607,0.5795056838198455,0.2377049180327802,0.1313046383600299,0.4968191256083525,0.001051517112358,0.0024141953916843,0.0467749337807885,0.1139674754556454,0.0471596023888297,0.3776286691478354,0.3693501305075343,-1.7881561448610996,0.5030887208417669,-0.1686742853220822,0.3436894751137763,16513.43
2022-11-26 00:00:00+00:00,0.5016114391588586,0.0002212757525159,-0.0006848246988185,-0.0034630972864457,0.0008491171736042,0.0123463612567557,0.5613090218530211,0.0350342917264415,-1.1748382595077116,0.5800162376535889,-0.0294980921631693,0.1293275649718009,0.4968227413941,0.0014573274201682,0.0026303028436327,0.046353071706511,0.1135440632282975,0.0468215807577399,0.3798591833613069,0.3586121557678766,-1.7554629634857957,0.5047395937559775,-0.2527789807997574,0.3439975508058902,16508.49
2022-11-26 04:00:00+00:00,0.5040877104070836,0.0005093816057538,-0.0060888452476893,-0.0092928289076317,-0.0056456471201737,0.0121594009644591,0.7464851220190301,0.030094774045567,-1.0257892451046533,0.6541564522521726,0.5740146891486474,0.1318269692568406,0.4971577572286713,0.0019097804115363,-0.0039542362680096,0.0387315010693074,0.1053989990965069,0.0461952372994319,0.4021025025209071,0.345009175688086,-1.6990180830396997,0.5018435563062199,0.4216225220722883,0.3441329773728912,16619.42
2022-11-26 08:00:00+00:00,0.5029573105350729,0.0005589533340159,-0.0028643561552234,-0.0062327963653777,-0.003103744594572,0.0118481208874146,0.6593000109988794,0.0230123943683016,-1.0920704630798308,0.4191796800148934,-0.3250958323138438,0.1340282994780327,0.4970586401806258,0.0023457464754541,-0.0014807370543813,0.0405903502324531,0.10734438205746,0.0459939067592604,0.3985034975200703,0.3344619109024602,-1.7316681398855565,0.4429400313854394,0.428935303107485,0.3441837921268442,16579.53
2022-11-26 12:00:00+00:00,0.5025754646230878,0.0005075786217149,-0.0016579838498241,-0.0050364179425627,-0.002351613478462,0.0114894578322991,0.620751634372406,0.0184051170182456,-1.0537580517928162,0.3706952885003478,-0.1377024097921615,0.1342767880770369,0.4970405561946394,0.0027523259433122,-0.0007955608639833,0.0406080643079513,0.1073299136160017,0.0456789929104354,0.3999377246443852,0.322335482434084,-1.7169976458644085,0.4008742122482593,0.171809151113785,0.3442340055149959,16569.07
2022-11-26 16:00:00+00:00,0.5007863287231905,0.0003501592840967,0.0024029391334445,-0.0008293480596044,0.0015106676202769,0.0111934104589074,0.4028928355978977,0.0184047977729028,-0.9930453433227242,0.662442879389226,-0.3139639190670789,0.1353512856058744,0.4968754252106022,0.0031389340183698,0.0030096865564419,0.0439032936473093,0.1108055777476926,0.0454941607820541,0.3911135549287001,0.3104521929958632,-1.6898284498113314,0.3606973029510083,0.0591524187667067,0.3442836246541934,16506.57
2022-11-26 20:00:00+00:00,0.5001747224184588,-0.0001102185105031,0.0030911959880364,0.0005067093927419,0.0027585167691734,0.0111668177191429,0.3400773940689249,0.0185351398293228,-1.0532658673993056,0.3996965545868966,-0.2026990794530379,0.1336096448523044,0.4968260006241092,0.0034400392371591,0.0042116243469008,0.0445940142818312,0.1115481694346631,0.0451921048629135,0.3895815216303611,0.2969839742276117,-1.698576084173126,0.3228539028396218,-0.0992832304307699,0.3443531610208701,16484.53
2022-11-27 00:00:00+00:00,0.4992827931612562,-0.0004967585619317,0.0043310554458493,0.0023727352589852,0.0045915805370664,0.0109708721138843,0.2286969305735856,0.0182944495116521,-0.9382683808139628,0.507850914320946,-0.1981870110517943,0.1291521974685605,0.496748650546423,0.003719200114406,0.0060037796171228,0.0459241476677447,0.1129740904229945,0.0449552970487726,0.3854878043084724,0.2834621766976838,-1.6540035523114611,0.2965016618943152,-0.1767692695849605,0.3444965939437246,16452.39
2022-11-27 04:00:00+00:00,0.5011892029011112,-0.0006567276420808,-0.000187614062829,-0.0017565420769862,0.0003671983766593,0.0107703819743535,0.4378496934216554,0.0169292303042842,-0.7923936393015953,0.4445111342430601,0.5662620552045331,0.1247595097290029,0.4969647792580611,0.0039776035931085,0.0017288562950141,0.0409343452475712,0.1076599638706552,0.0444585700064997,0.4033006231058246,0.2685382722039171,-1.6044446068130225,0.2593400847563016,-0.3328401869473071,0.3446735567536748,16520.4
2022-11-27 08:00:00+00:00,0.5021571908619352,-0.0005019811110983,-0.00201889967746,-0.0036611241884602,-0.0018097017924469,0.0104548347309745,0.5634908401772203,0.0166648995902638,-0.7700861909054394,0.5350714820183751,0.500404094827546,0.1239634442653051,0.4970896147971254,0.0042833388978834,-0.0005046173746039,0.0379954610956398,0.1044850231545833,0.0440469075512607,0.4152267169103362,0.2538077920556845,-1.5914639533667536,0.2541333732338662,-0.0756531387646688,0.3448484253021412,16557.37
2022-11-27 12:00:00+00:00,0.5018474102366096,-0.0004775062775525,-0.001396376053411,-0.0029554025662351,-0.0012914311596202,0.0100666304608173,0.5589487536295602,0.0150385152685727,-0.698562248146938,0.4155820833994567,-0.1046966731898372,0.1224823426291125,0.4970805350644586,0.0045717437913931,-3.4273492868441835e-05,0.0378975211971739,0.1043375833024053,0.0437602532729822,0.4168573092232792,0.2395611534195251,-1.5549585445238423,0.2458732122349664,-0.0690629097878383,0.3450212243736042,16549.03
2022-11-27 16:00:00+00:00,0.5021232375325358,-0.0004254652367282,-0.0018441696221946,-0.0033671830943954,-0.0019005922182177,0.0096714426722057,0.6500065840983088,0.0128634566602086,-0.6831370831599936,0.5352772072976393,0.1775826138731801,0.1210971442222511,0.4971242429888391,0.0048495961010948,-0.0006924222512226,0.0366258199280591,0.1029304392354211,0.0434078180098739,0.4233609521869021,0.2238719524117281,-1.5523883193815038,0.2187974808477839,0.2460507195425004,0.3451919784592317,16559.7
2022-11-27 20:00:00+00:00,0.5015095781879048,-0.0003999060710333,-0.0006021865334402,-0.0020657485307361,-0.0007708305543444,0.0092926003067587,0.5696769805956172,0.0127328235108617,-0.580996787404699,0.4924723960146577,-0.3011429517972602,0.1200433841981217,0.4970782619505099,0.0051223805031457,0.0003924863976498,0.0371724746563972,0.1034531244224945,0.0430939813856328,0.4218873514588305,0.2069562136520071,-1.5193998817004102,0.2132906567091538,0.2679885623212781,0.3453607117603524,16541.48
2022-11-28 00:00:00+00:00,0.4977938914259363,-0.0004357519058512,0.0062672603918421,0.0049273255581405,0.0060978792536461,0.009076291689681,0.0427854446172135,0.013069111199497,-0.4793785850255682,1.565905932306395,-0.5775870981081281,0.1181140838629219,0.4967504133340895,0.005408365348671,0.0072256722466974,0.0436920345605489,0.110328537584881,0.0430228873408077,0.38914080028013,0.1897999401852619,-1.48937237607078,0.2635526516763201,-0.1209689862675533,0.3455320776800195,16428.77
2022-11-28 04:00:00+00:00,0.4904684214907842,-0.0017807457590527,0.0190843395423732,0.0198330039456755,0.0218323726032008,0.0102575818711402,-0.5024763401807936,0.0213184472406235,-0.5268606982201096,2.8226010262204806,-0.6102739251840417,0.1222286135864409,0.4959873238578733,0.0054814443677351,0.0229872382476998,0.0598517815502248,0.1276336110138494,0.0435136792457728,0.2951908242311598,0.1733034749827664,-1.4865481869523185,0.4082410265672725,-0.6526522665491172,0.3460621262084856,16164.89
2022-11-28 08:00:00+00:00,0.4926169557162365,-0.0027501413495566,0.0122122003937834,0.0148300073323168,0.0177074566974047,0.0105125590518873,-0.1178313972214149,0.0273250665581638,-0.7344754655678507,1.0826410874248436,0.4799629801018133,0.1320961710485976,0.4961751126292303,0.0054033166364153,0.0188755696972804,0.0554910625194542,0.1231369540971842,0.0432559161837835,0.3097853859593283,0.1593488223059568,-1.4941036093541655,0.4422753568584064,-0.6257567115020155,0.3467686462006913,16217.51
2022-11-28 12:00:00+00:00,0.4929699250086948,-0.0031259878398459,0.0098727890436365,0.0136433744834452,0.0172048913154556,0.0102666345182776,-0.0177265009349946,0.0312093868695322,-1.0123334087583522,1.1020534373993118,-0.0520719140539359,0.1391565171326992,0.4961884727024195,0.0053781856278063,0.0183829292757582,0.0548305466850613,0.122551662509633,0.0431496934519093,0.3010921845003584,0.1443726742177843,-1.5617106459881869,0.4888438778659059,-0.6139805325040953,0.347466804901577,16214.09
2022-11-28 16:00:00+00:00,0.4910914427195984,-0.0033149023953662,0.0125247058473363,0.0172332961544001,0.0214678286616569,0.0101085677614424,-0.0851180039706292,0.0349418515930355,-1.2485029463458532,2.0368848361730207,-0.4284788945266064,0.1450115843307976,0.4959697136817436,0.0053686911344444,0.0226627404473851,0.0591285543571897,0.1272477471352668,0.0432475474391012,0.2531642368939213,0.1297797107999592,-1.6086424351474475,0.5906999726256777,-0.7819934863009923,0.3481567012626129,16134.67
2022-11-28 20:00:00+00:00,0.4944383296285863,-0.0032235746315292,0.0055246083299271,0.0107824532910427,0.0155487950305728,0.0109290974794377,0.1205392974025191,0.0379391082994599,-1.1164643457575951,2.7438017718544243,0.2101837964257582,0.1494039050766159,0.4962782307183266,0.0053157090873549,0.016746098686631,0.0528530781136999,0.1206809241497748,0.0429497744809467,0.2772941932965029,0.1129576091216089,-1.5828055627939754,0.7644358551273542,-0.5423785707092715,0.348906296962109,16217.35
2022-11-29 00:00:00+00:00,0.4940721763753143,-0.0028812758403272,0.0058582779614269,0.0112574683355251,0.0164060394094027,0.0109028129763069,0.1240579124635734,0.0398819763665514,-0.9396075156626044,1.144482042433495,-0.2815650504080715,0.1525084999201882,0.4962283350760391,0.0053327859498073,0.0176061330949983,0.0535434830006986,0.1215008645149118,0.0429184180448738,0.258967529641101,0.1058072840766174,-1.509884926393428,0.7616779436800722,-0.4847842200625938,0.3496525511058485,16193.89
2022-11-29 04:00:00+00:00,0.4967767226235707,-0.0024169211216912,0.0001698170566606,0.0054546899659912,0.0108526644213882,0.0108783362662255,0.276946798832656,0.0411954943462539,-0.8563121977061505,1.3342944741622744,0.385067720634307,0.1567112632927292,0.496508245994192,0.0053310606327556,0.0120444426438757,0.0475636483127237,0.1152058691195443,0.0425062826258975,0.3024112654004705,0.098129417924887,-1.4724829112262832,0.6852512471287199,0.2748303124285046,0.3503899737255485,16273.76
2022-11-29 08:00:00+00:00,0.5021102291490489,-0.0010062667079211,-0.0090524668605459,-0.0054510885214654,-0.0005964618451298,0.0112230707207063,0.5602510994721058,0.0405056052980867,-1.0732764237272483,1.4052881857321922,0.7371565583113909,0.1482054641929454,0.497122633489077,0.0054955032669524,0.0005392017691439,0.0351293506898064,0.101892677877623,0.0418921149584772,0.4225508369058862,0.0891326966476448,-1.4964238892922697,0.7296297159437638,0.4515495171794307,0.350736778568246,16460.13
2022-11-29 12:00:00+00:00,0.5027299515721476,0.0001082848026142,-0.0085184656451515,-0.0064298308670223,-0.0021475708463396,0.0109756841763166,0.6123926767652723,0.0393242236533677,-1.208952338159751,0.8145261456574577,0.2260616153205439,0.1381962120731168,0.497226091730111,0.0057361682973623,-0.001061816169816,0.0329017966194806,0.0994154146636132,0.0417201902568248,0.445810391617021,0.0844628439602882,-1.5378952971859767,0.726614398309086,0.4975777664456878,0.3509491824846713,16487.26
2022-11-29 16:00:00+00:00,0.4997230768854463,0.0005459211922744,-0.0015026508205258,-0.0001226590036255,0.0038667681747459,0.0108846883660793,0.4700723925623813,0.0383834388290193,-1.5444754768932587,1.1993800278525732,-0.5434496379196947,0.1321864715152504,0.4969343622736536,0.0059566519869935,0.0049233102744954,0.0386057622787205,0.105412326155813,0.0418736421191602,0.3765807271930963,0.0818962940917,-1.6484617741304457,0.6917673016419863,0.4606796823777921,0.3511491511965193,16387.62
2022-11-29 20:00:00+00:00,0.5007874444890794,0.0006772500601545,-0.0033127402604132,-0.0022652350606009,0.0015354658667381,0.0107242929398862,0.5433712375836112,0.0370728212941361,-1.3910709931032132,1.1447481155087078,0.2599364069952404,0.1297076293810425,0.4970697778644525,0.0060887784425313,0.0025614357581369,0.0357356859283177,0.1023012171693114,0.0416178333632348,0.4060487524899147,0.0812893305465298,-1.6100967382302998,0.5853131126388398,0.458914935773283,0.3513467533841738,16423.49
2022-11-30 00:00:00+00:00,0.5012122617392898,0.0010268416131843,-0.0033127850384504,-0.0029593466958013,0.000457221638237,0.0105526553591471,0.5842767344441437,0.0359764081629484,-1.177986173951624,1.0922580739883512,0.1624922559518569,0.1246320179523864,0.497144844989733,0.0062800863747932,0.0014428556677283,0.0340657353922064,0.1004207923830196,0.0414032559831266,0.4156899903054139,0.0799794355797964,-1.5642287412075582,0.6020912766984852,0.5515706048665374,0.3515420170541996,16441.63
2022-11-30 04:00:00+00:00,0.5113909017161216,0.0028253052808621,-0.0218377648157402,-0.0244633092292452,-0.0226205787078022,0.01169702517213,1.1074498535315094,0.0426628359685464,-2.1765050169126967,3.1530567781413468,0.6181478818291698,0.1310224744766629,0.4984743636927221,0.0066335296383713,-0.0217588328632729,0.0091298041847223,0.073555778812878,0.0404405323710664,0.7189413461284364,0.0779136804008146,-1.582347572063055,0.8211686059276684,0.7119255106226929,0.3505181616665961,16845.27
2022-11-30 08:00:00+00:00,0.5117224825310202,0.0039182611265824,-0.0193519859696821,-0.0242514370845794,-0.0238185949981477,0.0120007999251518,1.052248400244291,0.048686048670343,-2.193830976151674,1.0198470987149884,0.3555277590686099,0.1414200976209922,0.4986029268653514,0.0071173260458973,-0.0230583943923312,0.0068005642263571,0.0707284630288365,0.0404063963293011,0.7445036305781838,0.077953392131273,-1.547299584422062,0.8297933703222622,0.5576105049010526,0.3490669782659884,16882.21
2022-11-30 12:00:00+00:00,0.5113116730931471,0.004469730174449,-0.0156909408969834,-0.022259113736338,-0.0231037335632591,0.0115854176178145,0.9800487711303516,0.0540413824587599,-2.1857104841614112,0.65144450352143,0.0421958643854352,0.1516611515885035,0.4986226912734197,0.0075929419926299,-0.0224397096208764,0.0064636281090955,0.0700124477605441,0.0404495085251768,0.7444338432957173,0.0781484584471444,-1.545504139446385,0.8523858699639305,0.5276625538323344,0.3476329688552259,16886.11
2022-11-30 16:00:00+00:00,0.5102910015574795,0.0043893589358469,-0.0125576890325123,-0.0199388483050749,-0.0217608163093446,0.0112974506212908,0.926143050524596,0.0575906853214379,-1.6906884089045418,1.680505475935513,-0.0745986064828724,0.1580713766542553,0.4986060823042704,0.0080029017321874,-0.0211787770029701,0.0068780952078262,0.0701231481396753,0.0405209226580519,0.7432418746619575,0.0767760050015296,-1.5174968638269597,0.9687405132705788,0.6597173526080176,0.3462159301892024,16876.74
2022-11-30 20:00:00+00:00,0.5136968368932817,0.0042908116243551,-0.0201253282905986,-0.0282278865524205,-0.0310222273454905,0.0113826378150818,1.0490391407230977,0.061212012124316,-1.5452479256560283,2.5784906919871498,0.3986733450656565,0.1634063936465705,0.4992001368972844,0.0083342398072708,-0.0305307517693456,-0.0036491085067196,0.058580370894909,0.0401287526074616,0.8956706700389201,0.0736191586413065,-1.5025944197666596,1.229439085214158,0.8500472143531592,0.3447785696409003,17053.41
2022-12-01 00:00:00+00:00,0.5156566258341014,0.0048317499125832,-0.0228105333552561,-0.0325921132820751,-0.0368410165319278,0.0120254976209046,1.071688648241942,0.0683950335795022,-0.6852158783583056,1.333649627591858,0.5444262153527291,0.173573089251016,0.4996175725568889,0.0088281541670903,-0.0364661339582517,-0.0108805568431545,0.050424359248512,0.039887483099964,1.022790553905833,0.0699172450303344,-1.4003840033429686,1.3386855642122149,0.8834330143540661,0.3431066811675612,17179.78
2022-12-01 04:00:00+00:00,0.5140355472190887,0.0050787429279911,-0.0170775928506166,-0.0282378778395365,-0.0339074487563947,0.011995290673901,0.9719672054571098,0.0758040619097509,-0.7941267630955213,1.1791100769492946,-0.1732899887215488,0.1853632978999753,0.4995311019008453,0.0093954698151327,-0.0336450536604202,-0.0091327676041755,0.0517828793993391,0.0398911279271738,1.005208256215619,0.0693619193573038,-1.409276939778633,1.1887965749265892,0.5532221981669981,0.3412241412893517,17151.9
2022-12-01 08:00:00+00:00,0.51145604088262,0.0048381958305747,-0.0096677311016996,-0.0215233699577049,-0.0283690616630435,0.0116520931123096,0.8644932464854344,0.0817387086795341,-0.7056135305548096,0.574710768781211,-0.6945980825958932,0.1954248728807559,0.4992873150674676,0.0099297453635355,-0.0282072629819997,-0.0046354533497739,0.0560749717546846,0.0399774074559793,0.9441787106984484,0.0693597635077677,-1.398488204453746,1.1732186872778272,0.3505989752471648,0.3393638802773,17076.42
2022-12-01 12:00:00+00:00,0.5117746823010454,0.0042395591715293,-0.0092085084950926,-0.021122104582918,-0.0288488389167652,0.0111852717280628,0.8464884498611965,0.0835329387822763,-0.438679241736955,0.4957353555957202,0.3096584729170851,0.2037785969340092,0.4993847323578393,0.0103408009830416,-0.0287767516010198,-0.0062158885839529,0.0539388809562642,0.0398215479877786,0.976828904320352,0.0682501438362795,-1.32178345328732,1.1837424917560928,0.3942231363209909,0.3375256344727801,17105.1
2022-12-01 16:00:00+00:00,0.5068941025909012,0.0035110843340929,0.0002741612585006,-0.0114458447892122,-0.0199403979629295,0.0115817873513105,0.7193448383945586,0.0842251543748714,-0.1983156076999227,1.9295216228820664,-0.3236754966887474,0.2116748293155212,0.498943390396151,0.0108052729342431,-0.019948554012954,0.0018719013585097,0.0620664633260434,0.0400798976268612,0.8610824128463929,0.0685237916693019,-1.3353093623973296,1.28904514117115,0.1494181586721277,0.3356043621423095,16968.26
2022-12-01 20:00:00+00:00,0.5060567229890943,0.0022743445716431,0.0010860299656527,-0.0094498961815214,-0.0181655504319313,0.012058064859039,0.6859266531558764,0.082008260664175,-1.3001903100396297,1.177412090640995,-0.123762028517263,0.2138230482224694,0.4988926230103247,0.0110598941574401,-0.0182278241921853,0.0028778888367873,0.0627600528841867,0.0400360663266276,0.8429686207447231,0.0689302060076745,-1.423206787378308,1.1302720954480527,-0.2229256698357866,0.3336498311803185,16950.51
2022-12-02 00:00:00+00:00,0.5066116893822377,0.0012557947912089,-0.0009939011793737,-0.0103900668489321,-0.0192112318072714,0.0117457222014301,0.6892736969544004,0.0780191792712737,-0.5470320815259053,0.7337609684114129,0.2425346534653384,0.2154572205321895,0.4989996451487812,0.0112501539563391,-0.0193214189559381,0.0010504635533781,0.0604602787062034,0.0398148168249728,0.8659857626552651,0.0691041040535354,-1.316663460293127,1.0578525752006993,-0.4266853932584301,0.3317364734357907,16980.55
2022-12-02 04:00:00+00:00,0.5039489223187142,0.0004528301830067,0.003701407248319,-0.0047370619195103,-0.013677340430577,0.0116716543244577,0.6043498523028729,0.0732324949367417,-0.6126952802153789,0.6499860797313188,-0.4490197120237881,0.2175403930376825,0.4987280569720419,0.0114959940135382,-0.0138327654643783,0.0059629652249681,0.065300192121003,0.039862853154903,0.7932750725793418,0.0696278001589463,-1.3290140385114373,0.9777859690623544,-0.5509939498703552,0.3298457592706078,16896.77
2022-12-02 08:00:00+00:00,0.5055424387326748,-0.0001938466936299,-0.0003009414775665,-0.007774413405889,-0.0166839960762322,0.0112959255156356,0.6370740138521497,0.0669407831132944,-0.3958777340713854,0.3306291071983642,0.6668094218415189,0.2188222661300824,0.4989420876731246,0.0116132357389871,-0.0168779902913001,0.0022076673830959,0.0609694334987853,0.0395693924653396,0.8430879291296839,0.0697265641862218,-1.2786695607239793,0.940559233276786,-0.2540622299049307,0.3279774207099561,16959.05
2022-12-02 12:00:00+00:00,0.5064606421491399,-0.0005084445378327,-0.0023886886504604,-0.009283544296602,-0.018262630262436,0.0108152011799352,0.655853378014856,0.0593927492925672,-0.2287132131240853,0.4431184384367485,0.3531994981179354,0.2215500720362868,0.4990792081032145,0.0117603593918531,-0.0184986697915524,-0.0001187134741273,0.0581319985242736,0.0393334709739414,0.8729670605949001,0.0699331977507514,-1.230540011775459,0.9378968699077412,-0.2312013828867765,0.3261311929503627,16998.11
2022-12-02 16:00:00+00:00,0.5039969100253763,-0.0008476081451372,0.0015582511579725,-0.0047197689290681,-0.0137367479682379,0.011106725239451,0.5681533012128998,0.0559792831128137,-0.1287784008698719,1.6043499699093065,-0.2065693660750955,0.2217859500920703,0.4988621060114027,0.011949496055822,-0.0140105481922397,0.0038181411231577,0.0619321212509427,0.0392943062610692,0.8143466096142755,0.0704832046312075,-1.181437844237444,0.8845449318577322,-0.1175172587712465,0.3243914246744074,16930.85
2022-12-02 20:00:00+00:00,0.5053146984071747,-0.0011261768808881,-0.0015760100945368,-0.0071954832165932,-0.0161199213424365,0.0110229105967113,0.6048408567626085,0.0520499985688135,-0.2481697257006631,0.7539365077397004,0.5338093238135366,0.21919311246091,0.4990414520841127,0.0120269209600801,-0.0164244114639763,0.0007659133659982,0.0583480745930187,0.0389341076174939,0.8553060048377594,0.0704738063643754,-1.1827006422584097,0.8044833789234529,0.1001166346184107,0.322722109625446,16981.69
2022-12-03 00:00:00+00:00,0.5085731143416383,-0.0009401851784421,-0.0075087076322545,-0.0130952345796889,-0.022138675660801,0.0106973396987745,0.7297786914671267,0.0458363994471543,1.488267160775418,0.7242877095017359,0.9791264984491442,0.2199110124167532,0.4994494337003127,0.0121150174263433,-0.0224844188759332,-0.0060800283345436,0.0507055757139576,0.038428344233734,0.9484528204359324,0.0705325203765645,-1.0013526521804388,0.7986356054758417,0.3719383412665945,0.3210725500392942,17099.27
2022-12-03 04:00:00+00:00,0.5058649454736873,-0.0008591068608236,-0.0022450171658621,-0.0077739057146062,-0.0169974482243189,0.010627695736094,0.614165513887065,0.0365512864165028,1.5067086890426649,0.502741969457123,-0.5260920249605604,0.2242446499275628,0.4991891936472407,0.0123242648804707,-0.0173854254515377,-0.0015592387464983,0.0550798383450623,0.0383998691296711,0.8808997925004663,0.0713314368788257,-0.985941696638823,0.7717478282114977,0.342324442025044,0.3192899931110338,17022.54
2022-12-03 08:00:00+00:00,0.5038501959848198,-0.0010254886132656,0.001203533404517,-0.0039041971815338,-0.0131167247684342,0.0102378706954837,0.471392158615846,0.0253087802973698,1.556087866160571,0.4521947557620973,-0.4990496877545354,0.2259033435499783,0.4989970789982433,0.01246364110574,-0.0135360259306887,0.001765108257848,0.0582148597574607,0.0383280227138745,0.8309859023333999,0.0719973602468842,-0.962182657124904,0.7929736342828556,0.0200326619488313,0.3175272577450541,16966.06
2022-12-03 12:00:00+00:00,0.5030799898470795,-0.0012920546649363,0.0019931207217278,-0.0024869255946665,-0.0115322977844903,0.0099438470230335,0.401145041375023,0.0222605965469742,1.5247861469954544,0.4973060688703014,-0.1840047510640439,0.2233783742853907,0.4989367686363456,0.012528832022548,-0.0119732821400443,0.0028309483111239,0.0589862181254579,0.0381725325589843,0.8111073109984623,0.0725609753959101,-0.9549332598351292,0.7993503426006194,-0.1331246597713667,0.3157853834220441,16947.47
2022-12-03 16:00:00+00:00,0.5033858005839954,-0.0014826567140022,0.0009523254472023,-0.0029497720389229,-0.0117849763703486,0.0096065145316101,0.419623008050882,0.0214177637437131,1.4568200704375116,0.3770559977611645,0.2258282623393674,0.2196754827592855,0.4989840794822156,0.0125531237508682,-0.0122437106618692,0.0020611928371891,0.0578244291504856,0.0379113824440252,0.8167095944669521,0.0729810371367748,-0.9480222623647568,0.5810170674658376,0.1080839327643407,0.3140641232625669,16959.85
2022-12-03 20:00:00+00:00,0.503072919200026,-0.0015564808178894,0.0011207568225257,-0.0023515968823303,-0.011007898634914,0.0091762626611505,0.3908022892605458,0.0207289823979249,1.1366437056356546,0.3850006522007629,-0.1115130878909935,0.2167466285028905,0.4989687762443919,0.0125859722231562,-0.0114843878637017,0.0023421933899225,0.0577686177738643,0.0376615823094064,0.8074397963362484,0.0734843263895673,-0.9877289685982108,0.50644489868366,-0.103835116097055,0.3123632333088731,16954.61
2022-12-04 00:00:00+00:00,0.5004217722938605,-0.0017825414696481,0.0046989480013461,0.0018737966028989,-0.0064967834770702,0.0089613445643551,0.1560810495126817,0.0195219344366281,1.1010089293620853,0.7257417945544151,-0.7245465787304546,0.2104523730031097,0.4987214495135454,0.0126193710850355,-0.006983747406506,0.0064852138198532,0.0618139421333174,0.0375706558115714,0.7461163683500214,0.0740631632784332,-0.9859653696739024,0.4870712260401957,-0.7311762311762334,0.310716167166796,16883.68
2022-12-04 04:00:00+00:00,0.5031971210645164,-0.0016878233524538,-0.0001534739205298,-0.0027206232370317,-0.0108729466257925,0.0089220936507133,0.3843198582825285,0.0177824175699677,1.339632473564024,0.5677639864798202,0.4949136218624009,0.2062421483560871,0.4990227579735583,0.0125666285422869,-0.0113718765084537,0.0015798582534616,0.056290252772551,0.0370825920008058,0.8071194237974022,0.0735248719403832,-0.954400721360416,0.480389798882107,-0.298187897745666,0.3091153552411376,16965.91
2022-12-04 08:00:00+00:00,0.50426776207129,-0.0014128159271671,-0.0017356336526365,-0.0043597485001368,-0.0124478605452719,0.0087883535002692,0.519605947635808,0.0168211749483269,1.3176384754542485,0.5148139202053178,0.3195831898036279,0.2048284410702504,0.4991573675074676,0.0125757538627813,-0.0129658309736875,-0.0005315324482086,0.0536911293395601,0.0367088054118777,0.8320127880176021,0.0729896413617495,-0.942633533620406,0.4703766157771472,0.1691128045912005,0.307468456836919,17002.01
2022-12-04 12:00:00+00:00,0.5022159603348796,-0.001278575229848,0.0014214160439505,-0.0011351575034797,-0.0091455118517029,0.0085718681127462,0.3588472147659965,0.0148347454842966,1.1935509075082849,0.5528358097655043,-0.3324887387387203,0.2031635078169735,0.4989845681830005,0.0126261686349885,-0.0096812459859308,0.0023270122129896,0.0563394194324029,0.0365262823831973,0.7896014446632299,0.0736410682339195,-0.9549550631303388,0.4570543185318988,0.0335873553485722,0.3058170375626772,16953.63
2022-12-04 16:00:00+00:00,0.5051400233916277,-0.0012456913379694,-0.00334647249181,-0.005662036848787,-0.0134493453342389,0.0084571874607192,0.7389237760330261,0.01299055508485,0.9294025907052056,0.7081098313773628,0.5412585536025734,0.1977953731809708,0.4992880834625006,0.0125490757594749,-0.013992840935131,-0.0024553207924653,0.0509524413190658,0.0360700711147061,0.8510696496760797,0.0736203034203727,-0.9772063142064074,0.4851433071802237,0.3517734499953107,0.3041851619641932,17034.63
2022-12-04 20:00:00+00:00,0.5066992941064141,-0.0008598321535339,-0.0056748756291979,-0.0083050299350629,-0.0161300255348612,0.0085972553753305,1.0232503266464286,0.0124254403543172,1.6437532324548343,1.424258943710857,0.308020104895109,0.1983609723190097,0.4995028741531071,0.0125514144401611,-0.0166943830317221,-0.005693244898942,0.0471489540612894,0.0357083168300975,0.8891680675904302,0.0739990854013042,-0.9236506876086678,0.6047717233822124,0.464445347419748,0.3024009960553302,17091.15
2022-12-05 00:00:00+00:00,0.5066258440796233,-0.0004424835732266,-0.0050413072493459,-0.0081322772357158,-0.016113269038082,0.0085570937311218,1.064254509699566,0.0125433919881838,1.7066758993813886,0.9747096016824288,0.0877728232808994,0.2008911957757691,0.4995474169408354,0.0126102766336847,-0.0167048387119742,-0.0062432203356899,0.0461549945271384,0.0354672957243984,0.8902796589575429,0.0745306884791163,-0.9058123353481318,0.6157956008736133,0.6895181634712351,0.300520208071645,17102.35
2022-12-05 04:00:00+00:00,0.5092149670853169,0.0003017565285941,-0.0082837157552839,-0.0123991102829701,-0.0208063404011678,0.0087636076788814,1.1799119263244433,0.0175660798736039,1.498543479618381,1.7719477898478035,0.3815819728673266,0.2098097220764364,0.4999108897003229,0.0126891548126942,-0.0214389158911186,-0.0116878736880287,0.0399457513014456,0.035109616458367,0.9567057389908952,0.0752140803789269,-0.8983506980089726,0.7431107749744035,0.5428558244699192,0.2982644846533952,17200.19
2022-12-05 08:00:00+00:00,0.512423396736354,0.0010287831975519,-0.0123079946223377,-0.0175744174641816,-0.0265416239526956,0.0090116500527432,1.2648779434786572,0.023194398290979,2.330509259094113,1.6681411437962907,0.524638949671761,0.2226699368459333,0.5003545012002872,0.0127948500372054,-0.0272229221357426,-0.0182536612709142,0.0325219501348448,0.0347937389241733,1.036107165828244,0.0760458742627723,-0.8119174334072249,0.8765071823137796,0.6178605299320619,0.2956749084160944,17320.1
2022-12-05 12:00:00+00:00,0.5110376446200142,0.0014322012957555,-0.0091333236759291,-0.0152480822736551,-0.0247749365620422,0.0089073357531955,1.07917742729439,0.02749028108524,1.6721636658121295,1.1875380606672945,-0.130806497577661,0.23520488814684,0.5003032293153292,0.0129846064195548,-0.0255075430941694,-0.017233612690647,0.0330762892078768,0.0347602998850372,1.0143817903962478,0.0774023656910962,-0.8699812647665508,0.9556689037930848,0.6986214671387021,0.2930576172889779,17307.18
2022-12-05 16:00:00+00:00,0.5023183819640331,0.0010631845994909,0.0048257538912455,-0.0011097129449498,-0.0108614693978262,0.0091181090218676,0.5635959265452083,0.0289026568405171,0.9871042990725974,1.924778070195469,-0.7936944998967366,0.2372191630193136,0.4994405947016815,0.0132170811594259,-0.0116309143394601,-0.0037831709689205,0.0467641083023679,0.0351477356798133,0.8370088960775398,0.0792174726333119,-0.9706733500616564,1.1141708927755154,0.0931517839235159,0.2904713004213672,17076.57
2022-12-05 20:00:00+00:00,0.4968262485425982,3.895760883950612e-05,0.0129985343501584,0.0083467510439514,-0.0010494530059338,0.0096423536460147,0.2275221385672275,0.0290618997974751,-0.7765097163983399,2.360543117265121,-0.6106732038468776,0.2256981280370212,0.4988414194729003,0.0132446472999684,-0.0018227322452337,0.005780377753529,0.056458387810286,0.0353882824754877,0.7156749759809721,0.0802347700234032,-1.1024376585507452,1.2623490317394943,-0.3155693011781124,0.2879657978602459,16914.61
2022-12-06 00:00:00+00:00,0.4988130829126611,-0.0010083472075411,0.0074845325823029,0.0044430487745015,-0.0042336769930201,0.0098383449980412,0.3420836041937802,0.0288585883860541,-0.6378155903993411,0.9342910053740752,0.6353129648701317,0.2113107810851315,0.4990596577585958,0.0130222409159026,-0.0049853122208175,0.0023928651083782,0.0526010041546207,0.0352437911762276,0.755823000078448,0.0801430442311569,-1.0832788573074357,1.2750366362539451,-0.2321003986627783,0.2857455202736357,16970.79
2022-12-06 04:00:00+00:00,0.499948020685174,-0.0013064288252712,0.0046234504876623,0.0022585257560676,-0.0060283773890988,0.0097834640873461,0.4046785252475761,0.0282796367315352,-0.7775034356428007,1.0366830183133928,0.2539234830404315,0.2010456101732282,0.4992002434777495,0.0128893215641695,-0.0067740549739655,0.0002915327436514,0.0500475057307923,0.0351421637010441,0.7801046164975795,0.0802931268073356,-1.0986818801638931,1.2078246470269431,-0.3457461072277773,0.2835515185007595,17006.82
2022-12-06 08:00:00+00:00,0.4997448986920086,-0.0016260107648148,0.0040040901234856,0.0023982068347032,-0.0054288410370527,0.0095755463563259,0.3949789500920027,0.0283717176646726,-0.5340093501461349,0.7515515938193217,-0.0959349593495664,0.1912020210333284,0.4991802264651573,0.0127536495670974,-0.0061636883849867,0.0006622070743411,0.0501129130111941,0.0351115976578284,0.7738548758941634,0.0805417038882778,-1.0468743840206989,1.1110522189139087,-0.6099263796678526,0.2813834815812254,17000.33
2022-12-06 12:00:00+00:00,0.4994944870843911,-0.0018384165068621,0.0035766288585452,0.0026239346736613,-0.0047439320660505,0.0093326281538484,0.3832268194627632,0.0285619389195901,-0.5423904665610843,1.245190197867356,-0.0602246871444908,0.1813769353381545,0.4991543856974826,0.0126089446324843,-0.0054661755466226,0.0011407676987866,0.0502987360105064,0.0350469524184127,0.7649818341027299,0.0809262708265837,-1.059546568938752,1.1379287242828933,-0.7111441910819406,0.2792411022346942,16991.87
2022-12-06 16:00:00+00:00,0.4995277899719619,-0.0018840481116838,0.0029039419007013,0.0023978946786815,-0.0045594011145646,0.0092025386990889,0.3835755047591524,0.0285389155402358,-0.8984516197484278,1.560539250136227,0.0021632251720861,0.1698120664188075,0.4991620985924275,0.0124618942794555,-0.0052696795799069,0.001114803250763,0.0499533994025533,0.0348863938974382,0.7612384805136505,0.0812708233568812,-1.0955729758674708,1.1170546317135908,-0.3184989628512079,0.2771240768173273,16992.08
2022-12-06 20:00:00+00:00,0.4990471666428325,-0.0019724735427935,0.0030404004359105,0.0030483035698591,-0.0034478555385084,0.0089986872729852,0.3476742236712284,0.0285036773700495,-1.1996160107926692,1.342884067534004,-0.151911561492382,0.1587708414253205,0.4991059450988445,0.0123023107065402,-0.0041421109240885,0.002067327606404,0.0506519246054375,0.0346816926759555,0.7454862679287345,0.081625806205203,-1.1205909823459697,0.9868044098447182,0.2967946181242582,0.2750321052787512,16975.27
2022-12-07 00:00:00+00:00,0.5029769027318527,-0.0017945067441582,-0.0039890812625485,-0.0038249308342236,-0.0099445744468122,0.0087558797924963,0.5808016945053948,0.0280566334941999,-1.117633136775715,1.187014114936933,0.7203543135175675,0.1493562555640622,0.4995545702729345,0.0120757072249973,-0.0106230011846391,-0.0046668516729218,0.0432767822044315,0.0341796134565183,0.8242802874311309,0.0814294492929852,-1.103101532782358,1.040361379590363,0.5703535767691039,0.2729615326087481,17089.95
2022-12-07 04:00:00+00:00,0.500646593493516,-0.0014273931732989,0.0001666140031666,0.0001190352397928,-0.0058707970296014,0.0088431141125217,0.4354766728983383,0.0277781678579921,-1.0097258235085171,0.6455419010891565,-0.5406578727667145,0.1472024502267782,0.4993073798248555,0.0120209952754517,-0.0065494425944686,-0.0008408904060644,0.0469418977606985,0.0340644962658039,0.7737289267705076,0.0822123364175729,-1.077025533660493,1.001893414773,0.0778220001693665,0.2708099153590481,17025.2
2022-12-07 08:00:00+00:00,0.4916027032211043,-0.001610082160563,0.0150524219674894,0.0155107623937957,0.0098878765932908,0.0089434192436605,-0.1276289024970581,0.0282110951711632,-1.4198735903189574,1.0661478971485272,-0.832488588068621,0.143722921465283,0.4982843418026195,0.012019982148017,0.0092183145601314,0.0148725772795734,0.0631156994767689,0.0343842478208036,0.5820325013808495,0.0837766118435416,-1.1722884673734508,1.0730998107568448,-0.5823286339329092,0.2687634705993039,16760.77
2022-12-07 12:00:00+00:00,0.4933182845726434,-0.0022359758717416,0.0103633451483611,0.0121075461043786,0.0073754255218243,0.0095250841983546,0.0120176232941924,0.0307129465206234,-0.1940506895061044,0.913111245855248,0.2350784016186161,0.1452043766549985,0.4984403751976838,0.0116768303759284,0.006752027561113,0.0124387282698941,0.0603659023634399,0.0342262427363305,0.606883373567657,0.0836347303764071,-1.0229515011654655,1.053098141499256,-0.4210332103321051,0.2672389932901213,16797.89
2022-12-07 16:00:00+00:00,0.49518188973917,-0.0024141661079052,0.0061788969450398,0.0086539435244457,0.004636266685644,0.0092824625186635,0.1347838030121265,0.0326156891811994,-0.5529209608618098,1.1844418918027817,0.3272558714462004,0.1444483833176064,0.4986180927893124,0.0113657365508736,0.0040521994233713,0.0097321587257512,0.0573157811224065,0.0340599972251758,0.6351158844199646,0.0834716089810439,-1.0653721113928176,1.028863756384276,-0.3289993488170164,0.2657346319747403,16840.19
2022-12-07 20:00:00+00:00,0.4945506742629751,-0.0025218199689491,0.0061817864168922,0.0093054757001684,0.0059807911501925,0.0090882801169859,0.1270754779462629,0.034740105100079,-1.2899689698021646,0.7540717382985169,-0.3678129298486799,0.1423829760073021,0.4985216892709904,0.0110919538902214,0.0054354859756469,0.0111559733575237,0.0586038455626192,0.034034715481332,0.6150142492313337,0.083670852149185,-1.1513714552344674,0.9567345476036434,-0.3495116127631869,0.2642480739817683,16813.45
2022-12-08 00:00:00+00:00,0.4958830490309322,-0.0023587128641549,0.0033382061179816,0.0067234241143536,0.0039599142884325,0.0088605429698899,0.2036911391750734,0.036064207920639,-0.9475151437241786,0.6788767744397987,0.322977481234351,0.137504749828322,0.4986509596020017,0.0108095804863074,0.0034494288078559,0.0091599693466712,0.05629889298515,0.033894518140332,0.6357196816669253,0.0836057103073152,-1.0818626987028983,0.8902295876161095,-0.5337746906880821,0.2627791086182778,16844.05
2022-12-08 04:00:00+00:00,0.4957681612778327,-0.0021229382457114,0.0031932810511874,0.0066883782691193,0.004404071815135,0.0086742283272541,0.2141346557054024,0.0372441033854329,-0.7580470678981397,0.656558444601098,-0.0950259836673915,0.1330140929167828,0.4986188534170194,0.0105669377445648,0.0039245221483814,0.00962970755975,0.0565720914487282,0.0337925729724815,0.6286608937905663,0.0836084515098106,-1.0413128640156508,0.9023903083645608,-0.5219512195121909,0.2613275276847819,16833.68
2022-12-08 08:00:00+00:00,0.4956849926369793,-0.0019398939842037,0.0028388391350844,0.0064740272883514,0.0046758829213215,0.0084462317621853,0.2311041568421239,0.0382349101499841,-0.8416673617457561,0.3835634660582245,-0.1295303104177038,0.1296462492431428,0.4985933635430959,0.0103144911104448,0.0042289858327537,0.0099487576680032,0.0566985917142777,0.0336272188325788,0.6226440061249624,0.0836765425006861,-1.0294387600276742,0.7956524086738609,0.2980561555075612,0.2598931254457235,16825.57
2022-12-08 12:00:00+00:00,0.4967096608077988,-0.0016928163206063,0.000971902270711,0.0046079734315158,0.0032293891111998,0.0081065873616723,0.2887749414385532,0.0370662325439568,-0.7862263251521712,0.569901603386865,0.163409337676438,0.1271140388969731,0.4986860688933185,0.0100575790965361,0.0028133088432089,0.0085282071230039,0.055002195852547,0.0332824438706578,0.6369492461665909,0.0836323391837708,-1.0152807183684136,0.7397475862544016,0.3064161377489982,0.2584810779106801,16846.59
2022-12-08 16:00:00+00:00,0.4999608355995799,-0.0012424113802339,-0.0037218137002802,-0.0004436436753036,-0.001576017070049,0.0081496111240239,0.4454193951044878,0.0327759997041504,-0.7281642217842704,1.183762412956704,0.5005117052577711,0.1242668039170069,0.499019894590385,0.0098111351137245,-0.0019686482162996,0.0036680448303485,0.0496850123416616,0.0328543011875068,0.6923778999089755,0.0833432865693913,-0.9957134392748864,0.7328380138894858,0.3878987501692044,0.2571068610564504,16926.16
2022-12-08 20:00:00+00:00,0.5118818537355441,-2.7761812509425207e-05,-0.0205701723306697,-0.0189076224284316,-0.0203886421136505,0.0084348068414503,1.1683420541680278,0.0272514513447062,-0.8916571457500432,1.6302819699792117,0.8540501718565697,0.1223829282734777,0.5003759335201713,0.0095930213220284,-0.0207854100975277,-0.0155364813277533,0.0292632655794986,0.0320823144909341,0.9220925731531788,0.0822061090799912,-0.9991445444910968,0.8728561950815076,0.7897580831511424,0.2551382815283761,17257.38
2022-12-09 00:00:00+00:00,0.5099182284992346,0.0013404649287361,-0.0153124304205828,-0.0157581385315302,-0.0180301965315445,0.0089807937402084,1.1051426746192878,0.0273022336535148,-1.2405445409298372,1.061828680344045,-0.2192889078135085,0.1309996412232122,0.5002552494728074,0.0097048129619258,-0.0184641571975617,-0.013665822205801,0.0307930687984445,0.032142733956469,0.894176490281109,0.083172125714463,-1.0085970317066273,0.9345596223477856,0.6831084804209125,0.2525046461948041,17228.23
2022-12-09 04:00:00+00:00,0.5083951483665377,0.0021886746682297,-0.0108484447040108,-0.0128953594140102,-0.015887047648847,0.0088222132261508,0.9780588499852182,0.0304039792576276,-2.095436460822857,0.882625108019207,-0.2246222304625843,0.1398193206934892,0.5001498934426745,0.0098077523207459,-0.0163568238800275,-0.0120046895755606,0.0321006074075997,0.0321960035540449,0.8693659070050265,0.0841313031050648,-1.1093715415115335,0.9619935084762424,0.6566593789438138,0.2499021785457973,17202.97
2022-12-09 08:00:00+00:00,0.5083298953106623,0.0025694434574539,-0.00899297956594,-0.0120987440559245,-0.0156699552110076,0.0084943292852035,0.9286626410698138,0.0331242521878298,-2.2080412014496105,0.4209220514328077,0.1597620565115887,0.1484999112727762,0.500179827860657,0.00986600047665,-0.0161695113085527,-0.0122376426725514,0.0314405614809367,0.0321879340300067,0.8676190347382411,0.084860654976196,-1.1468326993304965,0.9597256330739729,0.6842816260509449,0.2473305097282543,17210.49
2022-12-09 12:00:00+00:00,0.5092956752762545,0.0026977092739594,-0.0090729830703868,-0.0129251964668113,-0.0170008012660373,0.008124239180563,0.9427186570171332,0.0353118201071049,-1.884132301408876,0.5220233997426535,0.502904443799023,0.1576011135064673,0.5003219612768753,0.0098988665203927,-0.0175273328605629,-0.0140086038051796,0.0291768329999573,0.0321268943225902,0.8842496011235007,0.0854586924820312,-1.0675936247914657,0.9419792879406996,0.7983108787452253,0.2447892752542556,17244.91
2022-12-09 16:00:00+00:00,0.5059629099083629,0.0024853105695418,-0.0040924168191404,-0.0082042034171617,-0.0126237079499333,0.0085091860885326,0.8030694117130425,0.0370956057180244,-1.777677975346679,1.8638412614506588,-0.2350552988940236,0.1631071904052961,0.500041209830282,0.0099470148375881,-0.0131717982708243,-0.0099860217998596,0.0329836715707967,0.0322173059636964,0.8329641745711255,0.0864615244955028,-1.0528350385804837,1.0346923222952655,0.5732648396659885,0.2421433281012432,17177.74
2022-12-09 20:00:00+00:00,0.5041922502352303,0.0020909567891509,-0.0012374972136697,-0.0052763690855631,-0.0098863166289535,0.0085173551583397,0.7218169963173193,0.0381658511428834,-2.9200455461586428,0.8092438707572569,-0.5776713124274141,0.1654653029955684,0.4998752491205824,0.0099426872744772,-0.0104479098643837,-0.0075492707481804,0.0351552226696454,0.0321620568789928,0.8011783741057504,0.0872250573877128,-1.2204070329604135,0.8880479092905134,-0.4242265154697039,0.2395018970604255,17137.92
2022-12-10 00:00:00+00:00,0.5036691457990462,0.0015939402043241,-0.0006428679854827,-0.0043584375843538,-0.0090177140075921,0.0083184561964935,0.695623260777825,0.0387551505257126,-2.1975812918632447,0.7589933032507583,-0.0855855855855912,0.164257528059736,0.4998391605238392,0.0098853796723565,-0.0095848851173572,-0.0069278723977075,0.0354541467284725,0.0319985057959692,0.7911129101509833,0.0877510077356019,-1.130492532522446,0.8215874377397558,-0.3363477545987128,0.2369054253361006,17129.01
2022-12-10 04:00:00+00:00,0.5042294509272282,0.0012743018868237,-0.0014280087793745,-0.004983423694654,-0.0097330246881212,0.0080299649603602,0.7076101057376194,0.0393738871413347,-2.100093882834128,0.3395909813165976,0.3714011516315043,0.1627228991893806,0.4999205112415116,0.0098258322528972,-0.0103075844507157,-0.0079139533684885,0.03406695250122,0.0317859050350122,0.799507642474328,0.0881819421541162,-1.131653501970648,0.7255384819778256,-0.1876134689822916,0.234344739611286,17148.2
2022-12-10 08:00:00+00:00,0.5043647926090882,0.001006154019332,-0.0015164425253834,-0.0049213252725271,-0.0097486537931674,0.0076590774705419,0.7035643359990525,0.0399725158111653,-1.9840872497724664,0.2635163369687763,0.1506024096385556,0.1614937639251831,0.4999505888286903,0.0097699380295585,-0.0103303033157998,-0.0081910636253131,0.0334204211359991,0.0315983248149436,0.7996904520370219,0.0886711447815249,-1.1248674716034226,0.6952272802416654,-0.1887096221696985,0.2318143582509081,17155.19
2022-12-10 12:00:00+00:00,0.5048533130391675,0.0007668088701805,-0.0021243127461123,-0.0053627041246789,-0.0102404967949758,0.0073532230243897,0.7153713977000863,0.040488811839568,-1.9276243677627096,0.29661313537611,0.2499583680266814,0.1601793008950583,0.5000157446436289,0.0097033271761913,-0.01082770090846,-0.0089325077301435,0.0322937521917552,0.0313982905642705,0.8049088383750962,0.0890818344272613,-1.1576487043369756,0.654407182129228,-0.2558832596855433,0.2293139226188035,17170.2
2022-12-10 16:00:00+00:00,0.5062030503864456,0.0006137096619197,-0.0038097102806828,-0.0069582725014694,-0.0119002822920192,0.0070832396201062,0.7503628552650591,0.0406216123617892,-1.7857324270191226,0.4431166113916261,0.4241822429906587,0.1598129099223136,0.500170894278029,0.0096311044507697,-0.0124934521192452,-0.0108499198957283,0.0299385474314848,0.0310862042939733,0.8231171315241198,0.089356763330776,-1.1454981618908702,0.4264783549269589,0.1691096960230745,0.226826746971786,17205.86
2022-12-10 20:00:00+00:00,0.5048390359152691,0.0005369896809887,-0.0017872675753113,-0.004943855498277,-0.0100009126547302,0.0069157909520496,0.6918064458141167,0.0395387714557393,-1.5885405003959714,0.4407935285635756,-0.3784223767944327,0.161717889961098,0.5000587541754872,0.0096034934287729,-0.0106041561505607,-0.009218964066086,0.0312702262351258,0.0308791967804413,0.8012826625766638,0.0899912854093694,-1.1165617625567348,0.3540994122675412,0.2565438754118093,0.2242723258657193,17180.2
2022-12-11 00:00:00+00:00,0.5024338115896644,0.0002732666165021,0.0010703042343733,-0.001799955409686,-0.0068355811517601,0.0067084072295758,0.5997783770108536,0.0381528797669857,-1.5461183974138233,0.5794541401132381,-0.5386891714160521,0.1608517739164252,0.499843193156619,0.0095502147395594,-0.0074420686889826,-0.006257374255482,0.0340101389486589,0.0306955569910998,0.7648862819866065,0.0903708856781676,-1.1189890776824625,0.3060097439274259,0.0162419907614384,0.2217549959436015,17131.03
2022-12-11 04:00:00+00:00,0.5035062075803851,7.475426006672286e-05,-0.0004218050262013,-0.0030306178219015,-0.0080096335149424,0.006547517738211,0.620523738649487,0.0357235751805144,-1.5206964309835131,0.4055400550697238,0.5109004739336631,0.156684454337619,0.4999567258363958,0.0094501544783714,-0.0086156827331362,-0.0076263604834285,0.0322473954519868,0.0303795796149062,0.7775438837260059,0.0896589216043509,-1.1239608720908385,0.3029626365526763,0.0630308448815578,0.2193273833744558,17156.65
2022-12-11 08:00:00+00:00,0.5045764579380223,5.65408006215755e-06,-0.0017050150295734,-0.0042100689839473,-0.009185302895276,0.0062814278103803,0.6457002141249246,0.0332446461402765,-1.4773490096888822,0.424002865837097,0.5450972279685243,0.1546709310234282,0.5000742512992156,0.0093636536620657,-0.009793555024538,-0.0090154437209218,0.0304559082959334,0.0300664593299246,0.7905018343099655,0.0890656104204047,-1.1234254957813905,0.3142633596408913,0.2071971390254885,0.216928500319164,17183.0
2022-12-11 12:00:00+00:00,0.5035948863350651,-9.475661016123584e-05,-0.0005658590367172,-0.0029151562021649,-0.0078635603962426,0.0060416304029713,0.5951699710925522,0.0302436998614213,-1.4070389520525937,0.3281460232997812,-0.3595913734392827,0.1532081161331249,0.4999964988472685,0.0092909791264085,-0.0084735262748706,-0.0078874819629005,0.0312885656280315,0.0298332207111744,0.7755281297460666,0.0883497615286492,-1.1138695089541644,0.311174171889877,-0.0291312770078961,0.2145580067790881,17165.64
2022-12-11 16:00:00+00:00,0.5030624170008545,-0.0002252348740983,-0.0001240430245394,-0.0022495333484409,-0.0071226855627654,0.0057868754852509,0.5558047127531797,0.0256913130124079,-1.315203476056397,0.4143079587550693,-0.2075517661388693,0.1501478776460978,0.4999610461129763,0.0091995809670326,-0.0077313075962084,-0.0073155010246548,0.0315522968943251,0.0295863460575564,0.7664720041223947,0.0877822456430846,-1.0951110361622176,0.2974978264646233,-0.3579943376545884,0.2122155667792956,17157.72
2022-12-11 20:00:00+00:00,0.5037647556804563,-0.0002112012110935,-0.000926666024846,-0.0030127980632529,-0.0078709898941956,0.0056476959212579,0.5751881768365882,0.0196206325961535,-1.1812132963633006,0.9495134263400564,0.1439399568997745,0.1492741916119508,0.5000454096658675,0.009111242422075,-0.0084806849026226,-0.0082566032375342,0.0302333743173042,0.0292914768638329,0.7760675900048419,0.0864105423389546,-1.0691450200319954,0.3434880604279985,-0.0215686274509722,0.2098629907678157,17176.33
2022-12-12 00:00:00+00:00,0.4991079382422166,-0.0004826558866536,0.003782212857599,0.0021443669768106,-0.0025299133203126,0.0059726908325031,0.1365283099047176,0.0123046993487119,-1.195665477847259,1.2372987144241767,-0.8327028560620539,0.1483362662697523,0.4996391868337996,0.0090244108729467,-0.0031334756478356,-0.0030183377166187,0.0353697678149842,0.0292246880092395,0.7145475096467496,0.0844156697621315,-1.0695753164200656,0.4056276538000181,-0.2127509686509463,0.2074071503896782,17087.42
2022-12-12 04:00:00+00:00,0.4912692878283779,-0.0013882022731924,0.0115716780724934,0.0113905490101149,0.0073932110389853,0.0064915692520214,-0.5186921291972796,0.0141192159130091,-1.3623121232017463,2.541693947586547,-0.80748110949453,0.1434822083085859,0.4988579917627915,0.0088346358252458,0.0068219050564017,0.0070408549929152,0.0456087980504902,0.029418820048649,0.5914237174147043,0.0828383643845325,-1.0895376794218623,0.6287659969107643,-0.6091544850917837,0.205472834318,16915.37
2022-12-12 08:00:00+00:00,0.4921304434256772,-0.0019540583198045,0.0088548982260268,0.0098341593943209,0.0065313414137393,0.006409756124577,-0.2220735988093019,0.0179164764178956,-1.137225010525081,0.6516213658363119,0.2185473411154546,0.1420036000756627,0.4989098525337572,0.0085455487899733,0.0059993199506449,0.0063343464407419,0.0446775964411514,0.0293299548960967,0.5952429291028821,0.0797690648627818,-1.07761552287483,0.6506566595032591,-0.6458885606806543,0.2037003865217567,16925.65
2022-12-12 12:00:00+00:00,0.4955440444022925,-0.0020847957235263,0.0038477437924759,0.0054503703170785,0.0026838965802638,0.00624261881479,0.0690240803434064,0.0196325008194642,-1.0272008311380465,0.7089407725751303,0.599400792500225,0.138593809001913,0.4992026140658726,0.0082676341631754,0.0021856041148533,0.0025939030483688,0.0405817026989556,0.0291529737319767,0.6395482599015796,0.0760100864272119,-1.0410602170089145,0.68741267254346,-0.4508318816430733,0.20194891470997,16987.67
2022-12-12 16:00:00+00:00,0.4964315672153265,-0.0019332044045563,0.0025738032379478,0.0043862897268349,0.0019859421797325,0.006247694792293,0.14545277751017,0.0203197039664939,-1.140621506773537,1.6889914844594895,0.0734768388225433,0.1311422899221951,0.4992575958678993,0.0080537313571445,0.0015123769223988,0.0019495940515321,0.0396815435974728,0.029066191024434,0.6449273890772823,0.0740246767959447,-1.064873072235592,0.8124331577525532,-0.4012724380822542,0.2002181706429317,16998.02
2022-12-12 20:00:00+00:00,0.4993396043253558,-0.001669099677846,-0.0009391121105746,0.0008736727507758,-0.0012495059177818,0.0061281319306132,0.3322307057859135,0.0202096066987316,-0.8045075532655628,0.965409419722116,0.7804029569503078,0.1222286257796664,0.4995174590402045,0.007842103486636,-0.0017014945808569,-0.0012612110464671,0.03610950745023,0.0288962932264195,0.6857127451377877,0.0724511747729663,-0.9836126189239698,0.8134097794040803,-0.4060376113493906,0.1985079090187195,17052.4
2022-12-13 00:00:00+00:00,0.5067308389058106,-0.0008303226095627,-0.0087074579474309,-0.0078207618706651,-0.0100986799620865,0.0063897267746083,0.7973336623887579,0.0197617025083138,-0.8293519532059319,2.088218806693693,0.8022101135611179,0.1250974231666682,0.5002602802003687,0.0077063008284691,-0.0105503181157025,-0.0102748878809247,0.0264445353220257,0.0285177098386545,0.8111973372593207,0.0706192147798781,-0.96761258998958,0.8908090766009156,0.3313449023861197,0.1966271301665563,17209.62
2022-12-13 04:00:00+00:00,0.5035465432439958,-0.0002774787208549,-0.0041339748592308,-0.0039326859628286,-0.0063740210870342,0.0064963710615773,0.6212689797910136,0.019846590891354,-0.5342806551935635,1.3442880715391468,-0.4822134387351638,0.1306878100354314,0.4999776694513928,0.0076684094047559,-0.0068308343803836,-0.006713402408315,0.0298232835507952,0.028529456028911,0.7585098547131632,0.0702417713289364,-0.9016794988759582,0.7474011945713555,0.6873955002786667,0.1946130805470818,17149.88
2022-12-13 08:00:00+00:00,0.5043266027296677,0.0001390282772046,-0.0044138047899878,-0.004803389880404,-0.0074090110965997,0.0063942909222179,0.6796353640785116,0.0200697156334207,-0.2666352440693438,1.2897744485803446,0.1796576493963161,0.1347597182065523,0.500086442855184,0.0076007264158344,-0.0078701226109517,-0.0079195634092545,0.0282539734544056,0.0283890008659058,0.7730968220323545,0.0700956173661148,-0.8412117608709336,0.8100577150435292,0.7252060661171561,0.1926228661421637,17172.88
2022-12-13 12:00:00+00:00,0.5161844372371808,0.001003619628247,-0.0179291460982334,-0.0196429318624741,-0.0227586493494966,0.0069112025796173,1.3390256397050126,0.0228204148611705,-0.0265589263837246,2.7259263372670803,0.8273786694202628,0.143636729477824,0.5014134148538539,0.0075323329611587,-0.0232388953157083,-0.0236063603644344,0.0116087201381616,0.0279108348145792,0.9975969580663936,0.0693946926914727,-0.8095003795701288,1.025726084783022,0.8047023788912314,0.1907701940788062,17453.14
2022-12-13 16:00:00+00:00,0.5238964604818598,0.0030890897006697,-0.0285766408503165,-0.0336497936322675,-0.0383429932949092,0.0084145759833868,1.4139869729653067,0.0379322455452005,-0.2589283820891085,4.744905820831343,0.5173893443307246,0.16801895908182,0.502812558972073,0.0077663488913447,-0.0389027874050893,-0.0400263726561571,-0.0059966646535578,0.0276704392096993,1.224769618430873,0.0700475677147146,-0.8298686974628917,1.4449362983129506,0.7522250226440341,0.189942646907433,17762.61
2022-12-13 20:00:00+00:00,0.5197964381858744,0.0042541366121492,-0.0212201570950827,-0.0287368614044678,-0.0348999496935052,0.0093526222924998,1.1505172026903108,0.0476865391693447,0.5851436907936692,2.430172484227961,-0.1663312312715178,0.1923590095566229,0.502597177679012,0.008127403772288,-0.0355447887658154,-0.0374185898126699,-0.0038928704738807,0.0280668675427674,1.1707438124632938,0.0718124803369173,-0.7583930575088107,1.697906082322268,0.7076586847109976,0.1896097529069557,17725.59
2022-12-14 00:00:00+00:00,0.5195101227614297,0.0048312605400089,-0.0187900710798716,-0.0280743503748351,-0.0355427723208274,0.0092702088151927,1.0681095254400268,0.0553529871987113,0.6988208854337479,1.436150113158086,0.3337141852698326,0.2125863355863031,0.5027458179682801,0.0084366466484171,-0.0362664611931352,-0.0388691781052225,-0.0059912545199177,0.0282861874246777,1.1752379279009717,0.0734908943407792,-0.7533733322913715,1.7101628054298748,0.6095715948266405,0.1892807985313264,17763.65
2022-12-14 04:00:00+00:00,0.5187326811349604,0.0050447069274767,-0.0157514499184189,-0.026364176016506,-0.0350491574404099,0.0090898506784252,0.993758282876202,0.0622024700710913,0.2546149297460717,0.9831533247767726,0.1840142842138111,0.232500693472593,0.5028011332355719,0.0087473085186891,-0.0358508403048734,-0.0391839866073917,-0.0069221604408793,0.0285301016841448,1.1623371015996018,0.0755271198035143,-0.888128452314056,1.7350652545691494,0.6936606574295656,0.1889557371571641,17781.17
2022-12-14 08:00:00+00:00,0.5183857307495091,0.0048284053020505,-0.0136374246459707,-0.0249566078579214,-0.0346388266008448,0.0088203499645896,0.944297803396465,0.0673205485224778,-0.1185248930983373,0.5576260876048206,0.2123668925460193,0.2503451630515952,0.5028642734227832,0.0090131901048092,-0.0355096317136376,-0.0395194602245401,-0.007857334136446,0.0287641291829503,1.1513543192804208,0.0774468702614752,-1.0390473470633106,1.6985584195757506,0.7462035425656169,0.18863452271285,17798.72
2022-12-14 12:00:00+00:00,0.5178849111269883,0.0045478079409742,-0.0115599330150102,-0.0234366957892241,-0.0340740214529285,0.0086098600418346,0.9003971020227886,0.0721080321748748,0.0498583819221505,0.8480973279217623,0.195063214930775,0.2679387970749151,0.5029151306479072,0.0092805825660891,-0.0350141534209853,-0.0397106868376574,-0.0086552413008504,0.0288735717222244,1.1391721992545645,0.0792858677565585,-0.9742253092204336,1.5583939385653047,0.6033760205700179,0.1883171096719996,17814.11
2022-12-14 16:00:00+00:00,0.5255880315511378,0.0045621884800998,-0.0233824941332334,-0.0360935265087929,-0.0477361973042385,0.0086398124036006,1.0447055639475835,0.0772437351550785,0.9723835753376346,2.421304691801499,0.9566032681489448,0.2876581453830257,0.5042107916314797,0.0094775208242093,-0.0487449316570874,-0.0541595390348186,-0.0242219766499823,0.0283959207579013,1.3088647866565175,0.0804009948315464,-0.8509780350897068,1.405140467139956,0.6738344813816564,0.1881276351554452,18100.27
2022-12-14 20:00:00+00:00,0.5111623849600252,0.0048265186981998,-0.0018131853117698,-0.015994051198625,-0.0292089652756959,0.0097197888089618,0.7635237452611094,0.0862724381145417,2.4770616682005584,4.667167977653127,-0.4561080954882365,0.3064986309900532,0.502644304825216,0.0100578365439158,-0.030333214004288,-0.036754852373537,-0.0069874113611406,0.0289458143759031,1.0649560971865166,0.0849013615480686,-0.7379464943533831,2.008403592778311,0.0922926516080079,0.1885054612823057,17788.93
2022-12-15 00:00:00+00:00,0.5107729238500587,0.0035811355517785,-0.0026419592280896,-0.0158832414161711,-0.0294670724189213,0.0113933906212622,0.7545772449830405,0.0877876294602736,4.629498930785513,1.6228910565636037,0.0893274652730008,0.3099088631933756,0.5027233138794984,0.0101991596122344,-0.0306364652093842,-0.0376042915148693,-0.0084276793031188,0.0290377787070161,1.065561548314205,0.0863120990991811,-0.574243996213557,2.163862729304153,0.0719738276990177,0.1890771346243989,17815.79
2022-12-15 04:00:00+00:00,0.507579777984985,0.0022157100399268,0.0019046139664962,-0.0100135267695505,-0.0237363547914428,0.0115761920481132,0.6801978612401207,0.0887414461819424,3.905632884334457,1.0493637468090926,-0.2990673503802798,0.3069989343548588,0.5022959215413841,0.0103188303498871,-0.0249413193805296,-0.0323822528071103,-0.0035647771888068,0.029350464558426,0.996586541330342,0.0877982175287488,-0.602890896011386,2.249440919654954,-0.0632083643417443,0.1894529392479614,17729.36
2022-12-15 08:00:00+00:00,0.5063688099578237,0.0010644776736086,0.0031090510126023,-0.0074848887834865,-0.021183214516836,0.0114533736058265,0.6433477649207933,0.0881728204434246,3.528978916599482,0.4338488198809175,-0.4498034472331458,0.299765721705925,0.5021425570233675,0.0103679053181778,-0.0224126205636127,-0.0302528366110733,-0.0018691756710111,0.0295999383962319,0.9669419031961548,0.0886152039948598,-0.5330019377846922,2.2444699693721883,-0.1199385118401321,0.1896656552914299,17699.6
2022-12-15 12:00:00+00:00,0.506856845650525,1.228725399138342e-05,0.0008136604577528,-0.0083381514087029,-0.0218033057250122,0.011127068040469,0.6425924108334905,0.0841304578084936,3.0743733786690326,0.7200469442861532,0.2075375170532093,0.290250696233977,0.5022439827414176,0.0103327097602954,-0.0230431110903971,-0.0311846592840435,-0.0032936664207189,0.0297550443167384,0.9736430765963996,0.0890509916123015,-0.571455660297338,2.2587189672856107,-0.1093366842753776,0.1898758539527606,17724.97
2022-12-15 16:00:00+00:00,0.4975698729252149,-0.0013395975872071,0.0159878216184523,0.0087507752515854,-0.0043227416909756,0.0114858623982711,0.4132153690435554,0.0801295835060763,1.978264426168926,1.8989969156708684,-0.8529832132948393,0.2750121957031586,0.5008172896415504,0.0103711190934587,-0.0055726711879571,-0.0140010586309137,0.0139886103572679,0.0305287565804316,0.7754738187264831,0.090841791102867,-0.9045072691916716,2.298123466665968,-0.6735468776333623,0.1897949193809031,17422.11
2022-12-15 20:00:00+00:00,0.4986282206065299,-0.0027458731106628,0.0109551702293055,0.0062001679781327,-0.0058485050997373,0.0115959259126608,0.4118855158420097,0.0743639065286206,1.7047213722416246,1.232482723437467,0.1901371990680643,0.2577235127169743,0.5009442698861047,0.0100920392196449,-0.0070610517868263,-0.0154413958890524,0.0121957137408073,0.0307521269463493,0.7896390424462674,0.0905155418593975,-0.9469933693681906,1.7023469530810806,-0.5348701257662919,0.1892579757909424,17451.28
2022-12-16 00:00:00+00:00,0.4961361378942349,-0.0037280356422083,0.0133853904244798,0.0106800724502948,-0.0004299465287398,0.0115354678630466,0.3111382131332028,0.0692567117116546,1.383890310918268,0.8875820862208773,-0.5013551604510073,0.2425398444570492,0.500504328675188,0.0098659834659019,-0.0016101493118119,-0.0099678040692223,0.0175276400928576,0.0309430523614841,0.7265034647310615,0.0908024295453933,-1.0076504929653425,1.559997580488678,-0.7884178652535958,0.1885995976310649,17358.0
2022-12-16 04:00:00+00:00,0.4982851429883962,-0.0041091484232046,0.0072541552461182,0.0059684552309258,-0.0042467184893582,0.0112775931575902,0.3379947421011053,0.0630012802818832,1.466263735508519,0.4259342555810775,0.8442915079267739,0.2293927565534086,0.500816932894587,0.0095704263456614,-0.0053880143408717,-0.0136671240182293,0.013424696429976,0.0308042218218906,0.7658180203488751,0.0904294033570629,-0.9555894886466588,1.417432076153063,-0.6380629254209419,0.1878673639143484,17426.57
2022-12-16 08:00:00+00:00,0.5009032453666727,-0.0041154854988865,0.0010613981496523,0.000699455671921,-0.0087496169148267,0.0107394524857094,0.3938790957308546,0.0589170996763674,1.4068539141677947,0.3944564468415344,0.5508913555331222,0.2163500206599305,0.5011944669112247,0.0092907595213541,-0.0098555412632135,-0.0180708492714131,0.0085939490381898,0.0306164236615488,0.8134646936892023,0.0899828070638679,-0.9369932867855184,1.4122133548296285,-0.4191458733205419,0.1871437957973143,17508.46
2022-12-16 12:00:00+00:00,0.4871504503286984,-0.0054243202560165,0.0250926162001696,0.0273895717867824,0.0192621064672648,0.012248309646657,-0.0665549461458979,0.0620202731996386,1.592361575660312,1.6348748663699244,-0.8234137652910332,0.2129041986765748,0.498919198366189,0.0090679893269689,0.0182045351049531,0.0101418084707249,0.0374275808352113,0.0316204138617426,0.4995315390979238,0.0922126064522307,-0.9756130606545598,1.683048610019307,-0.8757467440105882,0.1856718806345442,17018.43
2022-12-16 16:00:00+00:00,0.487047314217416,-0.0064388454928682,0.0224026590780079,0.027371600832287,0.0210299847348716,0.0124481307121586,-0.0628236555056713,0.0661701124633353,1.0372369511987194,1.3472558676446194,-0.2337758112094447,0.2131419025299184,0.4987368236157257,0.0085141000826197,0.020067138944865,0.0125148581241749,0.0397924636571738,0.0317980110633289,0.4697287907902391,0.0919271525392162,-1.111211583318975,1.5999423195803075,-0.7093324434698354,0.1838986175882675,16975.51
2022-12-16 20:00:00+00:00,0.4853221071046038,-0.0075244938642226,0.0229031064391624,0.0308439379011595,0.0265829088249807,0.0129291559219554,-0.0592559434494839,0.076274170148491,0.7889402629877198,1.3815608002495647,-0.4547318353288543,0.21681909508433,0.4982508485784243,0.0078776045801904,0.0257340897389684,0.0188471347504841,0.0463155792410638,0.0321716408774423,0.3960789064536179,0.0919150660991862,-1.1564090761207697,1.6831009750739163,-0.7419791851307928,0.1817925414959442,16864.46
2022-12-17 00:00:00+00:00,0.4807029263060689,-0.0081514972455722,0.0318807901253614,0.0422759712626081,0.0399855709182253,0.0132621378738976,-0.1294800399762663,0.0870000894782355,0.4892075985890324,1.4654098812057674,-0.5529257682772751,0.2199800236949407,0.4972027389310849,0.0072914577101056,0.0392461439830473,0.0330044287274662,0.0608951937107133,0.0328418453850534,0.2397338671659777,0.092619544286258,-1.2435008796414764,1.8614703092982996,-0.7338644057580805,0.1798170793402607,16627.33
2022-12-17 04:00:00+00:00,0.4833904444227963,-0.0084595706954822,0.0228574341662184,0.035399676639257,0.0352258037262169,0.0135683670998704,0.0017509299587981,0.096834614685039,0.8588480211057488,0.7642143853818335,0.3522819335673822,0.2274028472608375,0.4974777181435046,0.0065193202684641,0.0346205133475454,0.0292403549252542,0.0571292042307434,0.0330559590982489,0.2721834388844308,0.0918898078131453,-1.106811627300963,1.9463905830885704,-0.7494449857856073,0.1782555980765023,16680.52
2022-12-17 08:00:00+00:00,0.486011729231255,-0.0080521223582898,0.0147848729611117,0.0284350473217895,0.0300061687145096,0.0131556865533429,0.1015109479893157,0.1033177710336716,1.0577545920935774,0.4241758422165119,0.5424166738437624,0.2332073239705299,0.4977908945502852,0.0058201425901223,0.029520563549322,0.0249230300418716,0.0527726936252799,0.0332450100084257,0.3118781775206988,0.0912158628110828,-0.9240554516794048,1.939026298505349,-0.7720325465888641,0.1767125961196027,16743.7
2022-12-17 12:00:00+00:00,0.4859476592849455,-0.0073514933440832,0.0131831457866531,0.0274035569092143,0.0304731049357451,0.0126744587754171,0.1323759618118593,0.1079808920697922,1.0810716711799166,0.3495682285734235,-0.2984271086245177,0.2373674999132758,0.4976821425425162,0.0052033048990057,0.0300948535265412,0.026206240191732,0.0541593100242356,0.0333628984095911,0.2918203084420629,0.0909799866457682,-0.8549327047274201,1.5906694989356194,-0.5466906474820128,0.1751878547767159,16715.93
2022-12-17 16:00:00+00:00,0.4863281897195983,-0.0065878665464807,0.0110657801622393,0.025603708968904,0.0300507838732815,0.0122077320359955,0.1654270370640202,0.1114483125895599,1.110992657734818,0.3852975291928271,-0.1814070351759036,0.2417114580830645,0.4976407769244892,0.0045981709585345,0.0297773116732964,0.0265992152764391,0.0546416814478989,0.0333707640693543,0.2813446153960109,0.0907288255165236,-0.802314924559603,1.3183895778218266,-0.6071674860409779,0.1736811579431099,16702.42
2022-12-17 20:00:00+00:00,0.486853042775876,-0.0056531416482135,0.0089183659147265,0.0233460821214828,0.0289467520009334,0.0116707136562145,0.1977172924771776,0.1125511771945995,1.1638586223393188,0.3063126198775752,-0.0158952187182096,0.2455590634657273,0.4976506478100044,0.0040371285820515,0.0287692068866145,0.0262571113077993,0.054358619404349,0.033281507838961,0.2787751818669336,0.0903877683386482,-0.7349683325163124,1.0051285068942548,-0.3803031011740491,0.1721922920715377,16701.14
2022-12-18 00:00:00+00:00,0.4899278013554506,-0.0045480204969153,0.0023901038879139,0.0162173674777958,0.0226862162963119,0.011132627479675,0.2686654473374071,0.108782319550265,1.3484637375270243,0.345147256327248,0.7800627074879964,0.2473835041686652,0.4980609890225806,0.0035182666896872,0.0225935088307132,0.0206904494801538,0.0486876871886465,0.0329492157601443,0.3330646117086072,0.0895145874793259,-0.5633253234523871,0.6866891823656978,0.7349195241427443,0.1707077263054654,16785.87
2022-12-18 04:00:00+00:00,0.4890111247843976,-0.0035456687664272,0.0038541648506311,0.0170497048779372,0.024277754573466,0.0107976760237723,0.2629275919060295,0.1001964097537092,1.2840881323380475,0.245224911116588,-0.5040842902805867,0.2462518478223769,0.4978727813326316,0.0030660416539692,0.0242617177418664,0.0229134760827693,0.0510119737896133,0.0327769122140916,0.2986590332051334,0.0882553761428329,-0.5649381750205276,0.535884083774421,0.4173506840173261,0.1691849611074735,16743.26
2022-12-18 08:00:00+00:00,0.4898225556289499,-0.0025657386991597,0.0024823156590965,0.0148432834223688,0.0226400483013129,0.0103937707049938,0.2904655386930606,0.094822012568175,1.2631857879597037,0.3120753758504691,0.1505894283178789,0.2433057048701323,0.497940150390651,0.0026474426353737,0.0226924909947314,0.0218567870635262,0.0499536725122973,0.0324725955491623,0.2991975468366903,0.0864139759619143,-0.5411855979235439,0.486196530670977,0.0705992259442017,0.1676801920584813,16754.78
2022-12-18 12:00:00+00:00,0.4888912071698583,-0.0018476687645903,0.0041555906829529,0.0159045021793318,0.0242816477981362,0.0100658722612425,0.2832827537644133,0.0895919590626641,1.1824200320209683,0.2840470158660982,-0.4111057460164028,0.2420141288149783,0.4977517321768416,0.0022409570458766,0.0244024274832816,0.0240856493572074,0.0522835527410312,0.0322761762646348,0.2622469511573326,0.0849668577162268,-0.5593888696390338,0.4497283096899388,-0.0310956893100215,0.1661932276107345,16712.2
2022-12-18 16:00:00+00:00,0.4883883015928364,-0.0012656744402919,0.0048010901430708,0.0159908156728443,0.0248918217470082,0.0096701849035384,0.2835203564474502,0.0829158334647181,1.1676546802457033,0.308824229742575,-0.4257560312606364,0.2418980260217665,0.4976397657809498,0.0018450070975514,0.0250786579438575,0.025276813190628,0.0535529541130239,0.0320486586304864,0.2355446791455705,0.0833065634250482,-0.5317275207268264,0.4072017012325828,-0.1098802187911026,0.1647238606026467,16686.52
2022-12-18 20:00:00+00:00,0.4912633882227997,-0.0006298641420855,0.0002746198774057,0.0106632410529703,0.0198824396711554,0.0093180211745936,0.3519066491737124,0.0743217760194553,1.189948881379744,0.4438823715054673,0.5887679582063864,0.2398493717718478,0.4979791009198064,0.0014837939510452,0.0201258455994945,0.0207874789560214,0.0489709582785322,0.0316404115269699,0.2757777113849476,0.0810919391663856,-0.4966272320925395,0.4111601701347523,0.3868907809747662,0.1632718827778051,16753.99
2022-12-19 00:00:00+00:00,0.4917634860660246,8.697694035778154e-05,0.0003773571604017,0.0097445608464725,0.0191028826552928,0.0091632484364274,0.370054134876899,0.0664748658764097,1.180132389829619,0.537460375970412,0.0041035990581697,0.233403915107684,0.49799778523263,0.0011937604131243,0.0193913966897165,0.0204378373313356,0.048613656096069,0.0313798919844832,0.2674864632343579,0.0792254208834357,-0.4766604946079167,0.4201933216048211,-0.1478886574512467,0.1617582780027686,16754.6
2022-12-19 04:00:00+00:00,0.4898756698066003,0.000533879305481,0.0042937467751673,0.0129310185025428,0.0224795975053806,0.0091998545624195,0.3234176559792346,0.0609571485876932,1.034051709176803,0.7487202560488392,-0.357923201730664,0.2248574501860627,0.4976876282951604,0.0009116456478099,0.0228141870653655,0.0242547858952988,0.0525459505993362,0.0312882132508469,0.206291838316146,0.0776939353500795,-0.4959452131500667,0.4887208350498221,-0.2364802159790812,0.1601352982305812,16686.84
2022-12-19 08:00:00+00:00,0.4920213440507225,0.000785903616691,0.0011420097520078,0.0092096746905723,0.0189175907876213,0.0091363932836312,0.3880777145313122,0.0540853683610937,0.9730735522047868,0.4739360642913053,0.5874253052741156,0.2200770522782021,0.4979243461304177,0.0006196733222761,0.0192971554298326,0.0211375883117512,0.0493662176054412,0.0310020274678002,0.2366318667763005,0.0766620654578794,-0.5035345176669335,0.5020654490837623,-0.0957563486037315,0.1585880065448214,16732.07
2022-12-19 12:00:00+00:00,0.4925396840867331,0.0011398846461002,0.0008877115434404,0.0082040732422778,0.0179379994432558,0.0088131655029901,0.4134182922149099,0.044245886186515,0.9011127331774138,0.399817649243717,0.0787853918752339,0.2139005123270995,0.4979603616224428,0.0003796379822842,0.0183539411498734,0.0205362535215491,0.0487501790567155,0.0307941004530598,0.2360522592480784,0.0758991745891642,-0.518201500484008,0.5099543089338331,0.1063865688011363,0.1570590262397516,16736.8
2022-12-19 16:00:00+00:00,0.49042039369739,0.0012598913151437,0.0048725269194145,0.0117619658521199,0.0216315230397419,0.0085962314031192,0.2857233537640234,0.0284946835074305,0.6894462275991542,1.1642956447325936,-0.6735187424425721,0.2087801992801296,0.4976247858999694,0.0001309144317028,0.0220882345430013,0.0246454953901789,0.05299066562012,0.030730685702116,0.1730048665787326,0.075309280230469,-0.5655376664438655,0.6362402630890835,-0.0937315447565907,0.1555481406098437,16664.15
2022-12-19 20:00:00+00:00,0.4872753709791815,0.0008492978517191,0.0101921181801496,0.0174611511071689,0.027820708685629,0.0089008332548927,-0.089978888627946,0.0196658290179509,0.5542136940038663,1.9700761576466717,-0.6345637031755587,0.2112894886473194,0.497089259503063,-0.0002039737484095,0.028336887205824,0.0314083586363378,0.0600237429551415,0.0308129837378754,0.0744322630686173,0.0750623288547237,-0.5774047542753472,0.8599991127468543,-0.577955182072834,0.1543016395924194,16547.66
2022-12-20 00:00:00+00:00,0.4854567080001749,0.0002721596367766,0.0135939928593411,0.02156397977193,0.0325699635727789,0.0092653567134152,-0.3850124660348427,0.0180542831258305,0.5702086641623048,1.833519519149108,-0.2559995671112776,0.2185233237626293,0.4966753184836959,-0.0005860343456593,0.0331546929374004,0.0368158664842106,0.0657064415387096,0.0309326109228773,-0.0035481918306282,0.0752824849612013,-0.5688103123305273,1.0403091807308835,-0.5459194816540486,0.1533985858390456,16453.07
2022-12-20 04:00:00+00:00,0.4960835156387302,0.0003237419132183,-0.0046694833466249,0.0030336955887924,0.0141275341094477,0.0100777867931659,0.604685837839526,0.0188606314370879,1.034493481999487,2.0209183156228434,0.6323277682680121,0.2256700167037575,0.498096479836433,-0.000869174795258,0.0147511794025672,0.0188104722691009,0.0472847296944491,0.0304345346436248,0.2289196488931512,0.0745542488382957,-0.4335697334242489,1.2030850686326051,0.0862438005742649,0.1528446641948316,16736.41
2022-12-20 08:00:00+00:00,0.49817518402156,0.001264740512867,-0.0066088022335063,-0.00045538365893,0.010172931444762,0.0106496633105761,0.8054985125118,0.0178313696653733,1.1683835992545388,1.3774182971125628,0.318373221043651,0.2204174493102043,0.4983971376497254,-0.0009575517619399,0.0108037485368364,0.0150290955630987,0.0433607250628569,0.0303927919317828,0.2765455850624634,0.0744315289351435,-0.3984791291552632,1.3196231587030327,0.10514652378117,0.1520946834499485,16794.62
2022-12-20 12:00:00+00:00,0.4991219299886558,0.0019675621939485,-0.0066640097077177,-0.0018805446397286,0.0082505296173132,0.0103381464099186,0.856360181211764,0.0185008482658198,1.0383713878873244,0.9724404141990736,0.2829033668561559,0.2150215210251192,0.4985380470092792,-0.0010172536169379,0.0088841543656643,0.0132424332446188,0.0414718113670509,0.0304123015490021,0.2980804038485901,0.0744281261084608,-0.4670956678434105,1.380690854996539,0.1388503009856433,0.1513388850793666,16820.52
2022-12-20 16:00:00+00:00,0.502107555304946,0.0025797921060278,-0.0103576875253423,-0.0069625370444815,0.0025286988418757,0.0101979096832038,1.076571494893319,0.0200498744672684,0.4128433170509663,2.7532341337311044,0.2695049790734664,0.2081093760138346,0.4990028361728725,-0.0010286707794659,0.0031543474481956,0.0075669300594869,0.0355608941999476,0.0303401506134951,0.3712851947459823,0.074024105694978,-0.6475589058127718,1.5543006406415618,0.3160541487821612,0.1504741741462135,16912.24
2022-12-20 20:00:00+00:00,0.5015827808081965,0.0028550835893464,-0.008217618177344,-0.005783501325031,0.0032095068327926,0.0108053574197007,0.986722469348764,0.021079060883719,0.6390961406623266,1.5286505624775206,-0.0995054519454264,0.1946814620396161,0.4989423365448583,-0.0010519969090609,0.003832657933273,0.0083351472368125,0.0362783385511953,0.0305611071742992,0.3588718005733662,0.0741281691765452,-0.5865929795846275,1.4658663567319867,0.4425748609453199,0.1491947892305091,16896.2
2022-12-21 00:00:00+00:00,0.5014019863773961,0.0031445042233715,-0.0065217748119649,-0.0051304477024215,0.0032465914442554,0.0105978280006941,0.9204909602847152,0.0225866169108227,0.3380965066477937,0.8692901046901494,-0.0326847398338213,0.1815052480220166,0.4989383459695893,-0.0010295716786329,0.0038582244579605,0.0083832473376845,0.0362279098849203,0.0307287563341925,0.3579400911987587,0.0742437518336355,-0.7188566495187046,1.3180600321497231,0.6655951949776646,0.1479305451602294,16893.02
2022-12-21 04:00:00+00:00,0.4995776749370753,0.0031075419720396,-0.0023322987786477,-0.0015292543847692,0.0063938583751392,0.0103542329056086,0.7434184958247614,0.0234824365960333,0.5533257610743896,0.7182100390664471,-0.431479072614584,0.1701775290812802,0.4986757673589788,-0.0010331059397983,0.007000730695031,0.011594020241334,0.0394426003823444,0.0308222452288033,0.31520823462251,0.0746175657598954,-0.5591768440795201,1.1379931216166206,0.2746834417775905,0.1466812627514576,16836.63
2022-12-21 08:00:00+00:00,0.4988488616586771,0.0028656675939525,-0.0006013652667138,-6.472415818958854e-05,0.0075085734444557,0.0100737076744075,0.6694995932653093,0.0238911140404548,0.2959852729079391,0.4664292313822925,-0.2514350028137367,0.161932898033592,0.4985715172028198,-0.0010562429011371,0.0081140905736161,0.0127977813447297,0.0406105226786601,0.0307442064147123,0.2991685204060106,0.0748927904561899,-0.7094835656961196,1.0160217159611418,0.0542358204647159,0.1454467649408239,16813.43
2022-12-21 12:00:00+00:00,0.5011735107274906,0.0027411592055421,-0.0040817966054726,-0.0039584653848437,0.0031452270048817,0.0097321087988655,0.8187715054029626,0.0245041526648431,0.3874340855098192,0.4666000278902713,0.7382014313867686,0.1527267092989318,0.4989231095097413,-0.0010412312247316,0.0037399882295516,0.0084422728654829,0.0360474878839331,0.0304973226627946,0.3565385204612659,0.074715295648262,-0.6074930024718416,0.9621006165722796,0.1862317794775589,0.1442268767604107,16883.39
2022-12-21 16:00:00+00:00,0.5005507911682341,0.0025100755779231,-0.0026287985348282,-0.0027102480078098,0.0040358131428972,0.0095244022956835,0.7575659976496899,0.0250074948244103,0.2841145508278953,1.0106337498926532,-0.0976251908798951,0.145610288181126,0.4988454120803925,-0.0010406914550835,0.0046250600426518,0.0093825386166903,0.0369321568082168,0.0304016543649608,0.3436549829710394,0.0749321909950965,-0.6721915754443424,0.7543063835865826,-0.2279021244309611,0.1430522729238426,16864.84
2022-12-21 20:00:00+00:00,0.4965678746029857,0.0021120526796611,0.0042660538466066,0.0043022129305492,0.0108758304745832,0.009609811475687,0.4656123736541069,0.0252332032889484,-0.1712310810320082,0.8326689371606533,-0.8640705363703145,0.14208563093376,0.4982693239253672,-0.0010776714434655,0.0114695560731885,0.0163555972073048,0.0440354890158745,0.0303981125278009,0.2509627525141811,0.0756359888695896,-0.7622547388051829,0.6653302855885864,-0.7449677739216553,0.1419796070460822,16745.75
2022-12-22 00:00:00+00:00,0.4993042583408751,0.0016736355977085,-0.0006750060413177,-0.000401236588067,0.0060046931725652,0.0092959671554294,0.6360808965071123,0.0249691388141395,0.3879351802873477,0.754596294468387,0.7459753086419638,0.1408424901603133,0.4986551266443403,-0.001118172513762,0.0065994910042641,0.0115816701730653,0.0390848629551321,0.03004572317493,0.3119771421333091,0.0755003623344463,-0.6064521875619296,0.6596425974023582,-0.3594647226244642,0.1409196356030052,16821.03
2022-12-22 04:00:00+00:00,0.5004795814127686,0.0015914490048587,-0.0023022648199326,-0.0022354145123438,0.0038360839284372,0.0090293525640241,0.7002472952870991,0.0250545008455381,0.3860863266863755,0.4750917856971002,0.6722573007103297,0.1364664597393298,0.4988270905572382,-0.0011043113327089,0.0044224486112847,0.0094323607373771,0.0367957083364822,0.0297655706473539,0.3389138794697348,0.0754599282604693,-0.5933956955352591,0.6306600135255614,0.0963087778421404,0.1398722083626754,16854.06
2022-12-22 08:00:00+00:00,0.4996101687512398,0.0014281675092686,-0.0007136732925754,-0.0007100780282245,0.0051059538031081,0.0086623623527874,0.6337203226581102,0.0252563778421028,0.2346960495349997,0.3317480244736101,-0.3140582169429725,0.1326957764686056,0.4987100562914242,-0.0011019125271882,0.0056876947049673,0.0107526617159201,0.0380760167300129,0.0295904473957024,0.3202843863420926,0.0756909719496258,-0.653160766281974,0.615671833959946,0.088989521352208,0.1388371768710716,16829.12
2022-12-22 12:00:00+00:00,0.4999602637842767,0.0013186312520969,-0.0010508999502787,-0.0011581841558393,0.0043741963873864,0.0083782883648693,0.6449786424749472,0.0253068732181026,0.3370962891503997,0.4544353741412816,0.1384041759880527,0.1294796572371105,0.4987638810776014,-0.0010859664514692,0.004948149936258,0.0100414519115066,0.037263584769545,0.0293579152970146,0.3286282583183826,0.075781068540515,-0.585934266976852,0.6195646026025176,-0.2377441946185113,0.1378143944310486,16838.23
2022-12-22 16:00:00+00:00,0.4924993679099196,0.0008316149283701,0.010399976415105,0.0107828408524335,0.0163765352637452,0.0084392850567309,0.1615671270885508,0.0257232581026849,-0.2418062574006474,1.5626343251652928,-0.8600217864923755,0.1312694409336904,0.497745796679074,-0.0011530215114803,0.0169639619207029,0.0222492527487014,0.0497633548413389,0.0295197533244337,0.1704244156737151,0.0769752075159447,-0.7249691895140468,0.7187106432762307,-0.8832130795210171,0.1369088535966998,16633.22
2022-12-22 20:00:00+00:00,0.4936170792663062,-1.4660025410661682e-05,0.0073465185978505,0.0088692343846557,0.0148173204301205,0.0086228215871056,0.2239379537019673,0.0269129398205504,0.1824009249609522,0.9727476583142998,0.1487825201370238,0.1408898890263479,0.4978440624683699,-0.0013059077308462,0.0154307472860915,0.0209862623948917,0.0484995001507722,0.0293493488880044,0.1862033780267925,0.0774407076138439,-0.6534276455640623,0.7531679304654965,-0.3166439379180485,0.1363211809046653,16647.98
2022-12-23 00:00:00+00:00,0.5000925524345591,0.0001735827438848,-0.0027027044469086,-0.001449822117324,0.0042332212737297,0.0089811657819361,0.5990937969380566,0.026570453564227,0.7602620610101927,1.269315828682179,0.8201668653158467,0.1384791046918864,0.4987277916228589,-0.0012922079906217,0.0048366450768171,0.0103941942654925,0.0375606893885531,0.0289234597608019,0.3211264732168534,0.0768704605337206,-0.5637350100821912,0.8544860963470201,-0.0025326319890982,0.1357953566754,16819.21
2022-12-23 04:00:00+00:00,0.5005031675096057,0.0003872055091649,-0.0029018949094434,-0.0019866517943987,0.0034320174718533,0.0088715348058361,0.6059262713807821,0.02479993407168,0.4433868263532404,0.8906051824215424,0.0601436798669914,0.1356026780114415,0.4987892168240654,-0.001269494137182,0.0040272881220273,0.0096088306391091,0.0366798885003756,0.0287838825171543,0.3308852784734732,0.0770057845535672,-0.5890875596073455,0.9280087414080428,-0.0727778457024126,0.1352595181520512,16829.37
2022-12-23 08:00:00+00:00,0.5013102400568079,0.0006154104340737,-0.0035709089842755,-0.0030667236239182,0.0020257359907631,0.0087419731611518,0.6512774567903928,0.0196929244497697,-0.000796805045923,0.3607988480223213,0.4434077079107361,0.1311699109922845,0.4989057339822325,-0.001223164763734,0.0026081706254836,0.0081761047731028,0.0351197967026495,0.0286368692484725,0.3487375742099325,0.0770419918393523,-0.7029353848676901,0.9315296009563638,0.0667257610954827,0.1346818224539299,16850.78
2022-12-23 12:00:00+00:00,0.5009885161749118,0.0007993519700263,-0.0025238795989934,-0.0024098036293825,0.0023482090694972,0.0084044673725755,0.6228058403066047,0.014433178413189,-0.1416856193587284,0.4630357180206187,-0.0789873417721261,0.1258910456096713,0.4988767590746933,-0.001167254782348,0.0029166923257026,0.0084618507684826,0.0353160979795246,0.0285401650491935,0.3442739810970702,0.0771770944976112,-0.7748267846077292,0.9277893881714364,0.0159516285853184,0.1341084986608845,16843.74
2022-12-23 16:00:00+00:00,0.5003816450690993,0.0008676299070871,-0.0012781467269866,-0.0014215775379048,0.0030399140493939,0.008458579586636,0.5566681423499571,0.0144188830748324,0.181114453486651,2.0210320066414997,-0.0662832929782047,0.12271926535205,0.498826631333627,-0.0011147526498147,0.0035954350739741,0.0091218117515954,0.0358975270428962,0.0284797459526763,0.3350084269911474,0.0773436790967503,-0.6941176148352143,0.9639879942294516,0.5191266832265669,0.1334235086743778,16830.45
2022-12-23 20:00:00+00:00,0.5007478669958126,0.0008826639170688,-0.0015389665734265,-0.001869723599619,0.0023121095843574,0.0084414983753561,0.5936323195908317,0.0144299039758067,2.4794618761847795,0.7617622188557023,0.2470817120622522,0.1214673751554351,0.4988884455052034,-0.0010613037779161,0.0028541881355852,0.0083528809071939,0.0350119935928125,0.0283764781425458,0.3441493362996205,0.077402987208936,-0.5183874454396674,0.9071596357156264,0.6465114727854804,0.1326797036789462,16841.03
2022-12-24 00:00:00+00:00,0.4982994218536211,0.000666525365086,0.0020500389530031,0.0018793898492364,0.0059553057580792,0.0082430318609807,0.3346699438801371,0.0140083093841609,2.680206207424583,1.3295862745740277,-0.6507341772151737,0.1229772158693292,0.4985656010330805,-0.001050086636085,0.0064939529997907,0.0120410833337245,0.0387251446326628,0.0283097239732822,0.2960228150537836,0.0778399909226488,-0.4983823340504114,0.8758523516305883,-0.1898355086715579,0.1319447012231752,16776.77
2022-12-24 04:00:00+00:00,0.5011402160735596,0.0006115653673774,-0.0020708476867112,-0.0022787412322657,0.0015893231545707,0.0079579264917983,0.641750407506807,0.0138152248055524,3.416337120030829,1.0322704289254772,0.9009283988299532,0.1247940371032904,0.4989392558374871,-0.0010086918320357,0.0021160766688792,0.0076354705604402,0.0341176033423733,0.0280043466982325,0.3514556542904011,0.0776461916793281,-0.2781478314516888,0.8606415351924955,0.0942796610169601,0.1312183971336527,16847.61
2022-12-24 08:00:00+00:00,0.5010529538707873,0.0005767731832571,-0.0017708716541698,-0.0020381006177214,0.0016306948973687,0.0076331566132028,0.6491974466159496,0.0132748194193383,2.875594016001123,0.3464285536453178,-0.0433033148113066,0.1245514810678949,0.4989317969065585,-0.0009652261440788,0.0021467401548023,0.0076513863471241,0.0340434096068031,0.0278165244793651,0.3508813763930366,0.0777953380735482,-0.3152672639100939,0.8457401225286297,-0.0252219531880546,0.1305006884698033,16844.98
2022-12-24 12:00:00+00:00,0.5000751803612372,0.0005610171489058,-0.0002508615547986,-0.000600077166922,0.0028645863554372,0.007310596534043,0.5558748394880084,0.0130708842035795,2.4558296490744573,0.4019716322374966,-0.663932024611861,0.1242442371686555,0.4988178333680022,-0.0009164989301754,0.003369403432315,0.0088548726571255,0.0351831013079959,0.0276632425072699,0.3351865887248575,0.0780221561559541,-0.4262123751034944,0.8253668451837064,-0.1055286521388303,0.129791473509299,16822.67
2022-12-24 16:00:00+00:00,0.500790255081518,0.0005053163961725,-0.0010895122122273,-0.0014549774015261,0.0018305590655405,0.0069060089573734,0.6272495854681505,0.0130383115644925,2.376808335217243,0.362646758045462,0.5738068812429515,0.1241527159169775,0.498904204071731,-0.0008711900865675,0.0023242336959303,0.007784156685209,0.0339922208912233,0.0274241191018258,0.3482504552569804,0.0780704075738932,-0.3831226291098272,0.5815173467219292,0.0777518405458769,0.1290906517336409,16838.26
2022-12-24 20:00:00+00:00,0.5009985441370847,0.0005069291236567,-0.0011454984996299,-0.0016035754004407,0.001474118454664,0.0065609069033728,0.6561805437620392,0.0128181970038951,2.3612344110437764,0.3925093451865286,0.1130659160216665,0.1228327596155593,0.4989338398312268,-0.0008146986784386,0.0019547706660933,0.0073739910472525,0.0334708508115695,0.0271703959292783,0.3535173276026638,0.0781585521377711,-0.2882823863842653,0.5187593380378746,0.018042598134157,0.1283964439455288,16843.08
2022-12-25 00:00:00+00:00,0.5005102605614737,0.0004679653277164,-0.0004452475864737,-0.0009367061127362,0.0019622744607856,0.00628227257057,0.6153124252378145,0.0127338760816493,2.173809935369988,0.418596914271035,-0.2039629549860242,0.1208341169233355,0.4988874623663944,-0.0007627176297505,0.0024311864311539,0.0078175429358859,0.033826784161612,0.0269390668874896,0.3482228916778311,0.0783068781002301,-0.2894708569706902,0.376814067591797,0.6514613180515776,0.12770394252087,16833.61
2022-12-25 04:00:00+00:00,0.5003235382402843,0.0004291215876792,-0.0001333095188065,-0.0006510252362694,0.0020751038956225,0.0060134392391105,0.5932167374876851,0.0127778383352319,2.0153040221958323,0.2856021246122656,-0.1085632389824024,0.1198420933437603,0.4988738532824856,-0.0007094545944676,0.0025320092859113,0.0078800067669406,0.0337902203277553,0.0266693335347857,0.3483437350348902,0.0783163732466942,-0.3069565446845139,0.2731469039820536,-0.2791359678500097,0.1270196364851816,16830.57
2022-12-25 08:00:00+00:00,0.5000616871341945,0.0003323917306882,0.0001216613198176,-0.0003249685874199,0.0022798670380272,0.0057502937219887,0.559747324457364,0.0126549435020217,1.928391190429526,0.3810174747885347,-0.1499852376735134,0.1203391413142516,0.4988499672502609,-0.0006679130411308,0.0027272279610055,0.0080521540655758,0.0338729255567051,0.0264040431815046,0.3473330096747085,0.0782307485154788,-0.3107115869648199,0.2715129250741345,-0.3266248762785094,0.1263454206942464,16825.53
2022-12-25 12:00:00+00:00,0.4997088414410072,0.0002649374288469,0.0004741276769939,7.269568054701914e-05,0.0025550814984758,0.0054543749483867,0.533836149019017,0.0125996864508003,1.8792625298291072,0.2312593448831115,-0.2419913419913635,0.1212097793953733,0.4988188916155643,-0.0006242004804731,0.002992582474135,0.0082899342693103,0.0340208833672048,0.0261436192568112,0.3455578495884121,0.0781121998950266,-0.3139524247564902,0.2467638853388406,-0.0541075552622713,0.1256801372336974,16819.47
2022-12-25 16:00:00+00:00,0.4982394618824133,0.0001418915201408,0.0018826689003228,0.0016240725440843,0.0040422577027994,0.0053446298058896,0.4100532016255653,0.0126040192183233,1.7779598682007616,0.652696604217455,-0.2015941048198913,0.1248986396528157,0.4986772241401599,-0.0005948364102769,0.0044732191441787,0.0097673339418111,0.0354482720721456,0.0259399449950861,0.3275919936038419,0.0782521087527374,-0.3159583896097719,0.2727104070295575,-0.320184964618491,0.1251233214848537,16792.56
2022-12-25 20:00:00+00:00,0.498074334154204,-4.546047573964746e-05,0.0017563727937963,0.0017607948593949,0.0041830497696069,0.0054703968681034,0.3966663333865463,0.0126338409451378,1.5003264119827031,0.535569387732606,-0.0575303510882863,0.1314782645267712,0.4986568953833034,-0.0005836021509209,0.0046107430862887,0.0099205821918324,0.0355299332345595,0.0257405834594155,0.3255748691949521,0.0784248822453945,-0.3532917023079763,0.2836345166477853,-0.4077463757504877,0.1247418380149884,16787.39
2022-12-26 00:00:00+00:00,0.500630571769364,-7.324617495737775e-05,-0.0009846820864429,-0.0009110776559065,0.0014469853321177,0.0054933387158721,0.5975017898364366,0.0117574744356784,1.523870203873941,0.5413089504926223,0.4903161175422885,0.1379103299017173,0.4989140955615807,-0.0005544440615062,0.0018670378484761,0.0071535743484698,0.0326075455137979,0.0254642892113689,0.359971544505644,0.0783441434672006,-0.3241428322689786,0.2912181860860823,-0.018272050530117,0.1243648692007037,16831.17
2022-12-26 04:00:00+00:00,0.5044446032396666,0.000138993142665,-0.0045372913947961,-0.0047558319549592,-0.0026274931485151,0.0054147070511882,1.2273450699296595,0.0062306276324302,1.6334556639412103,0.6184208407063637,0.8522349464352112,0.1387420543183789,0.4993117079863459,-0.0004787849327171,-0.0022246676841507,0.0029640464052249,0.0281968878837293,0.0251688300261155,0.4133733007117108,0.0780989277715807,-0.2616438955971762,0.3194134621764314,0.3873597230752096,0.1239066480950103,16899.99
2022-12-26 08:00:00+00:00,0.5010161250821672,0.0002785940367815,-0.0006826113625982,-0.0011401977899128,0.0007748458524663,0.0054099831004342,0.6559241099180605,0.0059195448021599,1.3530115824493032,0.5640553087247289,-0.6725194437897922,0.1342471387371417,0.4989895877188512,-0.0004032489678102,0.0011628343428302,0.0062844640552197,0.0314807576365079,0.0250952028432162,0.3710722078555495,0.0784300782012202,-0.3224617650668104,0.3278231714490461,0.0895035389789578,0.1232804623378486,16842.89
2022-12-26 12:00:00+00:00,0.502079831707496,0.000285063482785,-0.0016099013402822,-0.0021249889003257,-0.0003566139210152,0.0052573467739773,0.8352922474990314,0.005704182867704,1.3621433110700627,0.5044623618464689,0.3671706263499042,0.1322698456967418,0.4991019302977479,-0.0003442805158504,1.8492131562686254e-05,0.0050737943077989,0.0301303492827451,0.0249105594485094,0.3862404229636357,0.078423295593391,-0.2801540160997905,0.3462234110515768,0.2118367551829773,0.1226613753102418,16861.57
2022-12-26 16:00:00+00:00,0.4983528070552496,0.0002245333692288,0.0020292977024005,0.0015489134079675,0.0032197296670981,0.0051178552655442,0.2022407052056209,0.0057809105772538,1.1784920216851844,0.816937808536847,-0.7934725848563967,0.1303454398890623,0.4987534798739682,-0.0002962546837083,0.003585621081201,0.008609470969493,0.0336490648181702,0.0248434402188492,0.3414297214517397,0.0787971288397887,-0.3243561985278251,0.341460843319023,0.0421041688325119,0.1220496148509527,16800.75
2022-12-26 20:00:00+00:00,0.5006876226032471,0.000148362293468,-0.0002951467785752,-0.0006974100342665,0.0008959448472023,0.0050166662801106,0.6019189632695056,0.0057069048342079,1.255340365510588,0.7027559640319189,0.5928944940018304,0.1313308908216494,0.4989804673059322,-0.0002541418730295,0.0012520378727982,0.0062242565515344,0.0311040393072281,0.0246270062134903,0.3711718865087537,0.0787109731429681,-0.2805897537641158,0.3402857187638227,0.3087039693926338,0.1214450942539108,16838.76
2022-12-27 00:00:00+00:00,0.5070499921714836,0.0001590439738351,-0.0061842538628257,-0.0066224263993537,-0.0051552848116911,0.004859791146739,1.6880363453452771,0.0055478190322023,1.354549975849497,1.140660586556647,0.7088747580868199,0.129887597341411,0.4995891562771875,-0.0001990018865994,-0.0048126731501323,7.022497322317633e-05,0.0246889923019149,0.0242883411257557,0.4491994917589123,0.0783137628114045,-0.2190736017389998,0.3695510211064597,0.6396558739754789,0.1208451980395384,16940.82
2022-12-27 04:00:00+00:00,0.5025058202088639,0.0002866464990611,-0.0016951451231558,-0.0023602816843539,-0.0010962285159614,0.0051431708545323,0.8977969081588686,0.0062348049277712,1.4211126294723917,1.4796518278344268,-0.5325253145136666,0.1255043665170471,0.4991950056677721,-0.0001189797305313,-0.0007689361280074,0.0040330771089542,0.0286208842121054,0.0242229980067846,0.3992084628645506,0.0786725972568078,-0.182158840391673,0.4152531788681434,-0.1508127129531373,0.1200659919115886,16872.96
2022-12-27 08:00:00+00:00,0.5020509352025758,0.0003322614640469,-0.001063850542655,-0.001852941349314,-0.0007603548051353,0.0049979128356666,0.8149234509233625,0.0062249499631865,1.258285656583373,0.876860966102918,-0.1175515882216459,0.1217018711817625,0.4991701493282957,-4.636088131839884e-05,-0.0004480190995055,0.0042637316483289,0.0287319619846608,0.0240689477086078,0.3960459798550705,0.0787151754261139,-0.2218478308467736,0.4233701072769707,0.1404792492878379,0.1192960072770237,16868.02
2022-12-27 12:00:00+00:00,0.4995924757090085,0.0002427302165885,0.0012103016200519,0.0004909593604665,0.0015005894614188,0.0049170396350211,0.4344923654637877,0.0061963552096056,1.2110414433813663,1.4701188532718623,-0.4990220367714316,0.1151920911435018,0.4989468018730594,3.9800956259550855e-06,0.001803002406211,0.0064628891717997,0.0308719383691107,0.0239640514691306,0.3668747256021965,0.0788456796513118,-0.2128083951046456,0.4742030716471379,-0.1774004356811629,0.1185351350043354,16829.77
2022-12-27 16:00:00+00:00,0.4969899312001823,-1.94668672752682e-05,0.0033631565419207,0.0029946528295439,0.0040645604904405,0.0049718026054097,0.0316602160675363,0.0064608214790412,1.045752415327002,2.608897477515936,-0.424039909638541,0.1116903121793445,0.498689182032595,1.5035350497134358e-05,0.0043649746266944,0.0090292820088955,0.033412364824791,0.0238853249224327,0.3332827154357559,0.0790837603811139,-0.2733127500443295,0.5723378253582181,-0.0640971931294479,0.1178625858852746,16784.91
2022-12-27 20:00:00+00:00,0.491089833999192,-0.0006775186263055,0.0084000569184778,0.0090284555235651,0.0104952899188908,0.0053760538534047,-0.4202265558359014,0.0102299834732504,0.637167879808051,3.1515669416294902,-0.5351558798446033,0.1190333059229837,0.4980322216415091,-6.74786880037782e-05,0.0108135087330238,0.0156347430403431,0.0401503056578707,0.0239830573193119,0.2495222616620534,0.0797993111107278,-0.3775909246136242,0.7360930563562618,-0.436238616381907,0.1175854184752401,16672.04
2022-12-28 00:00:00+00:00,0.4928825042814043,-0.0011022921633907,0.0055267935271523,0.0069567444687514,0.0088081453809314,0.0055732239510031,-0.0944379586693349,0.0129254188753601,0.7514485833158275,1.6427832721282996,0.2857335672830591,0.1300980064206541,0.4981740006759467,-0.000156858681633,0.0091431259578027,0.0140966993776481,0.0385567895407099,0.0239390589387996,0.2671839145478905,0.079925879013478,-0.3514420528388803,0.774844392282544,-0.6534918510353536,0.1175523629602837,16693.38
2022-12-28 04:00:00+00:00,0.4912803678467687,-0.0013362307812868,0.0067302040837016,0.0087463519653652,0.0109398377267597,0.0056740458473121,-0.1473474120917757,0.0150020150728628,0.737719622342365,1.7639955509505294,-0.2201505916098942,0.1369898648090038,0.4979435339909273,-0.0002389912830388,0.0112913318562259,0.0163874346254089,0.040882716760149,0.023941563476733,0.2378273003838419,0.0803598656536393,-0.3305029075976468,0.8103107228054454,-0.6552336946863392,0.1175402596554037,16651.87
2022-12-28 08:00:00+00:00,0.4912881519365162,-0.0015996974074555,0.0059724820265498,0.0086705031802187,0.0112935533854394,0.0059221635729776,-0.0600839991262955,0.0177274642897454,0.8942290080012322,1.2990345611185103,-0.1313659186392016,0.146862377150525,0.4978804835530185,-0.0003516502037124,0.011667148666639,0.0169444519994101,0.0414569725240183,0.0239139296085318,0.2298059125918883,0.0807326591227833,-0.2485662000553549,0.8626542230113203,-0.7068122405043864,0.117612230204838,16638.22
2022-12-28 12:00:00+00:00,0.4936266639475492,-0.0015776913278617,0.0029852961026521,0.0059864392171569,0.0089057953077165,0.0058500821380478,0.1161817830812413,0.0192713025907726,0.8620916397279348,1.0452617910658084,0.540195590916612,0.1548185494694825,0.498093093739519,-0.0004350546965813,0.0092949074856485,0.0147021972090359,0.0391508196576033,0.0238051530767653,0.2559355662350729,0.080841225889305,-0.240743108825861,0.8607496085569784,-0.5688243914644142,0.1176833490207941,16670.82
2022-12-28 16:00:00+00:00,0.4885367066962405,-0.0014263468160584,0.0087463541880665,0.0118507617014291,0.0150009153246595,0.0058691943201712,-0.1499824249206735,0.020563501629514,0.5469418544557954,2.321149540616708,-0.4765010119181534,0.1575162574210817,0.4974696593339043,-0.0005013531728312,0.0154047415066018,0.020960367570229,0.045539655814595,0.0238695292216332,0.1795519749746937,0.0816355963783626,-0.3982820296416496,0.90607745961909,-0.909023363328666,0.1177536261830884,16564.77
2022-12-28 20:00:00+00:00,0.4907684535643982,-0.0014680524124359,0.0059028628349366,0.0093647223625539,0.0128542479109772,0.0062988880729063,0.0061272348024087,0.0223706312264284,0.4590622382223934,2.1994752731250014,0.2545700744752863,0.1585700318724686,0.4976572509160422,-0.000603811081432,0.0132775717666073,0.0189968328194447,0.0435380902517192,0.0237088201564979,0.2038058611505291,0.0818793744565929,-0.4198937958146754,0.9110469800662396,-0.3588756601915716,0.1178259521919302,16592.03
2022-12-29 00:00:00+00:00,0.4892081659493088,-0.0017299878094928,0.0072913532139564,0.0114520491619218,0.0154687586137256,0.0064915134368578,-0.0257709762467067,0.0256111650819331,1.0938317713758292,2.251540877941416,-0.3606122448979483,0.1645274599909308,0.4973680032893853,-0.0007610926721144,0.0159239823945482,0.0219122222745353,0.0465712723432014,0.0237069760319387,0.1707791405504204,0.0826049267225122,-0.1193292862003163,1.0382703398601807,-0.4910351347093077,0.1181048808125013,16539.02
2022-12-29 04:00:00+00:00,0.4903460604043496,-0.0017595965475127,0.0053882646898966,0.0099446089648416,0.0143846091601409,0.0065344259240693,0.0632348134585599,0.0280173098058346,0.333562556313088,1.376437362609623,0.076041967465568,0.1725828400921266,0.4974383068600511,-0.0008980412184744,0.0148666648552631,0.0210822598164659,0.0457635163995924,0.023642202928619,0.1823118330989779,0.0829767403637835,-0.4986793264892254,1.0590466487763164,-0.3280920119741707,0.1184915473287572,16546.92
2022-12-29 08:00:00+00:00,0.4910511208468943,-0.001612398830388,0.004159037691972,0.0088469947662341,0.0136068789981025,0.0064310535163503,0.1202783356898265,0.0296285944231297,0.3324471734230579,0.998013555695683,0.0760913912688602,0.1801683633861039,0.4974778579353027,-0.001011532755038,0.0141112791559507,0.0205265425857372,0.0452268700918661,0.0235840787998276,0.1904327068857886,0.0833336412270718,-0.4957770172249512,1.0714818684368457,-0.2760044115330094,0.1188736378508135,16550.64
2022-12-29 12:00:00+00:00,0.4942564905274835,-0.0013111491054496,0.0005268017689854,0.0050795733947954,0.0100288124109728,0.0063527225835284,0.2565112878451558,0.0299889453729918,0.6765946354804117,0.7822945581026378,0.4634235552304317,0.1843443526436816,0.4978112105946319,-0.0010934093579887,0.0105485190540217,0.0171080321879044,0.0417445093014334,0.0234600561427506,0.232073476363175,0.0833818566972795,-0.043520767769485,1.0779187086823856,-0.218685993382706,0.1192512065331466,16601.32
2022-12-29 16:00:00+00:00,0.4953608853739474,-0.0008369951329653,-0.0002121622911674,0.0038773158300411,0.0088429504126725,0.006247267103329,0.3050003028772009,0.0293733538190187,0.6712732902991985,1.3400956370310084,0.2004628290425219,0.1841728113332914,0.4979158589078043,-0.0011277731407167,0.0093693114436366,0.0160187078368003,0.0406187768000594,0.0233752148118996,0.2460218084891544,0.0835345398820285,0.0757731423059334,1.0381141767385964,0.2495438881005558,0.119624306889344,16614.95
2022-12-29 20:00:00+00:00,0.4949285586054061,-0.0004684448891101,0.0006351494949272,0.0043231212424732,0.0092927289762188,0.0060869085670366,0.2975021570859831,0.0287779097906223,0.3806667133254139,1.3589244427779836,-0.1996776792908874,0.182539114506315,0.4978487337539489,-0.0011568925706766,0.0098252696971972,0.0165660759002732,0.0411667892509379,0.0232564916761333,0.2406207648853921,0.083846603571592,-0.0595146117527788,0.9957778080686052,0.0507160823366405,0.1199929917996882,16601.91
2022-12-30 00:00:00+00:00,0.4965561229699654,-0.00021548315232,-0.0008948788422158,0.0024903971988943,0.0074684742293686,0.0060154721599363,0.3693686028108178,0.0280586123001659,0.0238390869537564,1.0937991411926984,0.2506992644773751,0.1840379810244385,0.4980194705230299,-0.0011865803287999,0.0080067047913272,0.0148293083902963,0.0393796065507416,0.0230798475762075,0.2619218767914144,0.0840123335105915,-0.2595005993005424,0.8963164359441054,0.4967771376418886,0.1203573135186507,16626.11
2022-12-30 04:00:00+00:00,0.4946448805189318,-1.6717403217698884e-05,0.0014763575756542,0.0045927358278059,0.0095751747471539,0.005900463142308,0.300813211323283,0.0272703962384559,0.0631104404240432,0.722053422573536,-0.6185424354243738,0.1851859439220858,0.4977796812031657,-0.0012128101326119,0.0101196625338662,0.0170397536426145,0.0416316039372364,0.0229788655712798,0.237096557809697,0.0844619232432365,-0.2022247011848188,0.8368532411024419,0.2714793394188459,0.1207173236822994,16585.87
2022-12-30 08:00:00+00:00,0.4889502353117017,-0.0001010643843116,0.0079383390273288,0.0111836479092533,0.0163468347294164,0.0059281024143523,0.05788431929332,0.0265705902377592,-0.4076289007884517,1.1262187879276575,-0.64005228473396,0.1909734168781526,0.4970614164336088,-0.001285719041197,0.0169083475023612,0.0240182335639682,0.0487951953044647,0.0229832339770737,0.1579003835115016,0.0854118284884693,-0.4637714280438705,0.8793584261455993,-0.3560563623044819,0.1211255030444355,16468.01
2022-12-30 12:00:00+00:00,0.4904170662240431,-0.0003463574540371,0.0056381267804375,0.009266371326845,0.0147142985066732,0.0061104861272496,0.1186356977119628,0.024994299945091,-0.0694701655743572,0.8929165373305655,0.2222973887160103,0.2034254187464141,0.4971888812127648,-0.0013904900798454,0.0152967365459828,0.0226019401883572,0.0473922966779918,0.0228542399815828,0.1757356060319792,0.0857876443903116,-0.3025680124893004,0.913555700810637,-0.4996337312017963,0.1217884107053052,16485.14
2022-12-30 16:00:00+00:00,0.4948053877466758,-0.0005200452801719,0.0004314405348122,0.0043763640684342,0.0100912851080359,0.0061470650162237,0.3111044378115785,0.0229052250350049,-0.1905077739502947,2.192186975118106,0.2674542620395481,0.2164768806217796,0.4976404033991146,-0.0014934913277836,0.0106934850651976,0.0181791785071319,0.0429164174630434,0.022679508669289,0.2277637620715947,0.0859169356184286,-0.5426397615260239,1.0783085646863333,-0.1983305717947881,0.122541624085705,16550.86
2022-12-30 20:00:00+00:00,0.4937222875191927,-0.0003270384518203,0.0019311303623792,0.0056877824562697,0.0114715648166596,0.0065748515601009,0.2355051202401208,0.0195564091271712,-2.003345471620444,1.272254668533424,-0.4716255210002849,0.2268183256833134,0.4974752336974566,-0.0015434740400145,0.0120848845133016,0.0197095911237947,0.0445026325170134,0.0226804218407908,0.2116033281292857,0.0863524947439213,-1.032619637116824,1.101300183458826,-0.2529498294263094,0.1235135836542466,16521.09
2022-12-31 00:00:00+00:00,0.4983291061976249,3.521719221048818e-05,-0.0029510942101397,0.000298434999763,0.005951957694176,0.0065855896499723,0.5432447500315208,0.016043563811024,-3.150970679438903,1.3061341240157125,0.6490176742774799,0.2292124511463058,0.4980337293889994,-0.0015377040785094,0.0065632992044173,0.0142109664507699,0.038862040689287,0.0225268583557837,0.2753626479385303,0.0861291785112938,-1.4923488192982253,1.1649355404858983,-0.0607417472130381,0.1244576521511113,16606.43
2022-12-31 04:00:00+00:00,0.4950853847441874,0.00024981351304,0.0010503619609947,0.0039645935866665,0.0095598134079071,0.0064593861820797,0.3091300321903872,0.0147760669570108,-3.994599930025873,0.4596758090477493,-0.9940984624941602,0.2295145503142442,0.4976313616998666,-0.0015480545948384,0.0101752313800769,0.017917992579475,0.0426531410121153,0.0225790782787941,0.234170446484423,0.0866883354872769,-2.278590210571714,1.1319141806684976,-0.1354105549207865,0.1253852377267043,16541.68
2022-12-31 08:00:00+00:00,0.4960380749984993,0.0003069338320027,-3.4638315729917935e-05,0.0027287881856574,0.0083056709236246,0.0062075035165705,0.3907859179572364,0.0140362478510385,-3.359303973298936,0.5350664846228305,0.309150479756594,0.2317527421757606,0.4977330918538779,-0.0015671024930761,0.0089254949515373,0.0167497273920926,0.0414623225840788,0.0225239243087503,0.2485350934278372,0.0868396933166899,-2.036350559165159,1.0494424008897238,0.2698329370348656,0.1263018458164399,16556.09
2022-12-31 12:00:00+00:00,0.4963797959457475,0.0004057932569714,-0.0002741256819176,0.0022674280816621,0.0077821056203601,0.0059721159201682,0.4256014560257516,0.0129656919360892,-2.955754073179644,0.5518830669053222,0.0745614035088022,0.2328650751598642,0.4977630116473777,-0.0015723377613456,0.0084038855555683,0.0162941625396386,0.0409934893496022,0.022484714135207,0.2547669443942491,0.0870203306869817,-1.9256145423263544,1.0018980948575231,0.2268783003427748,0.1272076063330712,16559.13
2022-12-31 16:00:00+00:00,0.4981084100583765,0.0006243036826839,-0.0015867046648684,0.0005292764421975,0.0058614876866438,0.005835650773802,0.5673940347670107,0.0125515287451106,-2.752780021143749,0.7670514594987203,0.2915695827155194,0.229739618221294,0.4979577682476261,-0.0015418421632413,0.006477754611355,0.0143745928940843,0.0390043529274468,0.0223833968902084,0.277508971425859,0.0870097693454514,-1.844570801237576,0.7896939863239627,0.253135290408465,0.1281026476519025,16586.64
2022-12-31 20:00:00+00:00,0.4966986689887999,0.0007212621700166,0.0001471282683975,0.0019811506834037,0.00717608793047,0.0057295182458105,0.4588399127710154,0.0117842838658542,-2.5977542056939065,0.7802715821294058,-0.5281037677579083,0.2237921811691136,0.4977982335132038,-0.0015198937146569,0.00778959928708,0.0157222393085767,0.0403639081198696,0.0222527305104005,0.2633144303184173,0.0872389920451895,-1.828932617781745,0.704000914419168,0.2999473644634855,0.1289870966289836,16560.76
