time,h4_rsi,h4_macd_diff_pct,h4_ema9_ratio,h4_ema21_ratio,h4_ema50_ratio,h4_atr_norm,h4_bb_pct,h4_bb_width,h4_obv_zscore,h4_vol_ratio,h4_body_ratio,h4_adx,d1_rsi,d1_macd_diff_pct,d1_ema9_ratio,d1_ema21_ratio,d1_ema50_ratio,d1_atr_norm,d1_bb_pct,d1_bb_width,d1_obv_zscore,d1_vol_ratio,d1_body_ratio,d1_adx,close
2026-01-01 00:00:00+00:00,0.4971980397936753,-0.0003297639458262,0.0059420854380172,0.0054996876469226,0.0051229893365278,0.0097696361634843,0.3229766785270448,0.0332410266622612,-0.3289397627592406,1.097554791990645,0.2101271605878278,0.1045265496107798,0.4987311817526516,0.0033098684635223,0.0052346815743118,0.0116360658789411,0.0505458448354858,0.0323311964768203,0.3805414967908167,0.0627950198171046,1.8283622579060308,1.1678339145324834,-0.4233354483086825,0.1226371291244934,87495.97
2026-01-01 04:00:00+00:00,0.4983851606856037,-0.0005236957991093,0.0031868436723443,0.0031213511993863,0.0028990681713758,0.0094648954949608,0.385433236996971,0.0330923580580897,-0.1567605318278247,0.616717177342861,0.3822006738433635,0.0989132168624393,0.4988803890721884,0.0032645172053668,0.0030130978111684,0.0093506058945858,0.0480002590755048,0.0321530741561501,0.4181370145463706,0.0602206597611212,1.8547413921588705,1.1789953811617175,-0.3193629297696018,0.1219658553345105,87682.0
2026-01-01 08:00:00+00:00,0.4972924963462743,-0.0008275359974723,0.0042687387048785,0.0047808843265948,0.004835732073749,0.0092487349832092,0.3230306326913311,0.0332493966290497,-0.2077341794662991,0.7922445997756801,-0.5717279423094543,0.0925582142212386,0.4987404377197433,0.0031952024374779,0.0049600592558993,0.0113161133182946,0.0498948035040676,0.032112968288632,0.3855333453414235,0.057644288537775,1.82939338225708,1.2962589828025783,-0.5032269897291448,0.121302525715642,87495.99
2026-01-01 12:00:00+00:00,0.4998766897514317,-0.0008102454893985,-0.000446038434872,0.0002238254283308,0.0004032487049598,0.0088486970939781,0.4686469226301132,0.031777881669273,0.1050056944797839,0.2612315875188345,0.9377761231074548,0.0884673363702747,0.4990426703719964,0.0031422952370069,0.0005297456593778,0.0068135082707929,0.0450524825794842,0.0318677771115603,0.4667360777210294,0.0545358697280674,1.9446477150587635,1.2692305261939285,-0.5057897450132849,0.1206470462528148,87874.92
2026-01-01 16:00:00+00:00,0.5001348307442076,-0.0006522590491788,-0.0008139678771708,-0.0002131090830304,-9.66846656846876e-06,0.0084601898353461,0.5215162907558799,0.0247547104480955,0.1737145663851761,0.2862237091229855,0.1099757647213012,0.0863760695959488,0.499074449795141,0.003127476273455,0.0001144171593694,0.0063156387051948,0.0443515055276177,0.0317042498988038,0.4800469459178373,0.0518382415933229,1.99943459304344,1.0436266470289697,0.0688388418941245,0.1199993240435736,87908.5
2026-01-01 20:00:00+00:00,0.5023629958171927,-0.0003553309694909,-0.0039977726495163,-0.0037071519728736,-0.0035993264303731,0.0082711034857404,0.6956968494886048,0.0224973364694942,0.1956878003744664,0.488498557070633,0.5051339215624769,0.0881481712036318,0.4993367170823382,0.0031342698696555,-0.0034843588830134,0.0025695033747279,0.0402590698704019,0.0313723924204351,0.5554498310120075,0.050839873027055,1.991165347380736,0.7769933081835882,0.6631264444714752,0.1195199745703289,88230.24
2026-01-02 00:00:00+00:00,0.5057978323498015,0.0001308359325811,-0.0084984148702442,-0.0088656061839628,-0.0090421092792135,0.0080947744874248,0.9249430487737864,0.022290470606934,0.6394438793193828,0.5919308343283013,0.7483821057172961,0.0927448106695988,0.4997443703297163,0.0031878509974094,-0.0089469835696557,-0.0031282851998548,0.0341067213276202,0.0309844037641433,0.6740197581511113,0.0497009676374166,2.0633228514190924,0.6529135402483672,0.8608940685336528,0.1191962606556763,88733.28
2026-01-02 04:00:00+00:00,0.5063098795144153,0.000589322374461,-0.0085653450160582,-0.0096589156871593,-0.0102077753587936,0.0079934897500145,0.9500352165832022,0.0229366010568907,0.8297773830725056,0.9155995590444016,0.1740407490596835,0.1004005765046285,0.4998537520790391,0.0032831400030389,-0.0101376787349152,-0.0045719949105321,0.0323464793782946,0.0307675704579953,0.7106462682866208,0.0487551665258274,2.0620119879389587,0.6834851587819724,0.7113035633739294,0.1190729236980378,88864.23
2026-01-02 08:00:00+00:00,0.5054206991315923,0.0009466461721657,-0.0062904951790239,-0.0080506447727234,-0.0089970694142487,0.0079817528471538,0.8774705881973415,0.0227304664457819,0.9696137839003044,0.598171340311967,-0.1505425998614736,0.1091215599717684,0.4997928065397561,0.0033974305228129,-0.0089541050915217,-0.003647844093681,0.0330304144006454,0.0306435252553705,0.6994212197939514,0.047893103330949,2.0546995929336567,0.6085166050156047,0.837933948771287,0.1190688363111491,88786.0
2026-01-02 12:00:00+00:00,0.5091324346272188,0.0015611514411998,-0.0108593955579719,-0.0137410777188999,-0.0153432142856846,0.0080666624745939,1.1025042952451212,0.0236924904407229,0.7811168135351227,1.3044703835683271,0.5385040546492506,0.1218366243193325,0.5002962740341198,0.0035634307249045,-0.0153432702810493,-0.0104534091255923,0.0256442903576628,0.0303121278028168,0.8545578252543812,0.0467377578920512,2.0322854050115247,0.7843672071183416,0.718204197008559,0.1193203313348082,89409.55
2026-01-02 16:00:00+00:00,0.5073606219268839,0.0018704718337675,-0.00821663416321,-0.0118989322314568,-0.01409419995043,0.0084025753121283,1.003225442380291,0.0247146732184897,0.2924610259835686,2.514217576116551,-0.0362144927536238,0.1324376646119913,0.5002409943310716,0.0037452870072981,-0.0141350014190622,-0.0096134222042117,0.0261838851295603,0.0302647730852971,0.8461331202651263,0.0461441847431135,1.9796141338571576,1.189245677851865,0.615056393066945,0.1198168385793271,89347.08
2026-01-02 20:00:00+00:00,0.508595356488354,0.0025784019828493,-0.009950224760572,-0.0151021449334947,-0.0182598064023904,0.009544867506568,1.032705453258686,0.0304206063007797,0.3223541991337536,3.32037769697531,0.2105168750172437,0.1428787542189237,0.5005954507439584,0.0040189318497049,-0.0183636845162654,-0.0144053097473871,0.0208054281514264,0.0301310452867511,0.9576735077294334,0.04592654499605,1.9663219725491816,1.7874323294436654,0.5616934909557025,0.1207713682085402,89807.7
2026-01-03 00:00:00+00:00,0.5088670755823763,0.0027511463804237,-0.0094357294357683,-0.0153775426340854,-0.0192720534811539,0.0100637011912616,1.0013146045862842,0.0338468513213185,-1.3941536186569468,0.7481202027647997,0.1956488086023579,0.1538802548689361,0.5007190420430697,0.0042520770248355,-0.0194287439824263,-0.0159522712459525,0.0188145210176184,0.0300774350361405,0.9994502778580407,0.0456995492496607,1.8411766182788516,1.818098962774619,0.4651313862583291,0.1217848174121674,89971.99
2026-01-03 04:00:00+00:00,0.510412994327513,0.0028395741483939,-0.0109634065347662,-0.0175930851344958,-0.0222180893168005,0.0098161076813478,1.0293032210332889,0.0374219891482424,-1.2493327111053654,0.5107772520181424,0.7360928973306731,0.164744084328121,0.5009914776780918,0.0044853198207539,-0.0224290808075894,-0.0194615979141675,0.0147779217466053,0.0299509063275584,1.08627424099367,0.0453808774615165,1.886679771120528,1.7326849430570122,0.5686073853028233,0.1227862729792047,90320.0
2026-01-03 08:00:00+00:00,0.5052073645610209,0.0025420609902442,-0.0008278530820567,-0.0076234892546062,-0.0127995362555806,0.0097256095364375,0.7526182897175987,0.0400075818379674,-1.4277679245244586,0.5026162654426056,-0.6750531387875142,0.1724744064787398,0.5003453877032492,0.0047186720606219,-0.0130563478080512,-0.0104879792649682,0.0236868346310741,0.030198444349362,0.8939377306254535,0.0455953653944983,1.845525381125442,1.703770315356993,0.2878033918960074,0.1237758768480126,89522.84
2026-01-03 12:00:00+00:00,0.5058416955908223,0.002002925908936,-0.0020416119998805,-0.0085212019081833,-0.013983638685287,0.0096393092288168,0.7708296355539437,0.041214242069448,-1.2843878605701136,0.3247713271444881,0.2822061049888995,0.1722895653532611,0.5004709634891232,0.0048473799079157,-0.0142728979752185,-0.012060028550099,0.0217132399738806,0.0301255602983069,0.9353474674346716,0.0453398077401187,1.8968613386542668,1.5234175057061932,0.1068697221332543,0.1247537692771863,89683.16
2026-01-03 16:00:00+00:00,0.5070433144058987,0.0016989424894736,-0.0038948410982452,-0.010293691084563,-0.0161074952648435,0.0093166205604637,0.8065108758715998,0.0426876970782645,-1.3241978886100592,0.3089417142556989,0.4394207479429008,0.1732265456117659,0.5006717691807046,0.0049911373949061,-0.0164329723401718,-0.014610423839658,0.0187098451989136,0.030005106970149,0.9918555497396744,0.0456172753342283,1.8863910631507093,1.1290757779164085,0.2697335136278718,0.1257200888654345,89936.45
2026-01-03 20:00:00+00:00,0.5076937107344062,0.0014677099489468,-0.0044873885238463,-0.0108602875757766,-0.0170351625282244,0.0089316497157684,0.8133509894119795,0.0443453820319133,-1.1165662043452538,0.358434052018507,0.4786394204216507,0.1752349266648046,0.5007882691644122,0.0051433755462977,-0.0173978575185494,-0.0159719456360684,0.016928171900302,0.0298243231695537,1.0179237264021446,0.0461947390278855,1.9171835628021727,0.5233907933221377,0.2338106650181581,0.1266749725712232,90083.79
2026-01-04 00:00:00+00:00,0.5107070370310486,0.0014993788258347,-0.0088434431052929,-0.0155148893280172,-0.0221682611219293,0.0087092633467711,0.9054867596858616,0.0464252605739707,-0.825840436011333,0.4692299963323147,0.7583125864453794,0.1806305009161358,0.5012307514963811,0.0053141440617609,-0.0225748352863389,-0.0216148899172173,0.0106898451634254,0.0294661701099826,1.131364801639862,0.0469541192296022,1.9335753444717143,0.4480001160450855,0.4671767395443316,0.1276953444558409,90632.05
2026-01-04 04:00:00+00:00,0.5132729070991356,0.0019464024543838,-0.0123935284914927,-0.0200107401489465,-0.0274614304640971,0.0089533236274815,0.9771749829090132,0.0487816304872119,-1.0842637954448104,0.8291970848743017,0.623764863506948,0.1938113352238163,0.5017005011127663,0.0055757013226131,-0.0279302410090614,-0.0275752307049563,0.0040561480774634,0.029221916750789,1.2431455107430855,0.0481582874904571,1.908272494613918,0.4867116338191306,0.3975568642045584,0.1291818636538435,91227.99
2026-01-04 08:00:00+00:00,0.5138781739938171,0.0022446818258323,-0.0121133293987071,-0.0205599387970947,-0.0288252149495694,0.0087847203589692,0.9681407743255676,0.0505904661715051,-1.0640701690505463,0.5494861064518054,0.3852343954034914,0.2075021824699152,0.5018795990064011,0.005863941380476,-0.029359128597,-0.0296225780795266,0.0014504979777525,0.0291076087972474,1.2697804671438897,0.0495126668117836,1.8953322331654965,0.4798525469854103,0.8163028439984965,0.1307025303535645,91464.01
2026-01-04 12:00:00+00:00,0.5116165977638777,0.0022455571403804,-0.0075170486682135,-0.0164242846182555,-0.0253967594631537,0.0086189414261512,0.8731411399228742,0.0518454124464127,-1.0669442866351455,0.3595207155806502,-0.4839428294145897,0.2204807549673857,0.5016828567884982,0.0061479413659005,-0.0259919907174435,-0.026837604123201,0.003842186304354,0.0291142004948332,1.2002881383981965,0.0509210605316869,1.8783376060830763,0.475895486861191,0.7250411441552164,0.1322545292495102,91244.6
2026-01-04 16:00:00+00:00,0.5113410416119514,0.0019278136942409,-0.0067444252239605,-0.0156076485669721,-0.0250486789415196,0.0084012113211214,0.8569560410539199,0.0502884883377061,-0.8726463867772964,0.3632751690553955,0.152920161540832,0.2302719024288685,0.5017195008442455,0.00635989114139,-0.0256930576445045,-0.0270515196033006,0.0031644065698062,0.0290018856175639,1.19108377870226,0.0521925589041837,1.885229742504326,0.4737108679579126,0.7210833047651642,0.1337881610574165,91303.67
2026-01-04 20:00:00+00:00,0.5092606727889645,0.0015543807155207,-0.0033233101709732,-0.0120146705542985,-0.0218608214262359,0.0081796217011269,0.7845303286396044,0.0483627738289705,-0.8152490392050548,0.5463717825489522,-0.3416748335642746,0.2378767727783937,0.50153061359254,0.0065675110839383,-0.0225518861628084,-0.0244020796083446,0.0054443824351055,0.0289587412849357,1.126513209224954,0.0532939039903732,1.870643097572957,0.4897121028047639,0.5642284322923659,0.1353036431420796,91094.12
2026-01-05 00:00:00+00:00,0.5116956712139441,0.0012105722904813,-0.0074828996087622,-0.0159121154301609,-0.0260390460075827,0.0079967570118601,0.8742703781249443,0.04552151525777,-0.6506464691644928,0.6151960850393638,0.989873679850902,0.2423960941627201,0.5019156188038886,0.00671154129675,-0.0267689638685896,-0.0290823205299622,0.0001727165042608,0.0286474300656234,1.2041377607852075,0.0539080666034127,1.8677725675346668,0.4994732625202197,0.8160722966872611,0.1368011902958975,91572.12
2026-01-05 04:00:00+00:00,0.5180003680988958,0.001951472642392,-0.0176827187544976,-0.0273566956540619,-0.0383763662639204,0.0086951287185008,1.103884274381443,0.0471595194734035,0.5114725832623591,1.8240620022207172,0.7379853913121498,0.2581102487229532,0.5029703932706456,0.0069884275347539,-0.0391768885940723,-0.0422102308996683,-0.0139303873719274,0.0281796813370895,1.4197306541183594,0.05544847703564,1.899073304390757,0.6454752262216326,0.6600638165136168,0.1388412461829868,92889.11
2026-01-05 08:00:00+00:00,0.514692533240244,0.0020868387448955,-0.0111067044816227,-0.0214033504626531,-0.0332345185997557,0.0089521813784494,0.9661351646429382,0.0480864975270055,0.1341866306661903,0.7274606941624182,-0.4323985030082021,0.2738249697296934,0.502641664557641,0.0073248927546278,-0.034106911056672,-0.0378289500042187,-0.0099739890349195,0.0282779634559889,1.3101669143366603,0.057607131996909,1.8681649578616997,0.678845246423638,0.4212009107562244,0.1410276981469965,92524.0
2026-01-05 12:00:00+00:00,0.5170390853032815,0.002161390614617,-0.0144820154870195,-0.0252472187176668,-0.0377632784464965,0.0088241432950163,1.0374399500923277,0.0486996112733906,0.3206249125338847,0.8920437063115808,0.6455060284983591,0.2877422190225757,0.5030888331258051,0.0075902859473409,-0.0386995040329,-0.0430860808706118,-0.0159482144519914,0.0280923280351982,1.3725507430706518,0.0595357498732948,1.8683144928530304,0.7697293495270359,0.7346290019431045,0.1431882746056685,93093.36
2026-01-05 16:00:00+00:00,0.5198589180379283,0.0022287575443371,-0.0204410881061226,-0.0316510691963622,-0.044831750766086,0.0088669170650224,1.1592859584641266,0.0492864957993663,0.2134084172367188,3.0220980868381333,0.5008874902977747,0.3017894118626891,0.5037261392617931,0.0078424701144737,-0.0458308600081389,-0.0508873238026125,-0.0245507792133135,0.0278477454335147,1.4696799431350729,0.0616817066741816,1.8399194583941767,1.217772206826672,0.8282246295730107,0.1453789930536745,93924.03
2026-01-05 20:00:00+00:00,0.5190539994459227,0.0027870644179692,-0.0192318145649984,-0.0316981467605609,-0.0459917638521659,0.0094559085795062,1.1060843113540246,0.0543984105156532,2.64375299730592,3.2839131055615627,0.2253189538624141,0.3176672601608934,0.5038961553356277,0.0082479994307361,-0.0470810760638225,-0.0529989889862304,-0.0273860600200797,0.0278643598137647,1.452802549897282,0.0652138597760297,1.901440686493593,1.7608989592323083,0.9067476175390972,0.1478894066410655,94214.02
2026-01-06 00:00:00+00:00,0.5156359253735426,0.0030039182082033,-0.0119643552312997,-0.025356937448422,-0.040750016662987,0.0097182731553248,0.9594511324431392,0.0585211704118923,1.824871419947545,1.4960990630802928,-0.3346786498272435,0.3347060545451632,0.5035651278344183,0.0086898937218056,-0.0419333881007942,-0.0487407839663918,-0.023684733814391,0.0280941884201943,1.3412079608366096,0.0691471003159825,1.8270249444836588,1.960154230919267,0.7048128014700251,0.1505658139429407,93874.03
2026-01-06 04:00:00+00:00,0.5139773122624017,0.0025917781754553,-0.0084989533692281,-0.0218748433144919,-0.0379404678086096,0.0096678968269382,0.8858928789356643,0.061348801132481,1.497170932024481,0.8782780580183283,-0.1864900743091678,0.3467773429718878,0.5034284075300097,0.0090114491442117,-0.039195649566834,-0.0467485182984784,-0.0222612955934221,0.0281511926556107,1.2809732308694557,0.0721907713186581,1.7779375624450218,1.8179068645794625,0.3166617114289775,0.1532225335275683,93751.81
2026-01-06 08:00:00+00:00,0.5102551336746562,0.0019972843246665,-0.0012921044497408,-0.0143372823802115,-0.0309490394323923,0.0094965946425404,0.7560955601395454,0.0627515263521067,1.400994676472009,0.681143584038973,-0.5953955043944963,0.3564708265080027,0.5029550134989929,0.0093212681106881,-0.0322717247035949,-0.0405423604447622,-0.0164979602347403,0.0283157135743535,1.1704497726632277,0.0750826073410701,1.7470449532144556,1.8003696887809415,0.2696578566753029,0.1558478122376999,93215.97
2026-01-06 12:00:00+00:00,0.5130976943064193,0.0012830730419259,-0.0071073286349797,-0.0193669871557317,-0.0361123925862343,0.00936976550991,0.8342341228593262,0.0624621500309348,1.626539007130584,0.7349064629253557,0.8412740935210345,0.3598171695414155,0.503449552052911,0.0094557820315626,-0.0374746511478946,-0.0462828377981178,-0.0229516820695536,0.0281091726963815,1.2317638629004302,0.0766396878590728,1.785780981774421,1.7675707991746532,0.3025324954669154,0.1584420221594952,93844.04
2026-01-06 16:00:00+00:00,0.5106378592017646,0.0008977687118394,-0.0039894557827253,-0.0159161760361437,-0.0330301040747874,0.0093480118473659,0.7757578892628804,0.0620271368265454,1.2901885165206226,1.9374912030403704,-0.1428030002555933,0.3656220152705593,0.5032484329709505,0.0096919017836482,-0.0344480015528734,-0.0439045569325023,-0.0211096676669503,0.0281065822096213,1.1801119591026887,0.0792729241734023,1.7136771936244248,1.5855966462228914,-0.1402745093493116,0.1610055309756711,93682.02
2026-01-06 20:00:00+00:00,0.5026884787113695,-0.0007154868828078,0.0092862675820628,-0.0005177791964959,-0.0172771972870829,0.0107162561860899,0.5072000893376385,0.0585924125952448,-0.0188262915812017,2.8192829290982777,-0.5616881335204351,0.3519066714618672,0.502024855080707,0.0097948079052863,-0.0187178794381293,-0.0285843500363331,-0.0058598742413149,0.0285931212590716,0.975856824698646,0.0812838194259815,1.6126801654727358,1.487303510272119,-0.5424914553275165,0.1624714989059611,92249.04
2026-01-07 00:00:00+00:00,0.5088168883121214,-0.0011387232337869,-0.0055093617637352,-0.0143090007442376,-0.0306711851517851,0.0113139525971013,0.7488150281070048,0.0538354948697189,2.0626577574309986,1.5501898330977413,0.8738089467709221,0.3382436531447099,0.5031009608491762,0.0097134920592678,-0.0321134089162521,-0.0422478410686271,-0.0203435186164575,0.0282554818455587,1.1420521101318053,0.0812221399584791,1.7323713241980967,1.502437982107356,-0.0777970029352676,0.1634454550729184,93622.24
2026-01-07 04:00:00+00:00,0.5041874955584655,-0.0017293660156894,0.003211816619955,-0.0045242494459653,-0.0206931116377292,0.0117644516299673,0.5532856013000859,0.0494820025816788,1.0649850428355598,0.859419888627584,-0.572765175141993,0.3253520203193532,0.5023569639419292,0.0098053409059436,-0.0221596978234717,-0.0327193035446008,-0.0110663727903012,0.0285961903935986,1.014250396761327,0.0829591885122961,1.6251297767240616,1.5311230938882343,-0.3090962459446976,0.1644078849825368,92751.43
2026-01-07 08:00:00+00:00,0.5042979696428103,-0.0022226434745555,0.0017841138752727,-0.0048071942963079,-0.0205226863828839,0.0115426632288649,0.5455034586472134,0.0449446038599721,0.8849470160535522,0.3819384337217367,0.1311114569668955,0.311941292803913,0.5023854933030669,0.0097605587918417,-0.02199163744609,-0.0328176465663839,-0.0116119302794184,0.0286529410499975,1.009452841262345,0.0838417583250215,1.6152082369453429,1.505783209759356,-0.1257438591070604,0.16535892504199,92809.0
2026-01-07 12:00:00+00:00,0.5005101714624655,-0.0029927438637311,0.0081848373667103,0.0031600587104245,-0.0119300334214828,0.0116458198551251,0.3457730351508892,0.0434514171092814,0.979108230072344,0.6542991644907238,-0.5422538735994685,0.2943897602212952,0.5017470195125431,0.0097037395160931,-0.0133951694130695,-0.0244436617877774,-0.003439668479105,0.028963221922618,0.9031912972512892,0.0852462546155763,1.60608065005284,1.5273202026824688,-0.5541263710798681,0.1662987100441448,92050.61
2026-01-07 16:00:00+00:00,0.4971028070397769,-0.003745970253367,0.0138415258471573,0.0105205758785005,-0.0037507935693051,0.0116958654847198,0.1541647834058244,0.0430288355136493,0.7657847074250196,1.8417283473342376,-0.5639734439575724,0.2759562928581732,0.5011306673486493,0.0095755047060901,-0.0051984670967549,-0.0163679851202794,0.0044682157064852,0.0292590625616207,0.8046111187363449,0.0865803861253518,1.580163734042854,1.609287167678803,-0.821182473763277,0.1671883253318768,91326.0
2026-01-07 20:00:00+00:00,0.4965934580397846,-0.0045494677008502,0.0126931778518066,0.0113644331339721,-0.0017432425079676,0.0118183173422207,0.1175689347693846,0.0437623081498345,0.3935064345028699,2.0579604538508565,-0.1519982452292215,0.2621888097055272,0.5009714374021698,0.0092988625522032,-0.0031470144100607,-0.0142357209560741,0.006367351594416,0.029352847930717,0.7780389695191324,0.0865549232589074,1.5715791549288205,1.5818145317658558,-0.3425325078938881,0.1678226170490403,91150.0
2026-01-08 00:00:00+00:00,0.4972824671936411,-0.0049819051886121,0.0089411792423002,0.0092371594203732,-0.0026947654286441,0.011658623196416,0.1467239803514645,0.0443102114961965,0.9978794755785008,0.7129543900526158,0.117618343797023,0.2511791075589606,0.5010319665918205,0.0089795475130967,-0.0040476089948081,-0.0149901881361769,0.0053380330420766,0.0293915711755793,0.7861145151740259,0.0855980208382307,1.617300640688053,1.451675183087567,-0.762289056507291,0.1682538377976186,91238.73
2026-01-08 04:00:00+00:00,0.4951267149851333,-0.0050851621081835,0.0124212602663213,0.0138661747637265,0.0029080991602579,0.0115194960336159,0.0279079142143475,0.0450106862536361,0.9426984263049109,0.5870855044758249,-0.4693444521658499,0.2394263521827792,0.5006129277161202,0.0087331413429024,0.0015943557788329,-0.0092846192043295,0.0108994021237911,0.0295379156201664,0.7172690984752125,0.0853976482812712,1.600732626811123,1.4240984404245989,-0.8348852030259369,0.16867682988849,90732.58
2026-01-08 08:00:00+00:00,0.4942794031291353,-0.0054045029735923,0.0124856775641375,0.0154343281419426,0.0057163263895596,0.0116471068659842,0.0020183629459108,0.0480090749989016,1.0206700309926002,0.7298091728753039,-0.173747938269552,0.2330132844318659,0.5003874927893609,0.0083801671246627,0.0044615416749078,-0.0061975255830606,0.0138486844378045,0.0296362584123577,0.6788822888130205,0.0855276920342605,1.5937664215086478,1.5342588049429684,-0.6903528526321385,0.1687943580945106,90460.81
2026-01-08 12:00:00+00:00,0.4928546138506375,-0.0056832800861161,0.0138654829045667,0.018326149120637,0.0099387235791963,0.0118735080007001,-0.0054301798749355,0.0537612162581622,1.1434394204150502,0.6454062316138425,-0.4098581701957721,0.2317410894661796,0.5000539882950915,0.0079890461226838,0.0087509467137893,-0.0016197700684095,0.0183609850666901,0.0297954107745338,0.6234917247207257,0.0859211558696867,1.6068539800320425,1.5642169220287117,-0.7427744162738078,0.1684424708891106,90049.65
2026-01-08 16:00:00+00:00,0.4966686158172532,-0.0056808720142249,0.0032449000538932,0.0088955753553774,0.0019051180810372,0.0117200502226475,0.1936611938753385,0.0588497064694314,1.6634639238399132,1.548013556133527,0.4177394612505337,0.2311633545137484,0.5006021310560616,0.007489371097713,0.0008011104868625,-0.0091224325817954,0.0105742372084962,0.0295652421597531,0.7097199868234948,0.0852315371802379,1.6368551797857445,1.5737548876612395,-0.2350685018620925,0.1680143133133371,90731.81
2026-01-08 20:00:00+00:00,0.4969976238325309,-0.0046318900227108,0.0028378121603627,0.0080491911416304,0.0016670960957607,0.0122357955069314,0.221459461138743,0.0602534409713393,1.0234147404655862,1.4480733831335844,0.0192739644579477,0.2233193510293752,0.5006089364884595,0.0072305066223582,0.0006020270215809,-0.0091958917801804,0.0102600611314567,0.0295215747254506,0.7089581770141218,0.0852990993325399,1.5974929006737182,1.48798187776804,-0.1667429968781671,0.1674526428648185,90755.14
2026-01-09 00:00:00+00:00,0.4982072129194588,-0.0036843085359527,0.0001326672217256,0.0048366681130227,-0.0010150332226318,0.0120984746750408,0.2872916068506604,0.0606744706809645,1.2712678493221836,1.0711071814056288,0.2628532660546646,0.2135593438014844,0.5007985643830437,0.0069719735582405,-0.0020420901183645,-0.011706434939649,0.0074580183471717,0.0294022137635399,0.7371967086957134,0.0852821565656943,1.6015959277195508,1.6106844586595457,-0.0991550455670317,0.1668976194896991,91003.13
2026-01-09 04:00:00+00:00,0.4988251460221273,-0.0028651057972177,-0.0010078052246225,0.0031706173861452,-0.0022461195381446,0.0118278368168282,0.3292416424253467,0.0585038134796019,1.1719795086567122,0.6419849058030851,0.1490133958639962,0.2039356134968813,0.5008854869252161,0.006742067822866,-0.0032402607307397,-0.0128024902908971,0.0060941701213861,0.0293229048645478,0.7486833070867372,0.0854107251095007,1.5497572717898571,1.6237695406335153,0.1658403422088818,0.1663671777113479,91122.61
2026-01-09 08:00:00+00:00,0.4968571160235279,-0.0023449471921622,0.0036491151274664,0.0075861852126835,0.0026292961762277,0.0115159827328698,0.2632650994736023,0.0555044572663678,0.9297628295077216,0.7202476230290012,-0.8622705483456214,0.1952558857516282,0.5005241657653091,0.0065324650642173,0.0016661580551808,-0.0078154422951275,0.0109491488856228,0.0294242059304788,0.6885252643541786,0.0860286599563267,1.5084893819438268,1.6038820205535746,0.09359293811496,0.1658535674494909,90680.11
2026-01-09 12:00:00+00:00,0.4956852033998544,-0.0023598763444101,0.0056567454009814,0.0100664658603144,0.0058819252050266,0.0117367867236732,0.2267884501855566,0.0540862526643071,1.449628173242785,0.5543568594029585,-0.2715593952483816,0.1955832515082192,0.5002666403320193,0.0062222632759537,0.0049692305748927,-0.0042805876580065,0.0143888350474328,0.0294857640151419,0.6456859950006737,0.0863551221173608,1.565629842852545,1.5668880444667168,0.1329971340856708,0.1653460354940818,90363.8
2026-01-09 16:00:00+00:00,0.4996005635862998,-0.0020820612060123,-0.0036962973892461,0.0007370599048435,-0.0027998820140229,0.0116323565249796,0.4129534808969829,0.0510842953053465,1.9480002860338184,1.5546511923559008,0.3486043785445006,0.194686117159312,0.5008750153746053,0.0058770372553364,-0.0036588713496947,-0.0126098425791003,0.0057291326617248,0.0291865994734125,0.7417622610749204,0.0856695336067887,1.6383617711422087,1.5419762395784222,0.1703558752022485,0.1648717917904958,91134.0
2026-01-09 20:00:00+00:00,0.4954727827175141,-0.0015010404314682,0.0072619951186163,0.0111915952661176,0.0079072813448439,0.0125585777939355,0.2128667446509,0.0480352450034541,0.4046678855044793,1.625432210522915,-0.574260017131438,0.186080157045312,0.5000950594019882,0.0057305458882587,0.0070685598781932,-0.0018695013152403,0.0164450651503529,0.0294598455923823,0.6149038900890963,0.0867645230791613,1.5528101603804856,1.560560909628926,-0.2484391810041772,0.1645963840386155,90168.62
2026-01-10 00:00:00+00:00,0.4971399259099424,-0.0014118477474219,0.0025847474770031,0.0066466792387462,0.0039475710709817,0.0125247665780873,0.3062705888753914,0.0419130021248236,0.3609681736042278,0.524608618572433,0.5726825782964435,0.1795675682484465,0.5003598110826546,0.0054188233982265,0.0031576314460137,-0.0055135439891222,0.0125719408687956,0.029311636307231,0.6556100463379906,0.0864587420708773,1.545112287922168,1.3911380210253532,-0.2108778706786258,0.1643242355921631,90505.27
2026-01-10 04:00:00+00:00,0.4972673519704551,-0.0011785306565527,0.0019607962371714,0.0059188246504295,0.0036622477947012,0.0119582154153006,0.3281682241817976,0.0406832563308744,0.4763897317255999,0.2424687116835914,0.0446334075398567,0.1733296307469426,0.5003678389177969,0.0051589131357779,0.0029120138648768,-0.0055590613569541,0.012352465074837,0.0292695099605516,0.6546123028430703,0.0864561103726474,1.591170744520105,1.277149043933092,-0.2563004565977957,0.1640553078789781,90517.5
2026-01-10 08:00:00+00:00,0.4975273314073918,-0.0010154521017313,0.0009920027858929,0.0049072637260718,0.0030967217013135,0.0113686272733285,0.3566724598370865,0.0358467513951333,0.5664537115219401,0.1166725561609309,0.1243517718236808,0.1678387110336641,0.5003952095433795,0.0048936710956089,0.0023873233619431,-0.0058665614281954,0.011877709799464,0.0292206487476568,0.6565826522636431,0.086397120571293,1.6463206148265122,1.1263071602594537,-0.0534109295450141,0.163789562783382,90552.03
2026-01-10 12:00:00+00:00,0.4978773674399738,-0.0006970655028988,0.0002411533041026,0.0038441996579587,0.0023311157693599,0.010801787196535,0.394622000320993,0.0307643831453189,0.6771852456453187,0.2611673672909972,0.28847908562644,0.1615295915535826,0.5004421028701878,0.0046656053480241,0.0016552717958908,-0.0064249518079224,0.0111316028302346,0.0291486915039907,0.6619420672145094,0.0864338376610587,1.7054947801625582,1.0461417451410882,0.1123829438628423,0.1635269626407748,90612.09
2026-01-10 16:00:00+00:00,0.4975180931726268,-0.000486018454607,0.000926936781822,0.0043156736309322,0.0030977973921018,0.01024326693128,0.3825889872203869,0.0251676406057638,0.7441100739414876,0.1528618491956307,-0.3125731678763478,0.1557492883777393,0.5003754240519538,0.0044442996129916,0.0024547030080381,-0.0054560539611984,0.0119473683563438,0.029107831049534,0.6491937409850049,0.086497934446366,1.726720711693486,0.7111259269000059,-0.344894159433988,0.163267470232298,90531.99
2026-01-10 20:00:00+00:00,0.4974827067481047,-0.000328680685028,0.0008499382426592,0.0040636616917046,0.0031303864237961,0.0097147831384443,0.393910268855368,0.0209347412788841,0.9672452424635112,0.1846099318685277,-0.061783943673715,0.1511491206489623,0.5003624523905387,0.0042222331663969,0.0025201718889011,-0.0052111974673608,0.0120321401827387,0.0289248877665235,0.644899947826164,0.0865153152546774,1.77766506465672,0.3419750119808613,0.4993123209168904,0.1630110487795573,90517.15
2026-01-11 00:00:00+00:00,0.4967224888208201,-0.0002580507109287,0.0020585696912927,0.0052032338649823,0.0045741794323925,0.0092569702713301,0.3290722619014605,0.0181028572904448,0.9882976665551244,0.2232708952393868,-0.4934384986740753,0.1477470168364825,0.5002408378328337,0.0039998737794596,0.0039973811833557,-0.0035491007646897,0.0135699304034748,0.0286972194186775,0.6241725399135221,0.0866489139295256,1.7769135427301737,0.2519811795215805,-0.2984078643885779,0.1627576619394121,90372.01
2026-01-11 04:00:00+00:00,0.4981865827565594,-8.386004189132632e-05,-0.0005803072263055,0.0023184075285083,0.0019016341579978,0.0088202303548219,0.4897893914407662,0.0171174616670468,1.1628026288118356,0.2151231662587105,0.7676804690363098,0.1443717760271475,0.5004326621482903,0.0037866532201254,0.0013557375228034,-0.0060032151072786,0.0109123351530902,0.0283438054483101,0.6515918001146289,0.0864928578959571,1.788162883815778,0.232532766357211,0.1902501287592204,0.1625072737988231,90602.46
2026-01-11 08:00:00+00:00,0.4981991689172396,0.0001315106206174,-0.0004060318722529,0.0021524748391368,0.0018645063397233,0.0084060378869606,0.5015067982645326,0.0165482055925142,1.341152012992991,0.2116296835657876,-0.0109675940079867,0.1395008004926153,0.5004288981620832,0.003607727235463,0.001343454660049,-0.0058748776611203,0.0108728273575113,0.0280702755321125,0.6492226288425642,0.0866035181247311,1.8030964656012265,0.241626962287699,0.0984906519803555,0.1622724740240171,90599.59
2026-01-11 12:00:00+00:00,0.498385779477809,0.0002792068321203,-0.0005428601353728,0.0017361747209072,0.0015692518267782,0.0080008091711509,0.5328752004599826,0.0156516168380771,1.4787908814909076,0.1396748391984974,0.0991893883566076,0.1347178115235642,0.5004446506710925,0.0034323105039967,0.0010724896122569,-0.0060035071858637,0.0105754677638931,0.0277949715317854,0.6505489286424515,0.0867050671885374,1.8198275480202588,0.2086891265219923,0.0159423590550467,0.1620502047156023,90619.79
2026-01-11 16:00:00+00:00,0.499521052782454,0.0005396458871257,-0.0018447484332049,-4.726138377308953e-05,-0.00021757742649,0.0077014920274804,0.6413878311162301,0.015312050352409,1.7544620332349252,0.4734409571302529,0.3340947442071141,0.12749056242225,0.5005806664090655,0.0032887227700905,-0.0006964344053458,-0.0076659886596185,0.0087012255582892,0.0275020613666651,0.6700994093556906,0.0866941536008809,1.8381912929089232,0.2496117482707158,0.307430405016474,0.1619369386487723,90783.0
2026-01-11 20:00:00+00:00,0.497958277891101,0.0007046177484824,0.0010324188886823,0.0024456589019328,0.0022648218718093,0.0076304112147662,0.454467434189979,0.014680713286121,1.6716371955987834,0.4255375186601837,-0.3230242518872941,0.1206379471779651,0.5003831608506419,0.0031653670133407,0.0018007796189893,-0.0050964986068265,0.0111292308856418,0.0273622115875449,0.6398287496071939,0.0870535035998894,1.8227958528514896,0.2761305872541758,0.0464906855884361,0.1619793476470365,90560.0
2026-01-12 00:00:00+00:00,0.4999081334299782,0.0005976025013872,-0.0020127571739076,-0.0006031184901551,-0.0006403369634162,0.0076027489156045,0.641883515162677,0.0126593580465246,1.6177976108489127,0.7483461494554497,0.3193782841428057,0.1145999821246601,0.500599733911137,0.0029864620634367,-0.0010792200349563,-0.0078074382047595,0.0082210637998767,0.027086472247162,0.6697984293189009,0.0867957600685939,1.8092085575127903,0.3389952609163286,0.4157707777318437,0.1619927862665994,90814.44
2026-01-12 04:00:00+00:00,0.5054636177156668,0.0012941051336516,-0.0098029682765831,-0.0095932175211437,-0.0100473885622268,0.0081717498159811,1.2385988359471922,0.0151811917139426,1.9629557790136496,2.3819193471651148,0.4839316906986026,0.1148110723470301,0.5013531948046728,0.0029455359948368,-0.0104891926720737,-0.0172215227132681,-0.0015917281869659,0.0267209955322783,0.7788279776165724,0.0862335346721354,1.813847321757678,0.6125023229192,0.480585905193047,0.1622439165216448,91706.51
2026-01-12 08:00:00+00:00,0.5025050797103228,0.0019170799377907,-0.0034109212461554,-0.0044387527734681,-0.005451758896423,0.0085415877916056,0.8543379674930828,0.0186861637840307,2.127646405303363,0.8839803639749485,-0.4112832001378604,0.1211857467610139,0.5010078844973962,0.0029960964817386,-0.0059124035308166,-0.0128152933905753,0.0026039752376565,0.0268128739624703,0.7256685408438923,0.0867773836843455,1.8032358037353151,0.690769078596196,0.315609628694549,0.1628477550310134,91324.65
2026-01-12 12:00:00+00:00,0.4975945241330403,0.0012991945694561,0.0044096247428566,0.0039166484775328,0.0030889832703655,0.0092195764182037,0.4066732350614367,0.0186735988745849,1.7408301732406806,1.218705650075668,-0.616534553804532,0.1156727900454201,0.5003239063621657,0.0028620400881793,0.0026467217522172,-0.0041766215575498,0.011222416356357,0.0270253494808474,0.62378503558177,0.0872757087426363,1.760080813493038,0.8197544326756318,-0.0349497235885576,0.1634444474302323,90540.36
2026-01-12 16:00:00+00:00,0.5046714027493201,0.0009328381144204,-0.0085532550274841,-0.0087661396224856,-0.0094608033152931,0.0091472625413508,1.0858163043851838,0.018545306351762,2.0891770215883247,2.449587530739728,0.661540953637176,0.1099812440518533,0.5012987198930509,0.0026865974136919,-0.0098788884513204,-0.0164996026575934,-0.0014497909097146,0.0266745038791467,0.7659344378325729,0.08591627007423,1.7741917088868144,1.0497350103783294,0.3738700870636443,0.1639976648039522,91683.85
2026-01-12 20:00:00+00:00,0.5045503705888091,0.001404877488642,-0.0076142426450872,-0.0087519413899025,-0.0098817357905194,0.0099507659727069,1.0312777899627528,0.0205386077293276,4.000575291657301,3.0895360422653764,0.0564723083132085,0.1117954624318384,0.5013387681421132,0.0027023109898858,-0.0103118720446665,-0.0170311679122465,-0.0022456347014659,0.026647427504187,0.7708756388810108,0.0859453080427239,1.8660052930324065,1.4078947710018688,0.500953038903961,0.1644909719376823,91758.01
2026-01-13 00:00:00+00:00,0.5011930015858109,0.001308346455828,-0.0010059271921901,-0.0022967146957049,-0.0035723798599749,0.0101942806984901,0.709345075216303,0.0207747663353253,2.848761173028373,1.2268733812012604,-0.499853763593325,0.112318559772308,0.5008467638843879,0.0026634427381433,-0.0040029026199925,-0.0107638134041029,0.0039055656201036,0.0268067425697238,0.6957553132714887,0.0863261171452061,1.7781616384961227,1.469267214656637,0.1579714005093981,0.1649784410417722,91194.02
2026-01-13 04:00:00+00:00,0.5016807358254186,0.0011298371950114,-0.0018575625786064,-0.003150560380418,-0.0045001042776603,0.0099397913422486,0.7556747071104305,0.0206617435033294,2.690279806251497,0.8406103979942714,0.1860583927794296,0.1115188024560232,0.5009229178086174,0.0025917673913742,-0.0049250940150343,-0.0116576936096047,0.0027993221047044,0.0267697560566499,0.7048338821169282,0.0859513921191643,1.766956516966874,1.25666217174954,-0.1837436391142851,0.1654601412062228,91292.35
2026-01-13 08:00:00+00:00,0.5047109294757177,0.0013880094690545,-0.0068450045398656,-0.0087553859182957,-0.0104573413809095,0.0099165210098666,0.9949021855794462,0.0219657258758237,2.7056734604538226,1.077305481227125,0.6128256302520892,0.1153588044255947,0.5014074339753843,0.0025896784186336,-0.0108908274239919,-0.0176756434341921,-0.0035550671722552,0.0265753121366913,0.775082417568865,0.0851297503366638,1.8063783120654289,1.2668160446350776,0.2446262438942155,0.1659361407033907,91875.76
2026-01-13 12:00:00+00:00,0.5046273334427149,0.0017364989165662,-0.0056785869614788,-0.0084085550268265,-0.0106151574143811,0.0098688101733243,0.93605640798492,0.0244782390210238,2.7792944692944284,1.1724380742546114,0.0807199704843849,0.1230683526999685,0.5014416016206014,0.0026511129693122,-0.0110690680249662,-0.0180151569699227,-0.0041798603248892,0.0265629474556116,0.7781407191291788,0.0848586976951136,1.857033056403543,1.2536657261206283,0.5399761844007832,0.1665387794053466,91937.02
2026-01-13 16:00:00+00:00,0.5124944295123879,0.0019656883974658,-0.0209065810188423,-0.024319518035796,-0.0269964706804041,0.0097356775016593,1.5075636417321157,0.0264239693824912,3.2773590754555797,4.681957890801131,0.8410860461690658,0.1313449252510297,0.5027683108366124,0.0026796300527945,-0.0274651805839979,-0.0344741254085876,-0.0211552851862091,0.0261096472760846,0.9782123351270252,0.0833075256655748,1.921479075414834,1.5388487292716373,0.6786396063329644,0.1672643668334187,93536.0
2026-01-13 20:00:00+00:00,0.5147416370780398,0.0029821642424138,-0.0238982924803541,-0.0292524838486732,-0.033058147814643,0.0103455771467691,1.430049713739226,0.0346013529304708,4.6558402624365725,4.804049595197293,0.56001332997374,0.1461321533432063,0.5033016042074436,0.0029222917876242,-0.0335831561016747,-0.0409947072454979,-0.0281731353334963,0.025982460684984,1.0554779841861757,0.0833679507359772,1.999747379186096,1.9054037256071243,0.7223186810291066,0.1685599138139374,94225.01
2026-01-14 00:00:00+00:00,0.518481560102497,0.0044164450505483,-0.0300361535852091,-0.0381535135100934,-0.0435999541119082,0.0109445133589414,1.3855639408466471,0.0474483073271608,3.1992744533103594,4.013428249199354,0.5128511861474802,0.1675266035790529,0.504219472938672,0.0033167342294389,-0.0442113908946186,-0.0522336301930654,-0.0400840734270043,0.0259016339118702,1.185023268000402,0.0840762113483408,1.924868131241141,2.5299528365081647,0.7930431581853301,0.1705198830110383,95416.84
2026-01-14 04:00:00+00:00,0.5186855059210111,0.0054274805070446,-0.0273922698418223,-0.0379568729663787,-0.0451172530026724,0.0113124268794482,1.2276341715337624,0.0586635803495925,2.379441945834771,1.1025941675535602,0.4921053438391002,0.1916014371836245,0.5044325155789772,0.0037756920528582,-0.0458273391476761,-0.0545974921997078,-0.0430396868011611,0.026157053845711,1.1996735191779049,0.0858722085422178,1.9019178274276585,2.634672302959194,0.8866174710809733,0.1728600910447966,95737.85
2026-01-14 08:00:00+00:00,0.5152186556235107,0.00553914323558,-0.0180068715724908,-0.0298855451590411,-0.0384130975861651,0.0112839495404977,1.0347992979610312,0.0654937804359429,1.8570020767271236,0.9864903627121028,-0.4176784807882919,0.2111081958226049,0.5039566065503965,0.0041795477988674,-0.0392106126783062,-0.0486963872087468,-0.0375895796712522,0.0265706393955792,1.1168892559023729,0.0880580263515569,1.747965505580832,2.6980539266016543,0.7318772379860106,0.1751726039512595,95219.59
2026-01-14 12:00:00+00:00,0.5121478123485952,0.0052400645596912,-0.0099845982427311,-0.0225662626346719,-0.0322416855239446,0.0110728073292912,0.8963206360741615,0.070373007118095,1.4813041634339972,0.5945619497481903,-0.7638198351432636,0.2257712037152314,0.5035293537490619,0.0045395884707403,-0.0331180746540081,-0.0432696070037971,-0.0326087351208311,0.0269562473853597,1.0446958820389802,0.089947438978784,1.5904179004822536,2.660782739834009,0.6162023620875329,0.177457749487645,94752.56
2026-01-14 16:00:00+00:00,0.5203382994511958,0.0051219701066264,-0.0270625891921074,-0.0403709812192037,-0.051091965881719,0.0109947377879798,1.115180074857748,0.0745129167957266,1.684351277134969,3.6562796977420575,0.8261132696660506,0.2399352486365954,0.5051579104767027,0.0048344176839337,-0.0520348328016073,-0.0626720539463683,-0.0527739801524859,0.0266275255248997,1.2600560791743594,0.0899904639760946,1.6988224324047645,2.949883683828274,0.8004437201814123,0.1798059789805116,96797.54
2026-01-14 20:00:00+00:00,0.5196267943617524,0.0058070430689348,-0.0251578860645962,-0.0405272322884504,-0.0530526303096853,0.0118718744464242,1.0558727643197292,0.0838127537185679,2.4194954924663588,3.2500104290579874,0.2573594293837879,0.26059286812597,0.5053810262934683,0.0053889813817628,-0.0541130765614717,-0.0656833335689207,-0.0564961037776429,0.0267369068395609,1.2703941210668663,0.093007019517666,1.769892983986691,3.12287110864667,0.7639350455099996,0.1826016934862592,97217.98
2026-01-15 00:00:00+00:00,0.5164932733150723,0.0060115567986565,-0.0166640995448985,-0.0335574619830093,-0.0478020678005214,0.0122079117893177,0.9360852071880869,0.0918920810158468,1.9109242343287505,1.2626602940148277,-0.2716460757676755,0.2805095177465411,0.5050300322331978,0.0059583477744626,-0.0489831027489731,-0.0615570785013934,-0.0530140429078562,0.026964517388483,1.2020103672764,0.0965447781558672,1.6320044633502555,2.7243286657112367,0.4305411626739108,0.1854369713075328,96900.04
2026-01-15 04:00:00+00:00,0.5111708296973033,0.0050760161293158,-0.0044300634717094,-0.0212100046912679,-0.0365258768065708,0.0123771999137512,0.7885848541872522,0.0952589603125957,1.4788493974722805,0.5947726537776991,-0.7576350115045399,0.2931028706245987,0.504173352809632,0.0063823102334395,-0.0377989620435997,-0.0512175798110895,-0.0431673201254223,0.0273383383722969,1.0781429494238648,0.0997406799824654,1.494399344031284,2.646199810178944,0.0572599630187592,0.1882404199840477,95935.26
2026-01-15 08:00:00+00:00,0.513097779510174,0.0040072831853275,-0.0090220574017743,-0.0251097186203356,-0.0410322029031153,0.0121448683437954,0.8238403223869227,0.094611768457509,1.4156388324183895,0.4165095638814831,0.7423986178199014,0.299095778595277,0.5046218611179691,0.0066497294742709,-0.0423663752758221,-0.0563484804988291,-0.0489026032108553,0.0272612903483208,1.1209833394429405,0.1014180007033076,1.484875078213245,2.534216703383413,0.3981985932328637,0.1910106913246838,96545.44
2026-01-15 12:00:00+00:00,0.5123780474454147,0.0033017985996892,-0.0068283893164086,-0.0226182275006003,-0.0392995099556817,0.0119055184084291,0.7895161481527657,0.0962889090125707,1.0454080353839672,0.4026526976512079,-0.0066340859335264,0.3066648954604714,0.5045728683074411,0.0069773489601989,-0.0407069292191624,-0.0553767676224538,-0.0485077309719194,0.0273485094719895,1.0990752505735544,0.1038686373367801,1.22846186558265,2.497541116941122,0.5374276944516221,0.1937481779657056,96539.44
2026-01-15 16:00:00+00:00,0.5117768158608913,0.0023757526030986,-0.0071892449585956,-0.0221972254916527,-0.0393429785760979,0.0117966629484107,0.7786753772857531,0.0970826190811962,1.1754474658190337,1.2259237857072098,0.0907288080060303,0.3112532795650191,0.5046099143936944,0.007224548835535,-0.0408078479567276,-0.0560538192845365,-0.0497420293835677,0.0273240081033252,1.0964412889145931,0.1056966034707123,1.2573824187066698,2.053807060595043,-0.0392454390488415,0.1963903926321607,96697.38
2026-01-15 20:00:00+00:00,0.5053233243557612,0.0013244088758337,0.0066740168018255,-0.0073507048074709,-0.0249375345128907,0.012379942610318,0.6157312227669025,0.0944751865725116,1.0009290827590045,0.9379943842984428,-0.6889298539111534,0.3075620506234854,0.5034808325631421,0.007504629303804,-0.0264671754931613,-0.04242276586417,-0.0365382206588336,0.0276889386471337,0.9567481296040188,0.1084434024547953,1.2303692386000775,1.4712100522219569,-0.6488899846709582,0.1987360676156988,95401.99
2026-01-16 00:00:00+00:00,0.5056073474533567,-6.1220555604065e-05,0.0040205996035007,-0.0080846096962706,-0.0253788181382198,0.0125328276211968,0.6126759234589818,0.0880140625178444,1.3802404901644891,0.6110045490901069,0.1840219743201037,0.3012747175905574,0.5035565471268179,0.0075378676695464,-0.026923977681329,-0.0431664356228819,-0.0377226108597265,0.0276257404063404,0.9605527315384712,0.1090933306420541,1.2952106045384943,1.2982018246071012,-0.6425982001961879,0.2008010067843649,95544.01
2026-01-16 04:00:00+00:00,0.5043945873083278,-0.0010305491911279,0.0055869184496863,-0.005005180481637,-0.0220803168746847,0.0120936846459837,0.566239940849572,0.0840136800943023,1.299092514067443,0.2243742400703798,-0.4295479937131772,0.2952043754562243,0.5033472496566432,0.0075917002900637,-0.0236454566951277,-0.040227131142308,-0.0352011285912119,0.0276251953719436,0.9295247376802552,0.1100895991672059,1.2494173317890094,1.1866818675419997,-0.2919586964454145,0.2028313154992589,95319.17
2026-01-16 08:00:00+00:00,0.5055096438077501,-0.0017310729517983,0.0016589942257576,-0.0075549490317518,-0.0242665223904017,0.0116965175962598,0.5850854405943209,0.0768412113026764,1.3133095125960212,0.2644671080206666,0.446105773442753,0.2877674975861654,0.5035650699762001,0.0075785555012512,-0.0258381920446391,-0.0426320548725802,-0.0380378345911018,0.0274722092523745,0.9495001795497452,0.1104054511702105,1.286511810151166,1.1376389758015084,-0.4363268458888376,0.2048375965817811,95624.69
2026-01-16 12:00:00+00:00,0.5041975077967618,-0.0022412361568587,0.0036244531882412,-0.0044440057449185,-0.0208655945420744,0.0113240444148949,0.5256598146317455,0.0679190970099795,1.267008029744931,0.1767686917858425,-0.403776457543795,0.2802313620394102,0.5033412996669258,0.0075925834139521,-0.0224497366149365,-0.0395294234441367,-0.0353318063066868,0.0274759676069386,0.9176997967917488,0.1113167150643978,1.2788384530452157,1.06654932693228,-0.5588832462828702,0.2068201343862828,95380.69
2026-01-16 16:00:00+00:00,0.5002526607206202,-0.0027721191056528,0.0110734253945077,0.0042143307536253,-0.011866679424124,0.011128975416495,0.3572582254901121,0.0596151655998733,1.1103802257385482,0.7005956880482037,-0.5053089909097831,0.2706925060978347,0.5026423807606735,0.0076004773951927,-0.013462800093664,-0.0308582788669818,-0.0270064860601404,0.0276472216543494,0.8355841105567221,0.1126502718206731,1.228193734103789,0.905064856525391,-0.7494658556441568,0.2086784379752022,94586.89
2026-01-16 20:00:00+00:00,0.501664673521465,-0.003317646992589,0.0059522456945724,0.000576889710645,-0.0147701300173165,0.0113504764331587,0.3728438356099693,0.0504848951018319,1.2115779057883276,0.510168115674292,0.4554608620128015,0.2547298273707488,0.502879039208938,0.0074488245662576,-0.0163457266233898,-0.0337498919314307,-0.0302465048173324,0.0275071541588264,0.8608308898880688,0.1123922254160825,1.243973279789356,0.7628684526439162,-0.2979999502784403,0.2098944794508239,94922.51
2026-01-17 00:00:00+00:00,0.5042130675021792,-0.003246165637301,-0.0006199207157071,-0.0053209174036997,-0.0201717637430992,0.0111557634517059,0.4545509486302517,0.0388849962849871,1.7668638154356888,0.6293599071183188,0.6249252995879826,0.2425109952396714,0.5033346521846773,0.0073392165221582,-0.021734918321303,-0.0391828889205865,-0.0360694247964367,0.0272110043156166,0.9093201804376764,0.1120520849618305,1.334171983719087,0.7558801163695342,-0.0171344718848465,0.2110961297172123,95518.57
2026-01-17 04:00:00+00:00,0.5031931719030076,-0.0031647974495532,0.0012287088501596,-0.0029269265653348,-0.017410064219657,0.010768275971481,0.3553937593818946,0.0332052189286117,1.7433847850654205,0.1833299260630041,-0.5236396310684736,0.2317834731432864,0.5031577512852471,0.0072822702796592,-0.0189721935597164,-0.0365943555021123,-0.0338368923346262,0.0271430141696915,0.8835907267802282,0.1126625839610411,1.3404753894918855,0.734509679306575,0.0007848652857223,0.2122835590867345,95320.42
2026-01-17 08:00:00+00:00,0.5018736039834688,-0.0031544321211486,0.0034064209772113,-0.0001216567229395,-0.0141670578405213,0.0102549273534235,0.261048962306216,0.0320516281985713,1.7644824664791003,0.1058923265787285,-0.739788421980599,0.2212504767444251,0.5029375883520858,0.0071979870468791,-0.0157229623106818,-0.033482742260591,-0.0310603020843214,0.0270910733392938,0.8536595791683598,0.1131573158064347,1.4238175234571229,0.6782890866460463,-0.3491143580115866,0.2134569358562019,95068.67
2026-01-17 12:00:00+00:00,0.5028258030471435,-0.003084045746828,0.0009156126175817,-0.0020425803175061,-0.0155756997583971,0.0097504072801102,0.3295027861177017,0.0322558501510245,1.7496982010318165,0.0792541246353912,0.6870229007633378,0.2099151731384747,0.5030876950759527,0.0070668273718475,-0.0171155772163317,-0.03490727590959,-0.0328205116963583,0.026911409890799,0.8653926415285828,0.1131048950466198,1.5110996733521054,0.6413732037637446,-0.0750897563211401,0.2146164263307215,95262.73
2026-01-17 16:00:00+00:00,0.5040447641182279,-0.0028156287704865,-0.0016522277910845,-0.0043555202151209,-0.0174835839323778,0.0093382125410867,0.4042192146620383,0.0316775110189815,1.7081992011502958,0.1601786742601356,0.5623809955571762,0.2012733275893107,0.5032761433085985,0.0069531625335076,-0.01901085014481,-0.0368498681737667,-0.0351085411315417,0.0267086267400851,0.8818013615889623,0.113048031699738,1.5622359731351043,0.4681129052212948,0.8040606398162061,0.215762194847267,95510.82
2026-01-17 20:00:00+00:00,0.5025517950980802,-0.0026068088272922,0.0009467152510396,-0.0015128697012659,-0.0142973610447589,0.0090214423310918,0.3131456169439112,0.0311722521678309,1.6385663503636358,0.1965922664982038,-0.731441176470595,0.1948592193026943,0.5030509685384085,0.0068659607531164,-0.0158181067936271,-0.0337801755983122,-0.0323669037442425,0.0265871237692859,0.8525666258332085,0.1134306807520989,1.5560477836453686,0.3559165358864733,0.3493314132894578,0.216894403797971,95262.13
2026-01-18 00:00:00+00:00,0.5014711367513739,-0.0025225427277112,0.0024514998555806,0.0003811230771659,-0.0119730006057977,0.0086373099368929,0.2595910637532499,0.0308908627260584,1.6402274810343676,0.2028464454901274,-0.4328354455843929,0.1874579959818809,0.5028913278067741,0.0067441777129141,-0.0134803481059797,-0.0315067910104903,-0.0304034645602361,0.026398721291244,0.8310154614275619,0.1135435387976367,1.5751231106331631,0.2067274634011926,-0.6913596179905699,0.2180090550274018,95090.0
2026-01-18 04:00:00+00:00,0.5015754269250154,-0.0025333676906086,0.0015924983655293,5.197449690852452e-05,-0.0117595882813783,0.008338344750163,0.286997962434039,0.0284829201117195,1.6024613806925645,0.2457101616903351,0.0585361968727288,0.1769173150523684,0.5028942591989785,0.0065754976573151,-0.0132439530970404,-0.0312459993875613,-0.0304307431807299,0.0261717687145395,0.8275154926976287,0.1137358322103716,1.572180968896871,0.192669018073137,-0.2675002246498713,0.2189972615494816,95112.04
2026-01-18 08:00:00+00:00,0.5007103311491496,-0.0024290689847134,0.002583460990037,0.0013884801417352,-0.0099565213921186,0.0080113958800926,0.2385849960628057,0.023893339563473,1.612001008633673,0.1748673385686541,-0.5419895026243188,0.166844435661461,0.5027705915476953,0.0064235760535762,-0.0114215515081896,-0.0294312668226105,-0.0289022961280749,0.0259945236372804,0.8098552481015779,0.1144828152046425,1.585591166494302,0.1889130762407522,-0.1028126163365331,0.2199345839242136,94981.94
2026-01-18 12:00:00+00:00,0.5017017919448391,-0.0022635226092898,0.00064641950245,-0.0003060795534763,-0.011186357108528,0.0076344062667411,0.3291745737447039,0.0225497851424731,1.593794426800974,0.1410806277055553,0.5914275202354926,0.1574829567196446,0.5028980222223693,0.0062538168546723,-0.0126279402327921,-0.0305870705407802,-0.0303423092935355,0.0257403883167295,0.8193328438510272,0.1143564601196115,1.594541530001145,0.1874948079901903,-0.1540841345845235,0.2208608135832081,95142.69
2026-01-18 16:00:00+00:00,0.5011573650774818,-0.0021374982216227,0.0011225180435809,0.0004247221267494,-0.0100063219786683,0.0073828232149165,0.3147054160915723,0.0214368729325171,1.5635363051821485,0.3666442217631515,-0.1597602739726024,0.1483036925036451,0.5028171986102774,0.006088990562033,-0.0114259291907462,-0.0293580605628973,-0.0293852110483969,0.0255520953404689,0.8079056568995256,0.1139515739861643,1.5935219687450826,0.1922351434623778,-0.6334334763948556,0.2217760818029028,95068.05
2026-01-18 20:00:00+00:00,0.5027628237654986,-0.0018383731219807,-0.0013475849887648,-0.0020640257921121,-0.0121324037923654,0.0072021740828766,0.4671184524402119,0.0176281005058662,1.583978577131418,0.3986185638425087,0.5301376566456364,0.1413581177464861,0.5030169655469041,0.0059299624602086,-0.0135304295957067,-0.0314060474392783,-0.0317158028821136,0.0252628020478765,0.8260780589537441,0.1132655374674487,1.5980477344116883,0.1921741065542066,0.0832162443910646,0.2226907251341388,95317.21
2026-01-19 00:00:00+00:00,0.4889614359800845,-0.0017358287002863,0.019831595176597,0.0192340713769867,0.0093403978616382,0.0072596049701902,-0.992232164083462,0.0141937827944384,1.440444107124535,1.7846337636591176,-0.9185417772955052,0.1372983204995432,0.5012330261866833,0.0058929184924933,0.0079342648714082,-0.0102832173972821,-0.01087357947123,0.0255933688283802,0.636479659547341,0.1149895016318165,1.5748326515929032,0.3224473733228207,-0.813621776371994,0.2235268956749202,93327.97
2026-01-19 04:00:00+00:00,0.4863928156096325,-0.0035631763516354,0.0222450752099352,0.0247541542873379,0.0165973420499196,0.0092883198948632,-0.4980324461386969,0.0273092678246907,1.418454305570851,2.353981551987656,-0.4544320573789627,0.1549281532677015,0.5005787386288159,0.0053718886711338,0.0152818394973857,-0.0024564563051867,-0.0030674007431642,0.0259428966886908,0.5651450362748124,0.1143755297122633,1.567406995173665,0.5012229746860126,-0.7079865904160919,0.2221193140876793,92598.91
2026-01-19 08:00:00+00:00,0.4882121891897952,-0.004529035391205,0.0161453830928657,0.0208537787686711,0.0143162720371985,0.0090649458770293,-0.1690251689269692,0.0359518580701822,1.502755268931068,1.0902976371864217,0.2897337063922259,0.1713196362377794,0.5007028895289203,0.0048273528077515,0.0130984667048452,-0.004013810116749,-0.004640146167669,0.0260478859645987,0.5759140068898286,0.1127329595524442,1.588168790893545,0.5709117426400387,-0.6296165873172378,0.2207263504712174,92746.99
2026-01-19 12:00:00+00:00,0.4911872567039198,-0.0045749761611215,0.0095787509602423,0.0152825035774046,0.0099543407073996,0.009052550244487,0.028872797135506,0.0397701865711033,1.44813826865997,0.8925941153165067,0.5191434602816443,0.179846555333649,0.5010071027974269,0.0043683360492694,0.0088180749530739,-0.0077480584696332,-0.0084294781247139,0.0260915551933356,0.6071811176227914,0.1111715997565137,1.5763063140734672,0.6297613279193817,-0.5737527114967491,0.2193498718441753,93106.04
2026-01-19 16:00:00+00:00,0.4913383615039532,-0.0044473632882333,0.0081734481227455,0.0146026082345176,0.0103624029571953,0.0088423381202559,0.0761244587461946,0.0430233545141861,1.5034498534801908,1.0104758493130803,-0.1512238422603136,0.1877525641330966,0.500929081067553,0.0039422371940384,0.0093000611956639,-0.0068001713025046,-0.0075318759286548,0.0262565490547095,0.5964275863823532,0.1102517484240968,1.6037371872439965,0.6736016300541012,-0.5752796010930484,0.2179896831154006,93025.97
2026-01-19 20:00:00+00:00,0.4923783559195625,-0.004012586250664,0.005752662209816,0.0124064746653169,0.0090541701192141,0.0086838747470552,0.1428640318336529,0.0448081351421577,1.5546119972593686,0.8830503937975391,0.1761440730232994,0.1936522131489723,0.500995715529207,0.0035539768245507,0.0080589338732461,-0.0075960397254762,-0.0083904512174211,0.0263731078539264,0.6017862142353346,0.1093041330221574,1.6270969121645544,0.7075227622199614,-0.6213370143955866,0.2166455915025434,93111.65
2026-01-20 00:00:00+00:00,0.4894627887241055,-0.0037445300442222,0.0103398156527263,0.0173763865615972,0.0149257826546373,0.0086438278438117,0.0549771157304955,0.0473588008188624,1.4214410567084244,0.9809667910329772,-0.4802634841397056,0.2005112975616044,0.5004755174974765,0.0031711711482865,0.0139946157526107,-0.001286479193353,-0.0021251984566342,0.0266510972742867,0.5412632491166472,0.1089552590950594,1.5753027402142854,0.6166431067435703,-0.4574348528482133,0.215317406504729,92530.56
2026-01-20 04:00:00+00:00,0.4888869968970029,-0.0036041061446167,0.0107061497921825,0.0182669509875657,0.0168146078949418,0.0087434076818784,0.0606351938639703,0.0507230205997829,1.210648445586511,1.0388486416729497,-0.3651798141973982,0.2111669600740487,0.5002716082847708,0.0027409711398718,0.0159581841266189,0.0011730323542771,0.0003273126482181,0.0265642144997499,0.5156382297385109,0.1082426414502053,1.5222630880670138,0.4789813653222789,-0.229838867302031,0.2140049398755628,92304.93
2026-01-20 08:00:00+00:00,0.4829082385265713,-0.0042074767323703,0.0207607732810295,0.0299641210641175,0.0299944728783929,0.0093406808908274,-0.0983803734642358,0.0575679656134195,1.005077938488158,2.218013468666614,-0.7360843586050463,0.2274825805999523,0.4991611502624328,0.0021909346887602,0.0292330104927163,0.0150034496613613,0.0142471171790781,0.0268957253226981,0.3846454546917588,0.1087542017441386,1.4735205536596292,0.5441972932677706,-0.6392384062752811,0.2121013280186795,91032.38
2026-01-20 12:00:00+00:00,0.4848207210808535,-0.0045624540934699,0.015342639467619,0.0259248364152742,0.0274926418727945,0.0094927784829017,0.0154300087238152,0.0634450819795897,1.1744820034336767,1.0623070816158169,0.1468732071141828,0.2455826618961008,0.4992735032806134,0.00157187048186,0.026844931580839,0.0134574553801418,0.0128428163334899,0.0269044163735677,0.3936588186926673,0.1077621810556656,1.4974053735803108,0.5475083945988343,-0.6985367909400297,0.209789511418834,91150.13
2026-01-20 16:00:00+00:00,0.4842860726351016,-0.0047616338693293,0.0167127777110813,0.0285121167962767,0.0315809060590472,0.0095976161826263,0.0141594402465405,0.0692600453146165,1.191731821256705,4.187557414118826,-0.3037690551012029,0.262329926996118,0.4988833916600255,0.0009596550423331,0.0310437039503275,0.018436959995024,0.0179823796467799,0.0271172932400085,0.3426426254321804,0.1074635155625914,1.4928763328109642,0.7886570747893349,-0.6500443336104169,0.2075130504249378,90679.96
2026-01-20 20:00:00+00:00,0.480148847121974,-0.0054045660261399,0.0249443447085562,0.0387204060620454,0.0436970493354835,0.0103555344043791,-0.0684642718783347,0.0781655033743229,0.4098783557762788,4.261015325484768,-0.6905305224139928,0.2824804418319037,0.4978859357355499,0.0002301741496406,0.0432909574811792,0.0315621055586199,0.0313609407186989,0.0276617117961446,0.2152688790557546,0.107703538794359,1.4181511887682985,1.1261080664825802,-0.8779176669807909,0.2055403754769827,89487.72
2026-01-21 00:00:00+00:00,0.4771241050136137,-0.0061509471064429,0.0311353544070824,0.0471748748042133,0.0543188293825596,0.0108140416810427,-0.1073200545444008,0.0879689573071532,0.8314584936273302,3.162440903017941,-0.5445721858099665,0.3041479929818478,0.4970200121807919,-0.0005986365709406,0.0540641289755758,0.0433934994525255,0.0435298932364667,0.0282416379395888,0.1002266069002262,0.1080962486028561,1.4570112888957278,1.4082730905920704,-0.8148462640314559,0.204023553196611,88423.36
2026-01-21 04:00:00+00:00,0.4830122115274312,-0.0061105325194504,0.0158817028922466,0.0330238409776433,0.041935026699831,0.0112597382932247,0.0778946085249678,0.0932005992620993,0.917219116201504,1.0691789522948665,0.654885137410497,0.3271624178263164,0.4978120678572439,-0.0013710317452215,0.0418291477722911,0.0324176287674342,0.0328915048306803,0.0282772649527878,0.1901289508784828,0.1062971711802243,1.4755092610648737,1.4576550663105683,-0.6451840336696123,0.2030201522093294,89312.56
2026-01-21 08:00:00+00:00,0.4826664495589272,-0.0053032371798315,0.0160233128278084,0.0331718373020084,0.0433685155498089,0.0112907046150455,0.0904726605961079,0.095537013135066,0.9507735970572794,1.307939721056484,-0.2335867876706784,0.3413924529366018,0.4976129149973027,-0.0020094404193332,0.043380571454511,0.0349152458773305,0.0356656297299307,0.028543505541959,0.1575173014131129,0.1054205969392614,1.495749652071003,1.466327194046854,-0.5501385935812793,0.2020286259432993,89055.59
2026-01-21 12:00:00+00:00,0.4818088837521765,-0.0046779791059806,0.0173705389522977,0.0346487893290075,0.0461483583539732,0.0112767458831501,0.0885723754008966,0.0978090670951216,1.2189184631712089,0.5942603755290584,-0.479686467808317,0.35331770456139,0.4973145183637114,-0.0026612757437062,0.0462809307013769,0.038787782518399,0.039845113048065,0.0288040263801961,0.1126898405498099,0.1049645612755437,1.5713116252234072,1.4649201605049638,-0.7014854551550526,0.20104883386746,88678.0
2026-01-21 16:00:00+00:00,0.4913815583532336,-0.0037546495287783,-0.0019937947800746,0.0146344528015673,0.0269577247514911,0.0115415661772421,0.2979815212784833,0.096205866052199,1.173649084560945,2.218003587823185,0.6352618645626135,0.362742716393918,0.4986643950353553,-0.0031960242704851,0.0271965541535372,0.0207680075064689,0.022097275574179,0.0284280020732456,0.2731149108891483,0.1024270500875415,1.5446330991921615,1.4511257537557196,-0.154405380206148,0.2000806371138624,90198.08
2026-01-21 20:00:00+00:00,0.492943449002896,-0.0034878381135314,-0.0045373064860785,0.0124200698948386,0.0260045338216765,0.0130979290655754,0.3281213745823732,0.0965944794654643,1.503010086799866,3.7186069472816463,-0.0263049771220497,0.3665159476771038,0.498662361824775,-0.0038454101829757,0.0263658893219504,0.0209857186194812,0.0226694102898448,0.0285369518543346,0.2641083378380778,0.1022805272068215,1.5364645612117165,1.645749634971308,0.1901405502392306,0.1993535256494255,90123.54
2026-01-22 00:00:00+00:00,0.4906911457823068,-0.0019199674297693,0.0035422822879265,0.0188537285675678,0.0327791845396352,0.0142425873670689,0.2657000319787463,0.0919682185479951,1.1306684048492297,1.382850893978976,-0.6636817254556406,0.3705945411532109,0.498119317138199,-0.0042471829943639,0.0332117631104638,0.0284734790629064,0.0303735149133521,0.0288587904289349,0.1856495897820826,0.102283648681739,1.4687604980580884,1.5277393974969886,0.3041596889952155,0.1987194099150381,89435.11
2026-01-22 04:00:00+00:00,0.4927364497589823,-0.0006722025178373,-0.0004784384320696,0.0132059691989003,0.0272320568169379,0.0139845766114576,0.3304470381094769,0.0834788495096634,1.346296932764558,0.4765018376312211,0.4360349776679221,0.3742522003869389,0.4984565264224321,-0.0045696243154764,0.0277255569181453,0.0236582006281129,0.0257489856334578,0.0288344716141503,0.2252000382896991,0.1011932270060454,1.5293373234131389,1.4749544806612886,0.1528050239234437,0.1980927986057828,89823.7
2026-01-22 08:00:00+00:00,0.4926744024170005,0.0002986444690655,0.0006324065435134,0.0129195780891044,0.0270359606730288,0.0134954830999501,0.3347979017573929,0.0729793292112763,1.2263686776674765,0.3875339411372967,-0.1686219048502207,0.3767086047504462,0.4984072025829894,-0.0048812941202837,0.0275866813671783,0.0241309615676121,0.0264157675432759,0.0289572569086045,0.2144463020797207,0.1006868190630107,1.4728539101449878,1.3738240848981826,0.2079485645933028,0.1974736029107487,89750.97
2026-01-22 12:00:00+00:00,0.4932501308067766,0.0010214435395211,0.0001513539557214,0.0112049506172857,0.0253415293646444,0.0128986663707011,0.3612579294941922,0.0712022144670799,1.232953735653523,0.5478323950935513,0.1530880914767268,0.3788292333191547,0.4984708281231998,-0.0051609938853156,0.0259442926340576,0.0230803391709986,0.0255533178451332,0.0290357489523662,0.219830785397362,0.1003317234557578,1.500303066282339,1.3833089282224218,0.3391208133971304,0.1968617350700539,89812.02
2026-01-22 16:00:00+00:00,0.4903211918449947,0.0012222672836735,0.0088619750385583,0.0194346049293419,0.0339131434145485,0.0128256040193496,0.2474454823270473,0.0701515967237434,0.9442394025347774,1.412079599304211,-0.4596953322290731,0.3815803460837144,0.4978075955993721,-0.0055323437674426,0.034582352326175,0.0323477822138507,0.0350707646355212,0.0294055396555886,0.1258371281852929,0.101195943812091,1.4400190260731252,1.3255814626650904,-0.3855075170417422,0.1962571083624087,88969.53
2026-01-22 20:00:00+00:00,0.4939528001152438,0.0012748037668976,0.000281963176661,0.0103957391256916,0.0250255352073986,0.0129960716391297,0.3778759242902736,0.0659390871134385,1.18809165872264,1.2527657482212855,0.5246484374999909,0.3870411532084453,0.4983910962097364,-0.0058190168601455,0.0257521327504972,0.0242087353939861,0.0271560028921078,0.0291945755412636,0.201866737326046,0.100817708417963,1.4531089881442116,0.9727227737006164,-0.2578774151895183,0.1956596370928241,89636.79
2026-01-23 00:00:00+00:00,0.4935862119536869,0.0014441523310037,0.0017356125669774,0.0113022774425737,0.0260760428294415,0.0128449458795112,0.3662338226532371,0.0611114424903534,1.333793446245009,0.5718476883747812,-0.2273654060876681,0.3899138337840444,0.4982590772808893,-0.0061104346286957,0.026857431683317,0.0259265292211601,0.0291073577864926,0.029159117168216,0.1824651153749521,0.1012822151168851,1.4788309408323106,0.8397427325560571,0.0102858368638348,0.1950692365804661,89449.45
2026-01-23 04:00:00+00:00,0.4954237404089007,0.0018245528266936,-0.0022816145974018,0.0063257857545346,0.0209312410313438,0.0124272694619516,0.4602458380004278,0.053237122939497,1.3730834160444818,0.3334379969169717,0.6796112924342153,0.3901700905836226,0.4985742641594733,-0.0062929672684939,0.021749041491736,0.0213437501667721,0.0247061328320097,0.028940278754299,0.2241805796416758,0.1010718015320208,1.5077519443612408,0.8198472073651911,-0.0030955548917897,0.1944858231466536,89818.0
2026-01-23 08:00:00+00:00,0.4940670860562144,0.0020540356674421,0.001704063346833,0.0095848331421113,0.0241268251046871,0.0120881806215625,0.4031451388454816,0.044764580328556,1.366027875113519,0.4675580120914309,-0.5144109291801809,0.3885326940400425,0.4982911951603971,-0.0065094480695727,0.0249847860213907,0.0250833138745167,0.0286533691133237,0.0289565770276209,0.1852167953711315,0.1016159277894506,1.509728585018622,0.8413291289076142,-0.1592961685719749,0.1939093141029989,89457.65
2026-01-23 12:00:00+00:00,0.4927719649574928,0.001804881620287,0.0047822695482226,0.0126322087917918,0.0273819680137554,0.0119368343721621,0.3144357444697471,0.0360654638075772,1.1570107148998727,0.3182129726129962,-0.4929172574372053,0.3898754549401501,0.4979983937471639,-0.006791741037286,0.0282935265444821,0.0289960696601807,0.0328256488518443,0.0289806910637503,0.145007188125402,0.1023525109456981,1.4448633596732734,0.809768304062319,-0.4011458983897718,0.1933396277396877,89077.34
2026-01-23 16:00:00+00:00,0.495617143292148,0.0016954918135262,-0.0015793698043464,0.0059851890492317,0.0207037746493266,0.0116685505813924,0.5042204561304693,0.0308300023349621,1.4029717930983912,0.9074533483797756,0.369701809634304,0.3903667743025419,0.4984354041953189,-0.0069731844230334,0.0216536878589432,0.0229117394925393,0.0269532739961668,0.028700683009879,0.2006519726457487,0.1021605936973392,1.5021141528244184,0.7356526182939628,0.3934214390602006,0.1927766833138977,89568.06
2026-01-23 20:00:00+00:00,0.4967881690186213,0.0025286969197544,-0.0021160395588439,0.0037861783033155,0.0178292141423528,0.0125637442847015,0.6030957120112947,0.0280144011544994,0.7359081004806668,1.819856880227629,0.1146777274342571,0.3773245218074741,0.4986305691283757,-0.0069736637362944,0.0187807380969755,0.0203123234387654,0.0244600575563915,0.0286074047962229,0.2229607744998032,0.1018838614187338,1.4519512805708292,0.8663164939138963,0.050917098981659,0.1916166719630351,89774.59
2026-01-24 00:00:00+00:00,0.4958103135853619,0.0024564693748285,0.0008674982934617,0.0063682712378023,0.020263932919281,0.0130083794062181,0.5170437412196208,0.0247212109531879,0.3619001906677547,0.6394882800513726,-0.2977425956514065,0.3631151752134818,0.4984149404748887,-0.0071187179176436,0.0212438130251,0.0232095939107772,0.0275571844077759,0.0287172967117305,0.1935431983370883,0.1025658757468846,1.4193433195676082,0.8847524107437513,0.014240529715187,0.1902257489538654,89487.98
2026-01-24 04:00:00+00:00,0.4965723821454638,0.0023998032486033,-0.0008411215814119,0.0042209793091672,0.0178706561541801,0.0124654882182615,0.5907964050561709,0.0240203504737335,0.4386105976514884,0.2173598014978148,0.2596964897417876,0.3495140526828358,0.4985394276928159,-0.0072096965046185,0.0188706987809919,0.0212369083482681,0.0257586463757433,0.0286901442324305,0.2119130515248416,0.1029344048367137,1.4572516471746846,0.8586361445436597,-0.0698428886031437,0.1888512867846041,89628.98
2026-01-24 08:00:00+00:00,0.4959230154133556,0.0023978176043476,0.0009573864625382,0.0055304044241513,0.0189094048298026,0.0119511175212637,0.5062117536023015,0.0229208949516229,0.4579905191779492,0.1766386544170407,-0.5046542770356196,0.3347280111745933,0.4984176725254097,-0.0072926214041989,0.0199270512266924,0.0226586725062107,0.0273557018425476,0.0287575297729992,0.1983137892727099,0.1036310440886397,1.4713021769383972,0.7963959730114315,0.0067212048655767,0.1874930906498967,89474.47
2026-01-24 12:00:00+00:00,0.4958542355463837,0.0022806175973288,0.0010514471067586,0.0053079825324262,0.018448610989433,0.0112936930073865,0.4800449751878887,0.0220849393397151,0.5385797744658161,0.1585348738143109,-0.2130847634812071,0.3215216481263279,0.4984009450441936,-0.0073672947734715,0.0194832878383477,0.022582298580585,0.0274551970296734,0.028783028800986,0.1989927477956207,0.104216277836325,1.524595838517777,0.7587915035085211,0.137701562245968,0.1861509680498072,89450.01
2026-01-24 16:00:00+00:00,0.4944553882962539,0.0020642394260133,0.003896994929079,0.0080351649608503,0.0210425908256901,0.0108090148033759,0.334116874976734,0.0221118496516908,0.5503248145518613,0.2353364575658458,-0.7227518933359555,0.311245360780052,0.4981613297991925,-0.0074714751575107,0.0220992903496946,0.0255882459294936,0.0306623447752567,0.0288843141062123,0.1708844571934284,0.1051508541581473,1.5464567828779607,0.6227657306870578,-0.1961700894532583,0.1848247287625343,89155.12
2026-01-24 20:00:00+00:00,0.4947554868174795,0.0017905075150374,0.0028837662517013,0.0070185843409162,0.0199043986568567,0.0103473724544691,0.3473467375558004,0.022032922555729,0.6590042335834541,0.3083872755961271,0.0918448643997776,0.3032114555906084,0.4981936152530901,-0.0075555950112005,0.0209811054424116,0.0248606251082583,0.0301284041518832,0.0287689741447366,0.177751138416942,0.1057679867929029,1.5620628704373132,0.3092538520808266,-0.565107156525055,0.1835345781138905,89183.94
2026-01-25 00:00:00+00:00,0.4943971242085951,0.0016266446664367,0.0033385817072975,0.00736810554484,0.0201008584401172,0.0098278915989153,0.2932057380744498,0.0209661431825564,0.7351156656734098,0.2289878751945487,-0.2868225001708862,0.2955683348989467,0.4981288927842534,-0.0076271834000873,0.0211949659638137,0.0254409600532286,0.0309012568177067,0.0285673236014996,0.1726309356134902,0.1065046277882095,1.561662782248916,0.2126190237281003,-0.4698501895338598,0.1822611437289818,89100.01
2026-01-25 04:00:00+00:00,0.4929207073750746,0.0013454747331739,0.0057143194559081,0.0098622252915079,0.0225658672382689,0.0094771296686865,0.0327613757651145,0.0168596390517727,0.8843608565117764,0.3219708878453203,-0.5896549595703912,0.2898454066897339,0.4978931761516873,-0.007733642639475,0.0236837410703012,0.0283336539189817,0.0340158276570037,0.0284388861772752,0.1481369004323177,0.1076077783115519,1.5635280103970168,0.2116616966904085,-0.7838456067508531,0.1810513160828073,88813.42
2026-01-25 08:00:00+00:00,0.4912691580162762,0.0009508543294682,0.0080358819319192,0.012536533990427,0.0253384118765835,0.0092298525276031,-0.1069615850964361,0.017892370599853,0.8036904723809326,0.3786137965460925,-0.6794885432844828,0.2875685175413403,0.4976298655842728,-0.0078704142653899,0.0264863117269211,0.0315852815120227,0.0375158225333243,0.0283425243016229,0.1211691294890977,0.1089012087170857,1.5478300381703594,0.221259518260748,-0.9233746786087772,0.180061081607366,88494.04
2026-01-25 12:00:00+00:00,0.4912067838467323,0.0004535784920033,0.0071969531748918,0.0122843828638508,0.0253024581177034,0.0091658119514341,-0.0470189531831233,0.0201090674429697,0.9622591661883048,0.3822130306904157,-0.1392331712970426,0.2898083727501243,0.4975727087842562,-0.0080242473046939,0.0264852482485764,0.032078743103552,0.0382738396773414,0.0282287555473648,0.1196258705385519,0.1100623335452524,1.5496140773884035,0.2342269374156051,-0.7189398693802146,0.179399198334002,88407.54
2026-01-25 16:00:00+00:00,0.4908704279913383,0.0003433575580448,0.0075896354348443,0.0127750865211715,0.0258265162452027,0.00898093405878,-0.0619098182119976,0.0207621788157696,1.2147292619851269,0.6020108846406713,-0.2062511478803871,0.2897345765771049,0.4974837227614773,-0.0081260894865899,0.0270341161625571,0.0330503795655363,0.039486120484744,0.0281198625617083,0.1137617341301914,0.1110823591200994,1.5628723026248992,0.2568602376537928,-0.6414633068732366,0.1787920884452895,88284.0
2026-01-25 20:00:00+00:00,0.4814415345921514,-0.0006663361461928,0.0260076769743469,0.0327760055589738,0.0467767205077125,0.0098284623341328,-0.6535353306728302,0.0280075244805534,0.4470697848357916,2.496198954055616,-0.8478655234657019,0.2969806419866207,0.4959182238031929,-0.0085696591188989,0.0480691267971138,0.0548915439272166,0.061820320280151,0.0286980719107147,-0.0659352662251814,0.1148798777837445,1.5299232429205147,0.4652494600147332,-0.8545005862456315,0.17867902479217,86399.96
2026-01-26 00:00:00+00:00,0.4845128444590426,-0.0019817395824537,0.01912022696267,0.0280439448523217,0.0431447289129724,0.0103566492325607,-0.2372742648166105,0.0389792860119591,1.63055302618968,2.0632326891642454,0.1627886785900325,0.3097476808291122,0.4961254806908454,-0.0089543880461605,0.0445201597332349,0.0522056285589771,0.0595721676265179,0.02875370532842,-0.0349525515870303,0.1166914972704187,1.552292970481655,0.6577322539808864,-0.8024494779439992,0.1791178969476616,86549.97
2026-01-26 04:00:00+00:00,0.4892228547671992,-0.0019163932006073,0.0094677509032867,0.0186851057243109,0.0341046327975862,0.0107673274071168,0.0295010831011308,0.0425394890475953,2.0315476944764943,1.6295547958280587,0.4418926549781719,0.3133364143572654,0.4967293119904006,-0.0091051224678421,0.0355193293784008,0.0437725147064407,0.0514346456521039,0.0286228382449314,0.0395110877998326,0.1172269262093231,1.5554131861304217,0.7915620537108173,-0.548277494168161,0.179588251377359,87191.67
2026-01-26 08:00:00+00:00,0.4937412479852141,-0.0013226351965148,0.0002285395647751,0.0088987095265746,0.0242353227645444,0.0107709012015555,0.2610825724620974,0.0435719256426226,2.9241211241181886,0.8298987159026875,0.8582229542698993,0.312503905762328,0.4973966246832532,-0.0091368263749316,0.0256664090433174,0.034323796724389,0.0422113765507257,0.0284315994524504,0.1207747239886334,0.1172699985526945,1.631775259342583,0.8401344836332931,-0.1952673112245063,0.180053039410558,87938.03
2026-01-26 12:00:00+00:00,0.4933463122825748,-0.0007563856755352,0.0015041385307041,0.0095997432064831,0.0249013434191873,0.0106463424194139,0.2497060318548844,0.0440254146494964,2.861490233091243,0.6134694726046505,-0.1806217694585064,0.3076062010503875,0.4972975650541961,-0.0092244721698301,0.0263563641349198,0.0354537299236177,0.0436289989814893,0.028525023460103,0.1146378123231635,0.1184445516211742,1.6445485385349328,0.8679155846367584,-0.2154433998377461,0.1805123269226241,87794.07
2026-01-26 16:00:00+00:00,0.493085384000298,-0.0002173779820852,0.0034488994371264,0.0109023311661005,0.0260934849961653,0.0105669889479179,0.2249683904954595,0.0441138855500272,2.445846768275508,2.893866470380953,-0.1170565569947041,0.3007188630970951,0.4971896254601124,-0.0092867277619996,0.0275676319512419,0.0370702173727517,0.0455251832084109,0.0286224126268699,0.1045292757994745,0.1195065706250648,1.6048367960325902,1.114443876428261,-0.2395905073461903,0.1809408601007738,87610.89
2026-01-26 20:00:00+00:00,0.4950862037078124,0.0001602261425168,0.0001944303773859,0.0071138813535291,0.0221368180514156,0.0111753103671869,0.3120124101360707,0.0447808003204747,2.440559079311372,1.8663199987027943,0.1666342614196087,0.2912917207141352,0.4974602506333854,-0.0092996908676717,0.023622503260638,0.0334797995242668,0.0421753450757849,0.0285764033294998,0.1360954219193689,0.120264200754892,1.5954774337656106,1.0742931550175838,0.5265797176308561,0.1812627346163508,87867.99
2026-01-27 00:00:00+00:00,0.4970963515905169,0.0006352565382506,-0.003452347802257,0.0026941434365064,0.0173778456606823,0.0113235392668433,0.4132922341720469,0.0447244313575678,2.225639442325277,1.3693745432435789,0.2981940398048317,0.282571129449966,0.4977783717181752,-0.0092519061763653,0.0188636416974816,0.0289903934561586,0.0378885299684954,0.0284960378075821,0.1745807259960778,0.1206433526360367,1.579958897201123,1.016942091467958,0.6976564110980672,0.1815807999168693,88207.8
2026-01-27 04:00:00+00:00,0.4994806568633265,0.0013655525637621,-0.0073528393583552,-0.0024798969069182,0.0115495991428931,0.0111603454330226,0.5565228764315855,0.0408171846132175,2.326605480689271,0.8059443110682359,0.6602369798842782,0.2703707137508676,0.4981849781854376,-0.0090992194863371,0.0130154102337527,0.0232615114269236,0.0322926052787018,0.0282773969447042,0.2225043022555121,0.1206413719437836,1.6075737956290632,0.9372318747234144,0.7915950457035443,0.1818947919992436,88666.0
2026-01-27 08:00:00+00:00,0.497196420700984,0.0017842569908605,-0.0012609089630055,0.0027163749243095,0.0162888825427394,0.010992834815233,0.4415178584614995,0.0395972565437566,1.7734990713335677,0.6261448419876146,-0.6382161883963289,0.2570485104684513,0.4978071409170508,-0.0090409823492956,0.0177501882342652,0.0282171867730955,0.0374744502163004,0.028352587108201,0.1842383079228034,0.1219203913137257,1.5189891927614536,0.9186085189144952,0.1348654092657015,0.1821276491993899,88203.18
2026-01-27 12:00:00+00:00,0.4956126913393958,0.0016230966905307,0.0022161357768373,0.0060879502777848,0.019496498304999,0.0108170975282389,0.3608373323123899,0.0383523508919306,1.5748317025920608,0.5134562780347731,-0.5105013349154688,0.2485158587564818,0.4975336331580942,-0.0090452966286658,0.0209664745251367,0.0317459554144377,0.0412662504695091,0.0283916121171082,0.1580696238652256,0.1233145974997836,1.4802990716525593,0.910551140528298,0.0330271216097951,0.1823543577744047,87859.01
2026-01-27 16:00:00+00:00,0.4962470643154518,0.0014461080420243,0.0011783439940118,0.0049806360748205,0.0181895109343104,0.0105773430902198,0.3948741694462758,0.0362744537429447,1.7963429822927974,1.5304989924576875,0.0464711839034764,0.24117551576305,0.4976091451867894,-0.0090090791678816,0.019661847220151,0.0307050231454588,0.0404490262305392,0.0283057105366691,0.1678732831193205,0.124206568654117,1.5040991676155586,0.7687343120470063,0.1494435288612115,0.1825783833730543,87904.68
2026-01-27 20:00:00+00:00,0.4984381668836369,0.0014612296645697,-0.0029898544554729,0.0004685443608349,0.0133079974684953,0.0109110940296562,0.5346323657874814,0.0340211049128362,1.5149196891932026,2.189749030358889,0.2332206069087061,0.2309990707864592,0.4979622510079635,-0.00889948910602,0.0147694928563792,0.0259749884177595,0.0358825942887868,0.0280966579321192,0.2057824819360838,0.1245432854053776,1.4858783828743571,0.8082306162360179,0.2353702305048586,0.1828462498040782,88270.0
2026-01-28 00:00:00+00:00,0.5024962391333221,0.0023357356100317,-0.010156585498253,-0.0083748172554737,0.0033888271951496,0.0114627869932936,0.8319796580798513,0.0329615131189681,2.236215981246882,1.3591805474499026,0.7294937138973843,0.2161586468191602,0.4987070577676428,-0.0085560695853366,0.004794895539496,0.0158292750839954,0.0257266559406459,0.0277858200561924,0.286035982815875,0.1237247622416776,1.5249425748014471,0.8136185012552974,0.4049091390261135,0.1827602861125376,89128.77
2026-01-28 04:00:00+00:00,0.5017628467756006,0.0028495182079406,-0.0068239955389157,-0.0063029534625148,0.0045797741277795,0.0111267635521789,0.7945260136201129,0.0328399403608269,2.3285487174915187,0.496223917310178,-0.2217054263565755,0.2017408160874551,0.4986220933721365,-0.0083071952979717,0.0059460523925969,0.0169189129327067,0.0269072549443207,0.0277945975637597,0.2775237740225347,0.1242483135765594,1.5474556846317318,0.7879307759339362,0.1541549047282984,0.1826028482291611,89011.5
2026-01-28 08:00:00+00:00,0.5017661365836453,0.0029776234654771,-0.0056997823181491,-0.005950795483729,0.0041883786511431,0.0108289527605261,0.8109907459437773,0.0321649248645802,2.1528317036446607,0.5425763231399153,0.0307536619670129,0.1903740281844135,0.4986501865966143,-0.0080732371337272,0.0055184161272172,0.0164436969539798,0.026519901963987,0.0277615021810278,0.2809163434316177,0.1245697685162674,1.5338366533417735,0.7962327782244837,0.3644363091037384,0.1824472735400638,89029.44
2026-01-28 12:00:00+00:00,0.5060591592419751,0.0030855591215685,-0.0140524847230686,-0.0150979251841038,-0.0058491812725894,0.0105416740782924,1.1082974076594452,0.0324096601376166,2.1185732567916937,0.8415225751738235,0.6859518140982626,0.1789395811900217,0.4994171168874605,-0.0077352534460053,-0.0045733472719862,0.0061503958947182,0.0161932033151863,0.0274708083685973,0.362161900231265,0.1235664474298467,1.5420038293166898,0.8589806254302786,0.721489643756441,0.1822251537064956,89919.73
2026-01-28 16:00:00+00:00,0.5028465977236363,0.003470855971322,-0.0055963600375587,-0.0078515736514556,0.000408946620902,0.0108962751894871,0.8658611817734111,0.0359044652732312,2.0859015791523423,1.5815216046273304,-0.3425307447406199,0.1733404161486579,0.4989685332261824,-0.0074391425265065,0.0016347938858098,0.0121999788814857,0.0223112643367566,0.0277196955105395,0.3129710052357792,0.1243659800855709,1.549667297119925,0.9214548164674488,0.4591642074364637,0.1814359404705812,89371.02
2026-01-28 20:00:00+00:00,0.5023455596259303,0.0033517244778899,-0.0039369405448552,-0.0067153818379607,0.0007591792406222,0.0114050106648879,0.8210867754585598,0.0380392920271705,2.6963354033054694,1.4402950431507238,-0.0178591465011087,0.166457740588333,0.4989664129268704,-0.0071536080960198,0.0019387112589033,0.0123507024781563,0.0224985392742866,0.0277836769626055,0.3118637611432907,0.1246479868513786,1.6087090005641789,0.8788550394554632,0.4859343846293271,0.1805297272949799,89342.37
2026-01-29 00:00:00+00:00,0.5014790388249782,0.0029007335331976,-0.0016762582786906,-0.0044378685632541,0.0025024093878798,0.0116881564371286,0.7575134756459342,0.0390830117798485,2.275186967752016,0.9220543182807324,-0.1553623956037664,0.1589752416959186,0.4988451576502986,-0.0069341373081896,0.0036484348703955,0.0139923366047496,0.0242202544629099,0.0277428828167963,0.2990080512267671,0.1252027756660713,1.5775251842787452,0.8522862406313692,0.0278736395009325,0.179593642361867,89178.11
2026-01-29 04:00:00+00:00,0.495978302298058,0.0018770887401731,0.0109901051589762,0.0092054347008221,0.0161714282955485,0.0119536671878581,0.3853257854526905,0.038607524335115,2.0336881468062606,1.014659948251188,-0.7464245395217509,0.1523783834735177,0.4978459092133163,-0.0069217576441098,0.0173224077632263,0.0278946137153599,0.038402064604214,0.0281054610650909,0.1917000626772581,0.1275627932067199,1.5418906834129582,0.9519105408455864,-0.365378507146638,0.1789640311273774,87941.7
2026-01-29 08:00:00+00:00,0.4970461487086644,0.0008992245312876,0.0069012358703266,0.0062542647845311,0.0133051818962104,0.011908766540853,0.4065637830141397,0.0331620115848541,2.081357831260377,0.556299271851268,0.3681627701808503,0.1499336618445226,0.4980295060761276,-0.006845826247583,0.0144522586246069,0.025150685109903,0.0358004077625684,0.0281028557150248,0.2132494386227064,0.1279816130110829,1.545464344144409,0.9668911402979552,-0.3030891920968624,0.1787242865425809,88142.01
2026-01-29 12:00:00+00:00,0.4952788215139443,1.3870145018047564e-05,0.0097059071326248,0.0102534694887532,0.017566185838618,0.011639101835132,0.236282049128442,0.031492673592929,1.9334600388393948,0.6712187126430319,-0.5679830409044829,0.1473053195530269,0.4976961131684719,-0.0068558330663507,0.0187249714610644,0.0296770197655518,0.040568961096989,0.0283001783652205,0.1792212001519728,0.1293646777964265,1.5239592824456405,0.9524399155950128,-0.7526494646424985,0.1784873792084482,87716.0
2026-01-29 16:00:00+00:00,0.4824043283434591,-0.0012311321533763,0.041431308968119,0.0438688813060093,0.052051852588276,0.0121776821186075,-0.6786895237529434,0.0365794991506564,1.0975234048014704,3.579601657011998,-0.7726916034527858,0.1505104856198677,0.4953011228956236,-0.0071786447711921,0.0532788102054113,0.0649732615857607,0.0765103108620848,0.0294430918013731,-0.073350933634423,0.1351145002199576,1.4562836716873158,1.264280934084355,-0.734995957460042,0.1785884360915202,84762.0
2026-01-29 20:00:00+00:00,0.4804361590657243,-0.0043523931571906,0.0440392682611119,0.0515207594216959,0.062083751332602,0.014399904063247,-0.4333101997004965,0.0570361844313528,-0.3825802441648238,4.214249675602347,-0.4311091987583371,0.1716244892027411,0.4946141744886814,-0.007822448306066,0.0634473691922818,0.0763278035823444,0.0885753862960478,0.0303320937067123,-0.1383679536132297,0.1400959545568406,1.3848623431287548,1.8243858167209928,-0.8476540534609738,0.1801195117503185,83779.92
2026-01-30 00:00:00+00:00,0.4849448865216678,-0.0059522015451241,0.0267953925294666,0.037657389851343,0.0500656505555683,0.0145883816245588,-0.0910266580989183,0.0699720520207402,0.4719226044704837,1.2337685839090542,0.7983367346938728,0.1932630133971384,0.4953148726005065,-0.0082514681033714,0.0515274381863586,0.0652720590530755,0.0779651752151622,0.0305587801646752,-0.0545305626058937,0.1420209128399048,1.4773564114355944,1.921571297454804,-0.7708178885571766,0.1818475346028294,84561.61
2026-01-30 04:00:00+00:00,0.4790818157714899,-0.00808529187909,0.0420850875503304,0.0574906728401647,0.0727672327678929,0.0160150419153914,-0.2011155529658504,0.0908646056138528,0.7885841862045557,2.1282860466026685,-0.5574150846930168,0.2181896301334026,0.4938323935056505,-0.009151669142569,0.0744150824241736,0.0897833029494783,0.103493271878623,0.0318987727640878,-0.1942370911220751,0.1500890909719335,1.4558147042341576,2.1784477322955933,-0.7329039825393107,0.1839995997287631,82555.53
2026-01-30 08:00:00+00:00,0.4807459663933566,-0.0089333582358008,0.0337461347257153,0.0521371461030106,0.069691045758423,0.0167963075896379,-0.0702723389258678,0.1056177387785814,0.8969249574706679,1.204580133549799,0.0173021837558143,0.2448568157999032,0.4939458915122948,-0.00980756107097,0.0714810476961662,0.0881008458717351,0.1025171969978895,0.0325659066426577,-0.1670962472253087,0.1545763698705067,1.432346944677256,2.3231567721605697,-0.7571029298905432,0.1864381391568141,82578.0
2026-01-30 12:00:00+00:00,0.4842140702331485,-0.0090232670012455,0.021044692462522,0.0414051236390446,0.0609009236275317,0.0164654408854274,0.0670510481065804,0.1170258937571803,1.1173834094001278,0.7005562851824215,0.4072808824679829,0.269550204437634,0.4944225439645354,-0.0103741064251328,0.0628164022782353,0.0805670483249325,0.0956131122193308,0.0330071742365767,-0.1071932301023403,0.1582373335379131,1.504008669109147,2.3469887279092405,-0.6643248995572557,0.1888478197574013,83046.54
2026-01-30 16:00:00+00:00,0.4848863937007307,-0.0082839934589721,0.0200118927512855,0.0411505486527759,0.0622286951964257,0.0164018726788348,0.0929690826597246,0.1254990269284759,0.620303563560383,1.4903390018850502,-0.2075745882091121,0.2871263916234247,0.4943202339050721,-0.0109117352523063,0.0642628973834011,0.0831506018348628,0.0989107091131482,0.0336413033004662,-0.1095509587992034,0.1628374484112609,1.3898079492091164,2.120732008484217,-0.4481427248936271,0.191228983059521,82748.0
2026-01-30 20:00:00+00:00,0.4913560905908747,-0.0067916852195698,0.0012152085722905,0.0216430557830336,0.0433856070973048,0.0165421405144616,0.2539368584548246,0.129239241598336,1.11381693644817,1.9766818004443436,0.4728458808627589,0.2987711005862228,0.4954929061432149,-0.0111123101405677,0.0454743663478476,0.0649665272602595,0.0810731759312914,0.0332766316949144,0.0036154554401461,0.1637868182942927,1.436427420337322,1.804284010373346,0.0795915419402838,0.1935819665503539,84065.76
2026-01-31 00:00:00+00:00,0.4922373649581534,-0.0048659981457845,0.0003496809705392,0.0192143552467756,0.0412966300476318,0.0172097009054389,0.278711146650401,0.1317747380292325,0.778092203106335,1.2133176139638184,0.0268989289671313,0.3036281985802428,0.495603498402304,-0.01130653296591,0.0434370158803292,0.0635862447576629,0.0801867374352325,0.0333791805052039,0.017525771275577,0.1664778820274838,1.4188370549383904,1.8360269317217264,-0.1304878184324011,0.1959071037230975,84091.99
2026-01-31 04:00:00+00:00,0.4918344165778949,-0.0032675907308267,0.0023542407326502,0.0197741497049532,0.0421258680408678,0.016563049688338,0.2812700365675272,0.1336562331225196,0.8941055224004838,0.3993894704761634,-0.4149751640399667,0.3083727260718877,0.4954851051587047,-0.0114929082075644,0.0443163698109234,0.0651293452469596,0.0822553705727129,0.0335219668291927,0.0146516478910341,0.1695350016204686,1.4257763204560527,1.5042176322545664,0.4784722645835667,0.1982047241242338,83888.97
2026-01-31 08:00:00+00:00,0.4903170508954306,-0.0021576655396059,0.0073426704804999,0.0237633720562069,0.0464968285604576,0.015947184302174,0.2599210784240625,0.1335133135602686,0.9586146883135832,0.4989873763600752,-0.6498850360840415,0.3135068002066286,0.4951403311744699,-0.0117248568815071,0.0487465757873979,0.070311672791129,0.0880379382851852,0.0337149250324023,-0.0074742861865921,0.1732907347355514,1.4492746435793291,1.3692262424917787,0.2949509664964661,0.2004751534002355,83399.99
2026-01-31 12:00:00+00:00,0.488971064366545,-0.0018474430910601,0.0112621640186219,0.0276930243586321,0.0511972160547014,0.0160173894877436,0.2384588977261475,0.1337323259850132,0.9736704667270868,0.5336838494686715,-0.5056651597404858,0.3227186758300883,0.4947902304845887,-0.0120664483026271,0.0535283525749266,0.0760160687517153,0.094432674968637,0.0339288950912412,-0.0299605061669991,0.1777298771820707,1.4431168718672684,1.3397224446140936,-0.0650227674774898,0.2027187133437218,82865.33
2026-01-31 16:00:00+00:00,0.4840822041243649,-0.0022732522005895,0.0270181508488853,0.0446698342560925,0.0696948039557021,0.0163562076550355,0.1255218024918165,0.1370586924369217,0.8630368059293044,0.9999040131782372,-0.7054695706371797,0.3346991309346674,0.4936451452041657,-0.012694140665053,0.0721638998058564,0.0960728825251722,0.1155290684750602,0.0346573497215366,-0.1209170456955441,0.1853570199839222,1.4267098102444198,1.2586336356578378,-0.3946991347511392,0.2050625785714121,81246.75
2026-01-31 20:00:00+00:00,0.4757663858001785,-0.0052599832232288,0.062373108341371,0.0856076408481221,0.1147367894138091,0.0203476568359841,-0.1031091110932468,0.1541359849369823,-0.4433024475666627,3.2911546500942843,-0.5558950650501235,0.3563044381243089,0.4912720308910493,-0.0142054169796624,0.1175190434227388,0.1443060532750582,0.1657066115112571,0.0368822445041183,-0.318775991976007,0.2014903284771338,1.3330320717315374,1.649298301934783,-0.7326787452478469,0.2084282189148346,77682.79
2026-02-01 00:00:00+00:00,0.4808689281683116,-0.0071809292969251,0.0386420810775645,0.0657060392974548,0.0975145790827274,0.0217170575719071,0.0436916102945223,0.1595506089511391,1.0108658233342624,1.212945219349013,0.4212543521827843,0.3788106398991634,0.4921365311757016,-0.0150256050594823,0.1004758430048331,0.1288429798318988,0.151115353801766,0.0373171086048199,-0.2239088186609869,0.2073805428115492,1.434532144854046,1.6788613993835544,-0.6471670679373899,0.2122110798104129,78595.04
2026-02-01 04:00:00+00:00,0.4826245717338601,-0.0072604994062496,0.0289383574666266,0.057533761614418,0.0913466094100332,0.0216064686140977,0.0995531856346318,0.1588568354714765,1.4992888382834908,0.6868191317356845,0.1572498780974276,0.3934209619937274,0.4923813937374266,-0.0157480313580619,0.0944676443781133,0.1243664171881386,0.147600701178284,0.038062042292298,-0.184149241284769,0.2137726938771181,1.534976089870423,1.7558754416227915,-0.6134679561968595,0.2159491725432757,78767.58
2026-02-01 08:00:00+00:00,0.4821429023409412,-0.0069103464802178,0.0283574005417621,0.057969540281348,0.0937669710095674,0.0210189793871801,0.098985297588751,0.1566151973757438,1.326163127659555,0.4882923310628257,-0.3776920631920768,0.4072926368833708,0.4921517849307348,-0.0165338484116133,0.0970609243678537,0.1286668107957025,0.153038663942491,0.0390550785257341,-0.1825728476805402,0.221621602308439,1.4859461735864643,1.7595778879824313,-0.6474927872954275,0.2196430269210072,78327.92
2026-02-01 12:00:00+00:00,0.4840218338807815,-0.005995854212783,0.0195583047759246,0.0490791516065551,0.0861536252021104,0.0204899566560962,0.1533492053083256,0.1516448827251817,1.767356341697839,0.3981095405237161,0.2717277774723801,0.4194874643984384,0.4924617051727197,-0.0170766542766391,0.0895727563588573,0.1224890050541949,0.147745036755027,0.0395695485584166,-0.1413136541665415,0.2271863512279073,1.6553852541310434,1.732724661458787,-0.5769584752272002,0.2232931664811979,78621.31
2026-02-01 16:00:00+00:00,0.4811942234106569,-0.0055084744319277,0.0311237733890121,0.0614157289363328,0.1005964718927776,0.020609486836435,0.073063547942412,0.1491355903822145,1.4446317094057683,0.8302276113122177,-0.6505304139190262,0.4302872259751192,0.4916600375890126,-0.0179977566027639,0.1042172580763918,0.1391861239530645,0.1658943048615184,0.0408012189586083,-0.1875832381332733,0.2377808294501209,1.5355685118165332,1.7182586815016752,-0.6112325130513587,0.2269001085656479,77328.01
2026-02-01 20:00:00+00:00,0.481703536778085,-0.0049875516968731,0.0294108409309636,0.0600793452423928,0.1008784895097072,0.0208558683348076,0.0734963246542138,0.1429933288885885,1.1993072899523636,0.7293054305041955,-0.1983211624390542,0.4424281368023458,0.491602403015036,-0.0187072172885864,0.1046592713399745,0.1412954176223939,0.1691676683785123,0.0410628330552393,-0.1772309538887334,0.2455810926003369,1.4918671070653824,1.1260608238835157,-0.2452355789224657,0.23046436439369,77040.02
2026-02-02 00:00:00+00:00,0.4834652629739232,-0.0047249875462024,0.0254375090660496,0.0567227397512708,0.0991826749160658,0.0211780595786988,0.0873648195327332,0.1371140778643283,0.573290851585961,1.5764091180771178,-0.0776981177316888,0.4553314371047993,0.4917331608690636,-0.0194248534857261,0.1031256811236731,0.141450068678554,0.1704964905655845,0.0411398792675203,-0.1597326235057743,0.2534631498716549,1.4198317918178107,1.246116704131052,-0.4596240779117598,0.2340920997659733,76878.0
2026-02-02 04:00:00+00:00,0.4830774874775999,-0.004218188870128,0.0317938203094889,0.0634459335086476,0.1076822690507892,0.0223194231393451,0.052702273899929,0.1423571017405256,-1.01274568564597,1.906967888123541,-0.2375883677204791,0.4657864983964322,0.4913921497906101,-0.0202539610921942,0.1118113612684039,0.1521107614397108,0.1825929661489271,0.041691901369037,-0.1786895271018672,0.2635260029166281,1.2843969497381365,1.5622130456042589,-0.5905645585661065,0.237843633926324,76018.0
2026-02-02 08:00:00+00:00,0.4865629393220569,-0.0041477574019875,0.0182587443714552,0.0504572717459139,0.0960302233415848,0.0232444310171814,0.1506054093686532,0.146308483903445,-1.8474649018597264,1.3269008709375911,0.2497195400947447,0.4775888967180997,0.4920178271430913,-0.0208269150350841,0.1002933348441288,0.1420248751216732,0.1734970000643614,0.0416440767680804,-0.1278543168051343,0.2696034801853845,1.2131714154170383,1.7724700977132133,-0.3859638948849284,0.2417426218458929,76527.74
2026-02-02 12:00:00+00:00,0.4905158686506975,-0.002212789316177,0.0011422191613521,0.0307928835533157,0.075951790141151,0.0232423879300074,0.2826121352350038,0.1446950121892806,-1.3709706999384383,0.5621775439168857,0.869374410286794,0.4821032583998406,0.4929542557668726,-0.0208450292174878,0.0802380101353643,0.1225133004793295,0.1544804402610216,0.0412088761598602,-0.0523027798750888,0.2712332372178098,1.2805997825029434,1.8032658053313184,-0.2153224233022277,0.2455954673006899,77716.34
2026-02-02 16:00:00+00:00,0.4941822135555842,0.0001065037245679,-0.0119414660420104,0.0142038024873796,0.0583019789619103,0.0225903275834707,0.3991409103819699,0.1412526599539002,-1.0379230072641328,2.072664782034345,0.5933569535378621,0.4783029286441262,0.4938444312102991,-0.0206769699705651,0.0625746628026207,0.105137951356897,0.1375083771438716,0.0407936921866393,0.0135320067828997,0.2721280323522025,1.3373175528870398,2.106159523202838,0.3050556257352515,0.2492675553145378,78808.0
2026-02-02 20:00:00+00:00,0.492760612900458,0.0023516423846947,-0.0013519387871568,0.0214799629625901,0.0650221920942364,0.0226857378073342,0.3531802152730057,0.1397754023390021,-2.6303890810357,2.05270965850133,-0.5710885717454232,0.4690056141350858,0.4934944145639394,-0.0208139557380104,0.0693462173482999,0.1129259840982228,0.1463339365863172,0.0413891939429907,-0.005360829317855,0.2780418250534996,1.2184617822535144,2.4647661966571945,0.2269811176420729,0.2524032502781476,78137.88
2026-02-03 00:00:00+00:00,0.4944430775041151,0.0037507030917904,-0.0066075668727733,0.0133779837057419,0.055818046620923,0.0219681034475377,0.4168313390256704,0.1346757420527918,-2.45049395612989,0.5664837199389388,0.4652932236061777,0.4616738222872172,0.4939121590420178,-0.0206419538592578,0.0601297974073955,0.1040780687472953,0.1380327585577365,0.0413645002376834,0.0293188944596004,0.2792780612963165,1.1972056292402848,2.19531822108996,0.3653373415012879,0.2555018359463767,78643.07
2026-02-03 04:00:00+00:00,0.4948359697147517,0.0047454708427821,-0.0058167999095221,0.0117908177817498,0.053315361048613,0.0214244062934869,0.4374461487069666,0.1277897507127779,-2.426173474306592,0.5094155161366135,0.0127897733515204,0.4537569761512176,0.4940124575411194,-0.0205480004108928,0.0576320381104211,0.1021424241164947,0.1368215101843768,0.0415892285823517,0.0407543826840196,0.2817293853683587,1.1536054028279763,1.8518237209704296,0.5859341769459808,0.2585637514881554,78662.85
2026-02-03 08:00:00+00:00,0.495278467655313,0.0053919118121182,-0.0058410396615308,0.0097261974501565,0.0502954152183823,0.0211120460588228,0.4677659026015098,0.115833669828276,-2.4924491135698443,0.402949080040057,0.0571249275004059,0.447975305392692,0.4941211314536538,-0.0204119600973632,0.0546090014169764,0.099608571236289,0.1349754307295865,0.0416667294602568,0.053818554422308,0.2839885415263966,1.0982222356643905,1.625557506888936,0.7819195460331224,0.2615894308750823,78726.92
2026-02-03 12:00:00+00:00,0.4935945305920143,0.0056459170341688,0.0030580992112601,0.0172639345532141,0.0573544511233137,0.0208260281039943,0.4116941534549197,0.1016374827844226,-2.7593585404835737,0.4132771437980371,-0.60020970771987,0.4420639858610622,0.4937343897024963,-0.020470772147851,0.0617067918488654,0.1076264336027761,0.1440276981690651,0.0418746994951668,0.0333539025455513,0.2889688839971153,0.9250742938170042,1.595896208096196,0.1753827398348759,0.2645793029429302,78040.01
2026-02-03 16:00:00+00:00,0.4939865133507994,0.0054166140812389,0.0030605003943691,0.0164188241953426,0.0558995096715346,0.0202469216783564,0.4270237598244877,0.0833364209303322,-2.9227471712993007,0.9308341376848068,-0.0426143062313773,0.4375842589006022,0.4938231657010914,-0.0203966870563408,0.0602625864895138,0.1067817574282683,0.1439560307877148,0.0417103338567032,0.0407129112069854,0.2914180982384513,0.8472114408080038,1.3271045466787526,-0.3607042977496318,0.2675655183760257,77979.31
2026-02-03 20:00:00+00:00,0.4868816866471204,0.0027597210236586,0.0359963395143558,0.0530451146872277,0.0953059804007896,0.0229065640005391,-0.047007550853906,0.076862390217055,-3.485179982844043,2.687507390931667,-0.6026795730017774,0.4425592426167327,0.4920213103568195,-0.0216237172899625,0.0999518545867335,0.1496475263791634,0.1894206281444257,0.0435972748440036,-0.0789164183995387,0.3069557407127934,0.6901213315732273,1.5334015727709125,-0.5344969871104203,0.2710388638458067,74921.03
2026-02-04 00:00:00+00:00,0.4895640714102482,0.0017053514276533,0.0222364024200121,0.040137802991085,0.0824640904913722,0.0245434886169799,0.042499317913596,0.0629216700871531,-3.397840620256238,1.1990027976251896,0.2788122354364072,0.4506094175339782,0.4926076643787845,-0.0216349387941275,0.0871359217120815,0.1374074154193221,0.1778072753356085,0.0436837855844513,-0.0377734520057912,0.3067939454344599,0.6712450720705396,1.7525214793457096,-0.4919398220200311,0.2748347109670309,75584.96
2026-02-04 04:00:00+00:00,0.49263731685004,0.0015260526329702,0.0067705608360786,0.0243601269983169,0.0661643915463425,0.0239104465776514,0.2675175123533199,0.0612190275345766,-2.841989519491549,0.7767908848863567,0.6232589934204915,0.4568498638891798,0.4933234338786186,-0.0214432832433218,0.0708205068322509,0.12130045426914,0.1620992595077297,0.0435872458718473,0.0144405877304582,0.305515781696162,0.7115646894083515,1.8480170681574253,-0.3493000593790425,0.2785856362404105,76533.19
2026-02-04 08:00:00+00:00,0.4925919183014258,0.0017791329145798,0.0067492121692338,0.0236730464361027,0.0652439570360889,0.0233524146527778,0.2620659647394543,0.0624062404102225,-2.697559046477469,0.3622799107865925,-0.1713710788907835,0.4607825815566171,0.4933042131666743,-0.0214595706488366,0.0699314656725418,0.1211915840849668,0.1629055120084248,0.0440937267504755,0.0195392705916012,0.3081366272230353,0.6590423320010483,1.8474751483905607,-0.3747305574309207,0.2822921712923126,76408.57
2026-02-04 12:00:00+00:00,0.4916798781388496,0.0017560788372093,0.010752623909823,0.0274623740755413,0.0691105731164645,0.0226221194342734,0.1931785644726291,0.0633020509710387,-2.5177525583526785,0.5065215185689861,-0.4868476680518488,0.4649567040711252,0.4930790279553358,-0.021593718057385,0.073855444279298,0.1261627017155147,0.1690067525209149,0.0447321741123435,0.009836288305608,0.311959614457711,0.6055596103661782,1.8825490299084997,-0.3740053194671833,0.2859548414575864,75937.14
2026-02-04 16:00:00+00:00,0.4874063356307635,0.0010394018159981,0.032662816742357,0.0505588689951892,0.0935683368510154,0.0230812519740021,-0.1350562767794475,0.0685035405704319,-3.022732143469474,1.399204014952782,-0.6996227216007463,0.4717659623750439,0.4920295623414895,-0.0222698323548878,0.0984884231742777,0.153060939756326,0.1979842537076455,0.0462121365073375,-0.0589032483921179,0.3225838110530292,0.3074888923017657,2.0276233738457035,-0.7744472206189449,0.2895741658540204,74025.26
2026-02-04 20:00:00+00:00,0.4879416449214022,-0.0011625628462158,0.0299502238952533,0.0511284965093796,0.0959181786756513,0.0245631446463331,-0.0606175366747483,0.0820901868898547,-3.138391590969276,2.573180547136008,-0.207234470458768,0.4831691717691592,0.4920011851543075,-0.0228636309392728,0.1009887423403976,0.1573005106650085,0.2036968545039008,0.0466802287863203,-0.0614099876075713,0.3289783047256629,0.1311804518410936,2.0420075555994988,-0.2738434288015715,0.2932454227255618,73588.36
2026-02-05 00:00:00+00:00,0.487531159641085,-0.0024691636362969,0.0306548468508827,0.0542381893893029,0.1007031210329816,0.0250688046555396,-0.0428531928739607,0.0940255876933799,-3.048816270049932,1.2975273717526865,-0.2601622801815249,0.4948671295644697,0.4918030792386467,-0.0234651269544784,0.1059277668739651,0.1640676780181615,0.2120467042072336,0.047315015035365,-0.0698938542773695,0.3364474034837473,0.1137159618945773,2.0819209680904653,-0.500492961286109,0.2969501230009715,72996.01
2026-02-05 04:00:00+00:00,0.4840372945821309,-0.0038529000842373,0.0492977076394165,0.0760220847328752,0.125318393194699,0.0258558907177356,-0.177913180249492,0.110719081003808,-2.927454714120213,1.0755962854320011,-0.8661165701234915,0.506572104167268,0.4908310067319186,-0.0245930610639689,0.1308135539714676,0.1920271865669016,0.2425840203142597,0.0488823250442406,-0.1287978225432542,0.3507069723640573,0.0112783319910993,2.1931399068168687,-0.9457152981303484,0.3006691953504763,71115.03
2026-02-05 08:00:00+00:00,0.4840875053965552,-0.0055993348960524,0.0460129398047783,0.076384465318479,0.1282901401821312,0.0265053936453286,-0.0970432578669692,0.1313812425536927,-2.6970486326097487,1.3494612118936615,-0.340351512226513,0.5198428265646631,0.4907057669419316,-0.0254755258843949,0.1339972040400801,0.197495795894347,0.2498830389268833,0.0497329457599777,-0.1291832868673321,0.3598333154998809,-0.0494486502826899,2.525207025466264,-0.89312609369493,0.3045540956659306,70606.22
2026-02-05 12:00:00+00:00,0.4840437323637973,-0.0059387973753918,0.0441834268667842,0.0763678067651905,0.1302019279392807,0.026388736321227,-0.0536093677655012,0.1457845700339295,-2.403059075865709,0.7906212682530391,-0.2057023678076301,0.5304440800739393,0.4906050398578774,-0.0261780035163012,0.1360854419352848,0.2016135963958796,0.2557179085824612,0.0505018192475449,-0.1274974626861236,0.3678413922603917,-0.1325979502001201,2.617214429903335,-0.9038983005553742,0.3084272004144395,70187.0
2026-02-05 16:00:00+00:00,0.4795127477477755,-0.0078192179574278,0.0746244236418123,0.1118713160977105,0.1706521769865827,0.0284629399461465,-0.1851867284464187,0.175238182033466,-2.784111760281198,3.649445026179624,-0.6549068187889661,0.5422847715873655,0.4892414715537995,-0.0281296696969764,0.1769862737803165,0.2473763421606707,0.3053811472722056,0.0531679062966634,-0.2111738448618253,0.391045725378213,-0.4430126937140591,3.412464088781165,-0.8733399971440804,0.3124493489175287,67419.98
2026-02-05 20:00:00+00:00,0.4767770658596444,-0.0112682067923711,0.094584526943239,0.1396219218002583,0.2048116106369384,0.0319711609041916,-0.2026216464656705,0.2158141029611469,-3.713391443639278,3.2916525391737266,-0.6562319021609533,0.5568841425707661,0.4882219064461276,-0.0304798126235947,0.2116756510793174,0.2874814129320682,0.3496055992155049,0.0558790963272933,-0.267984302060377,0.4165686901399161,-0.8269232275296969,3.8546945613577406,-0.9473111759536268,0.3167786104341609,65105.02
2026-02-06 00:00:00+00:00,0.4754589966689057,-0.0158505045470632,0.1085830180013618,0.1640008942440096,0.2374246528935746,0.0357789881229887,-0.1734501048442334,0.267505915958848,-3.753813627568364,3.074866377383205,-0.6465735215927224,0.5736391255641433,0.4874221758790106,-0.0334067335619501,0.2449366409768065,0.3271130847965415,0.3938769778910922,0.0591948378141897,-0.3100437784660258,0.4462991073402449,-1.083720094733292,4.66976411278263,-0.9164606893364536,0.3214228408361934,62921.99
2026-02-06 04:00:00+00:00,0.4805186205038673,-0.0165177673107325,0.0715944598063216,0.1307894239118641,0.2075778845361366,0.038527937644797,-0.0111944566791259,0.2900615437003406,-2.978131349695678,2.322142908266205,0.1866490501044019,0.5869514322627856,0.4884816994254068,-0.0343963048105701,0.2153102299164568,0.2994222813999092,0.3673776201370387,0.0597985414388649,-0.2385928538108953,0.452154421368661,-0.9232433441624274,5.209137088329627,-0.5986931405929686,0.3262387551140305,64026.0
2026-02-06 08:00:00+00:00,0.48320246547422,-0.0143890463409322,0.0492407982069622,0.1081735523766036,0.1868809230877426,0.0389096535825934,0.080404543723896,0.2986687177275476,-2.3638633270943634,0.8485410233567369,0.2503881878969317,0.5934528316144482,0.4891132217010517,-0.0351039790134654,0.194783554939498,0.2806727743322599,0.3499616407304036,0.0606014981190367,-0.1886913879286324,0.4578847516387064,-0.5322098139335006,4.998215814221468,-0.4953260686861378,0.3310044833671247,64741.97
2026-02-06 12:00:00+00:00,0.4874839870816012,-0.0112191566499862,0.0155419348354834,0.0715909642507297,0.1501040151447528,0.0374945075177016,0.2052205263940112,0.295073214312159,-1.8046875508495324,0.5865617289834677,0.7338798648206676,0.5969165873817492,0.4902266567042513,-0.0350436017392486,0.1580107944111113,0.2440667800748728,0.3135300001935557,0.0604021026581831,-0.1107893989376975,0.4555680705697187,0.387164333313142,4.852592789115063,-0.3489581256554894,0.3357138117409236,66427.05
2026-02-06 16:00:00+00:00,0.4925530983510483,-0.0062397865020323,-0.0164928917439889,0.0329774555905915,0.1089402396599421,0.0362134818694336,0.3395910514129729,0.279379255877907,-1.3443648110676665,1.7500228424685798,0.6792813734090474,0.5907544488476046,0.4916030509579038,-0.03424315826888,0.1166980705474312,0.2016336620809988,0.2705105957704667,0.0595861677729955,-0.0248046279016388,0.4475266224763943,1.0102129907712778,4.451988650046306,0.1259378109913683,0.3403468416826579,68572.0
2026-02-06 20:00:00+00:00,0.4968561613540966,0.000228119973579,-0.0372124505406913,0.0024132292558685,0.073860765145111,0.036597006094598,0.4649404444597806,0.2575433985302646,-0.5310674826589556,1.9500027593782925,0.6804093213387674,0.5688855696999472,0.4928665067555557,-0.0328971842921787,0.0813634706786885,0.1644656329758325,0.2325149685499654,0.0590271427000303,0.0509412345147306,0.4376039829932253,1.6106075987684676,4.1849580955968655,0.476983716880058,0.3437148076233673,70593.99
2026-02-07 00:00:00+00:00,0.4964208278743616,0.0051583224912196,-0.0254686378136612,0.0066709920451093,0.0757607770858719,0.0361944029983243,0.4659501165856913,0.2432306543836041,-0.3656927842986344,0.7609627132372995,-0.1641456320278112,0.5450370362610362,0.4928132598235724,-0.0325296975871287,0.0832353816883193,0.1670862196163405,0.2364934244463119,0.0605347300381666,0.0496574372889309,0.4417948295502416,1.623025431516062,3.355087345952898,0.6287337115950724,0.346725612870833,70278.53
2026-02-07 04:00:00+00:00,0.4978676461462304,0.0080932327221879,-0.0291374018154249,-0.0029832902135248,0.0631176889675382,0.0351738776244849,0.5185126895422051,0.2337159087731122,-0.2485820444594663,0.4094053948582015,0.4711624919717398,0.520863248138821,0.4932448575559941,-0.0317471961571876,0.0704684944526821,0.1539468722227175,0.2237748839291475,0.0607096123653622,0.0790656250075967,0.4400429289431555,1.82596110570504,2.6229412892265342,0.8790872429810006,0.3496206249939784,70918.8
2026-02-07 08:00:00+00:00,0.4923313774046738,0.0097619432021219,0.0149466258996378,0.0382652250185944,0.1051381860980724,0.0365813303824221,0.3560958349288409,0.2336308203461842,-0.3579771078232458,0.4578991928648617,-0.6642846153316203,0.4971384979373496,0.491839836361769,-0.0326473816871738,0.112755274507537,0.200248432043774,0.2741637615751477,0.0638185399993942,-0.0043014069257786,0.461119374481581,1.505892785729798,2.458651866682085,0.4481157322701337,0.3524813761761662,68025.99
2026-02-07 12:00:00+00:00,0.492974999525618,0.0087708453532759,0.0102519367777176,0.0329045125257088,0.0989344332234705,0.0368803349634809,0.3835246628982592,0.220702684866187,-0.5513977357866497,0.2691808604306013,0.1079195397609031,0.4806959180584951,0.4920182943907155,-0.0324606123505219,0.1065555724313069,0.1947945870020282,0.2698826944161083,0.064050085897214,0.0108555948304187,0.4637731413709644,1.121811923079393,2.3112440443710422,0.3042772928757501,0.3553082718775554,68158.25
2026-02-07 16:00:00+00:00,0.4952132170548454,0.0089184653057829,-0.0028916193993224,0.0172122242647196,0.0808549353333163,0.0361312568652444,0.4670546218658667,0.2000240624336529,-0.4740571361484308,0.3583804901884817,0.4915043733319255,0.4607779269000456,0.4926331333789504,-0.0316582667793236,0.0883443826984675,0.1759477738090558,0.2511769134855166,0.0632956111596111,0.0493391406176362,0.4599195241505469,1.229487061888309,1.7679851568234326,0.1164520426287732,0.3581017127598974,69084.0
2026-02-07 20:00:00+00:00,0.4957048822180627,0.0092241411828983,-0.0038647249421729,0.013836727505041,0.0756461445103204,0.0350547332770405,0.5018831468197416,0.1798466675883046,-0.5896895832882098,0.2376212287154633,0.1016462862666271,0.4419190699218134,0.4927926322877246,-0.0311367070708774,0.0830734473429759,0.1709041135179192,0.2470670714031835,0.0631783416862153,0.0620425619168084,0.4606944959765724,0.9934500239051828,1.0518637858255464,-0.3112969877116052,0.3608620947433245,69219.95
2026-02-08 00:00:00+00:00,0.4957383033042859,0.0094256573431765,-0.0020811027004842,0.0133949377592583,0.0734292769532307,0.0335185803805804,0.5246023579218898,0.1610116905633321,-0.566491289882819,0.1504285697374865,-0.0456140721791098,0.4245890737186771,0.4928310126805612,-0.0306302155642695,0.0808010100562759,0.1689738103621063,0.2462159648967108,0.0632223871537229,0.0686159709666147,0.4622470629008874,0.9733434825132856,0.7799518353385549,-0.2568298356522359,0.3635898090624615,69176.8
2026-02-08 04:00:00+00:00,0.4955781159721825,0.0092843284729459,0.0003610779905065,0.0141541174138717,0.0726011748906754,0.0321678437770591,0.5327166405403798,0.151019442488763,-0.5786316711438017,0.1632939329688153,-0.1599377931254054,0.4093514759538906,0.4928198946538415,-0.0301575300535473,0.0799261331520828,0.1685293698977776,0.2469384870195772,0.0633387607603466,0.0731772140316622,0.4658990557252396,0.9050551994059268,0.6672074162336594,-0.4300115504995642,0.3662852423218783,69046.2
2026-02-08 08:00:00+00:00,0.496986277455224,0.0089903683448113,-0.0071044879617209,0.0050250989158395,0.0612929559707755,0.0303784268905667,0.6123755500433227,0.1389217682608727,-0.518034763225137,0.1045760363603208,0.7511298219185454,0.3946405905785986,0.4931586533548417,-0.029349913262524,0.0684914079016594,0.1565699749864393,0.2353269389196521,0.0626280960232833,0.0986944099202643,0.4645983842094568,0.9677863226830784,0.5177238260912617,0.6684662940379362,0.3689487765508844,69604.65
2026-02-08 12:00:00+00:00,0.5001036475059419,0.0095935453288399,-0.0214647384449928,-0.0125103956002499,0.040312768067328,0.02926631720731,0.7659441089425171,0.1300055052828531,-0.4716997020978652,0.2624727757796022,0.7584819480232226,0.3743734709671066,0.4939187893293808,-0.0280265817409367,0.0472679963716078,0.1335847812608057,0.2117248915969338,0.0612936593964534,0.1446603438770596,0.4573680543762635,0.9853081095648532,0.5024578815084626,0.8711454097153303,0.3711746450137792,70874.5
2026-02-08 16:00:00+00:00,0.5006398459349765,0.0105870961011965,-0.0197626120043603,-0.0143496419501364,0.0354108208314518,0.0284855290762604,0.7874977423394456,0.1305938402053371,-0.4291499615507619,0.3024949996594678,0.2700799086757951,0.351971970139158,0.4941109205880012,-0.0269690680283697,0.0421955872968073,0.127770597379438,0.206314049953568,0.0608720302351146,0.1578284625605412,0.4561922930028979,0.9953979119176162,0.4622140813260079,0.6788414703692014,0.3730011626606588,71111.09
2026-02-08 20:00:00+00:00,0.500879674355836,0.0107480133584466,-0.0175691017094488,-0.0145681446228332,0.0325517934557386,0.0276267490010771,0.7989255054445755,0.1300880342484523,-0.3504024980937055,0.2501853320925169,0.0743259085580236,0.332140568064134,0.4942202555179498,-0.02601030345985,0.0391883871448339,0.1242186720326019,0.2033184604331974,0.0605431450628768,0.1665436968362563,0.4557125952453574,1.0332297223760931,0.4512649614445682,0.7164473589288547,0.3747445161315411,71206.2
2026-02-09 00:00:00+00:00,0.4986127726803534,0.0105076746829602,-0.0025404445211512,-0.0011359326245161,0.0442190686894869,0.0273328320849555,0.6891175395666039,0.1343808390460529,-0.3043099496386934,0.5109263349585591,-0.3871430746145349,0.3130821884014211,0.4938273932818683,-0.0254336129478996,0.0508045549741673,0.1364866042369978,0.2172542468363034,0.0610813656920395,0.1446600367807811,0.4616261813543894,1.0545994808059431,0.5584105461823643,0.3341422564532024,0.3763805936075943,70310.0
2026-02-09 04:00:00+00:00,0.5011276433019557,0.0095384563738499,-0.0148722253209355,-0.014294313642939,0.0284437383879228,0.0270996683776479,0.7720904029629313,0.1317529780063862,-0.1200243203085225,0.4357794802297628,0.7094389023783707,0.2946157686084854,0.4944265599159044,-0.0242515253774578,0.0348175527551553,0.1189622657154734,0.1992950208349602,0.0600906532622103,0.1803607065283049,0.4556144030142775,1.1332193862616002,0.61984338779441,0.6729995630753473,0.3777116606850261,71279.65
2026-02-09 08:00:00+00:00,0.4988500841084722,0.0089414644395225,-0.0009729351010666,-0.0012345244804671,0.0399892863024549,0.0267594774034159,0.6582291784328804,0.1180459400860135,-0.0762381868802537,0.3616983022246485,-0.8654414273875147,0.2755135365429801,0.4940071722041599,-0.0236736155712293,0.0463123683058268,0.131057687147573,0.2130275814932956,0.0606489003772817,0.1587526533717912,0.4619133395112689,1.1492995296904605,0.6673494748666863,0.2853886251107135,0.3790269752859185,70392.01
2026-02-09 12:00:00+00:00,0.4949546244742654,0.0068894615971252,0.0192085412148588,0.0205407164487336,0.0617755669331216,0.0273646599891055,0.4199714166754985,0.0984742161794852,-0.0846114959351471,0.7673409832765924,-0.7161586320504211,0.2636039053101131,0.4932542362917055,-0.0236100729733688,0.0681685115154544,0.1547860113939991,0.2394439393562621,0.0618705937141938,0.1167765700197997,0.474106288166749,1.1019666041170662,0.7282894059057196,-0.5330411232822349,0.3804659839899757,68805.89
2026-02-09 16:00:00+00:00,0.4970712082350587,0.0049551311667433,0.0060571862308829,0.0089181527601716,0.0490076838085076,0.0267670870512809,0.4915276333816131,0.080584376842862,-0.2071242835424996,1.3497051716838988,0.4277762921411192,0.2547762497983918,0.4937187554764869,-0.0228203026955586,0.0552713614012922,0.1409984425282735,0.225624131562582,0.061203393923037,0.1446654873100149,0.4710628216615919,1.0002318619248949,0.8814010223901769,-0.4044224287100302,0.3820097115842963,69493.75
2026-02-09 20:00:00+00:00,0.5007190303758793,0.0048125036949287,-0.012424992988485,-0.0104274862380877,0.0272422135233496,0.0265432616414922,0.7566129692235597,0.0598610446518689,0.1576930722343532,1.3076117597561003,0.696556260796204,0.2402959954238873,0.4945320827511558,-0.0215724698507074,0.0332680559306421,0.1169114106944986,0.2005110726504353,0.0599768248251142,0.1922918531155229,0.4630815782837381,1.1529965621659113,1.046834660989212,-0.0838401064223506,0.3835457373905416,70864.81
2026-02-10 00:00:00+00:00,0.4988660410368689,0.004809339650361,-0.00116714575415,8.389241161310679e-06,0.0363536219876492,0.0263331779294103,0.5621819226092798,0.0505096567318619,0.1381720617952511,0.9081990614774772,-0.5385584314082532,0.2252040976983129,0.4942120486444352,-0.0209434477960432,0.0423158806085972,0.126301482453454,0.2113219255981882,0.0605131407040194,0.1761514612761547,0.4690236442807821,1.112583619416321,1.04923260123994,-0.0500870637281036,0.3850635851418361,70151.99
2026-02-10 04:00:00+00:00,0.4972068915982345,0.0042092165779391,0.0077863853099957,0.0090358045544494,0.0444158270016348,0.0257703326451928,0.3809974425087394,0.0506488019104613,0.1605774080020997,0.6109772410003756,-0.4816715158677347,0.2124207063847335,0.4939301526485911,-0.0203799663677974,0.0503265399794148,0.1346889416157257,0.2211106856650637,0.0608865618411719,0.1623854490677197,0.4747819598737129,1.0911299453535306,1.0172184717314057,-0.5815094661660041,0.3865634699658695,69508.0
2026-02-10 08:00:00+00:00,0.4956342087139875,0.003005591015568,0.0147566165774823,0.0171081024443613,0.0520363965235888,0.0255084690943944,0.219564270867122,0.0508336773266142,0.1987128553630345,0.602775578043202,-0.5141501717650931,0.203842642288539,0.493654092721038,-0.0199392580261947,0.0579201329658023,0.1428153976891015,0.2307064868217729,0.0612080388217957,0.1495205832190878,0.4804766589614814,1.070070458355668,1.0070170410114454,-0.5236478241770481,0.3880456044444071,68882.01
2026-02-10 12:00:00+00:00,0.4949232616970203,0.0018461513557268,0.0166200024521907,0.0202395884159622,0.0547687721903829,0.0247774159699926,0.1555489194273928,0.0518201292186937,0.2465401920556281,0.6402421611567355,-0.326104434664856,0.1976433876741608,0.4935416203396613,-0.019459613549416,0.0606092927942543,0.1457148673972859,0.2347080729997852,0.0612505853369078,0.1464428665037865,0.4842121905787004,1.0715429939943526,0.9290170209036148,-0.0809318281654192,0.3895101986434215,68573.75
2026-02-10 16:00:00+00:00,0.4972682351173618,0.00093628426403,0.0037414843547849,0.008414102821,0.0421195936903564,0.0240580143000842,0.3665507356381193,0.0509035803492056,0.445962183724221,1.9283876808469724,0.4166136237901744,0.19328195623858,0.4940146510859444,-0.0187222120551604,0.0478362580249365,0.1319260317025203,0.2207192540960545,0.0604247242933095,0.1736151467126713,0.4807846905847601,1.190141992757216,0.9052224517157206,-0.0630295744910397,0.3909842000167535,69273.17
2026-02-10 20:00:00+00:00,0.4967512927256116,0.0008641971463408,0.0066701754386859,0.0113558028729789,0.0442940353625256,0.0243148712492557,0.2584453880314264,0.0469037684563037,0.2966309838646803,1.500203445728583,-0.1826024960571503,0.187393973875993,0.4939639487684445,-0.0181335106474887,0.0499434409720591,0.1340010921527856,0.2237328260626527,0.0604852895381869,0.1716870769042024,0.4838449956346589,1.1123212143965735,0.8423182290763145,-0.5677994051196684,0.3924934602139821,69019.6
2026-02-11 00:00:00+00:00,0.496229737914629,0.0002621147188877,0.0080855915187192,0.0136138062912058,0.0462143166937145,0.0239623466182537,0.1908083777995588,0.0479953264604037,0.1966771032925334,0.8126461253984688,-0.3135189923486743,0.1823555721890177,0.4938820441571153,-0.0176581726097842,0.0518188253120821,0.1359899426241626,0.2267221102707843,0.0604734991348606,0.1698850517417375,0.4863611594978189,1.0379282655574475,0.7759586864419448,-0.5263977455288464,0.3939848591131206,68765.99
2026-02-11 04:00:00+00:00,0.4947330279684094,5.4050302398600375e-05,0.0148521188461043,0.0207526097187691,0.053006586492555,0.0234234351343365,0.0381700709453535,0.0495375939043685,0.1789428484241768,0.7036638559503384,-0.4330361614745128,0.1770545637340551,0.4936337258455301,-0.0172165721308592,0.0585824455629715,0.1431697495847284,0.2352800813751656,0.0606722092181711,0.1587042545917995,0.4908025593790288,0.968686807720636,0.770887184017199,-0.6172436470649502,0.3954586080932071,68206.01
2026-02-11 08:00:00+00:00,0.4915935545542353,-0.0016367948845312,0.0275146001775836,0.0361436932015228,0.0694996353618122,0.0241960937672551,-0.1664376981867079,0.0599187634163138,0.0839466007790781,0.9594141803301116,-0.684833217121387,0.1787869474683935,0.4930576785855725,-0.0172504926392273,0.0751633801028559,0.1614433413605875,0.2560560860948448,0.0615641442776813,0.128886395071296,0.5009810845161197,0.8685502297728074,0.8151743487685521,-0.5460558373146402,0.3970594208066046,66988.13
2026-02-11 12:00:00+00:00,0.4921230663880952,-0.0029813744682457,0.0210338882888223,0.0321239484766662,0.0661468773226534,0.0235810677315326,-0.0356338815308081,0.0702445391343278,0.0484116626640618,0.7054441321443202,0.0398942239284818,0.1831073604663755,0.4931353252531872,-0.0170289308385104,0.0718069168793036,0.1582840789485542,0.2537121069179315,0.0614257874920001,0.1365894825479648,0.5020775023575277,0.8073058763587676,0.8277768367948247,-0.4272638882385515,0.3987388568457533,67021.61
2026-02-11 16:00:00+00:00,0.4911920967849476,-0.0034335806618285,0.0260098709270109,0.0385201353409188,0.0731847957220845,0.0241177931413951,-0.0770682283977891,0.0785672493938551,-0.1034580236325859,2.481085718567518,-0.1949854945624845,0.1813434573204978,0.4929503143134497,-0.0168882810305739,0.0788788845906003,0.166259161946179,0.2633655475156002,0.0619208609633712,0.1251667477294615,0.5078191670148936,0.6826696877583194,0.9296632322557008,-0.6685404579580276,0.4004414806583388,66420.07
2026-02-11 20:00:00+00:00,0.4950064812352885,-0.0034935007220522,0.0054355302346309,0.0187081737390517,0.053115798312695,0.0247129543752555,0.1916315904640698,0.083409293173668,0.1143100389741368,1.5602688573858403,0.5471073804465165,0.1768750516577425,0.4936371535848354,-0.0163335075941601,0.0587018048429925,0.1447831735010194,0.2411090480374009,0.0608829966577468,0.1641389037475992,0.5007801705896486,0.7285941682801845,0.9711943843274244,-0.4231280235821802,0.4022058472615275,67519.62
2026-02-12 00:00:00+00:00,0.4938060214457083,-0.0026917644060675,0.0117884318179763,0.0246590937212067,0.0589915522077075,0.0249913690490528,0.1295988353083073,0.0831360583933886,-0.1648385613390365,0.938946575402922,-0.3268375763065427,0.1682838938616749,0.493434664716296,-0.0160067661575551,0.0645705797403488,0.1511783437445131,0.2489278704545574,0.061246104819257,0.1547907771463589,0.5050589120348413,0.5464167903734195,1.007829801725816,-0.4959027376200614,0.4039493335169151,67010.0
2026-02-12 04:00:00+00:00,0.495461808033736,-0.001839708666102,0.0036034448816986,0.0156990252382727,0.0493350523258153,0.024500516470441,0.2423400797216588,0.080723982438548,-0.1469291191816672,0.5564117330379525,0.4877096255455932,0.1610124815285575,0.4937476079581951,-0.0154153980174877,0.0548186233512202,0.1406183053162077,0.2383173024252294,0.0606699372090792,0.1746665068774635,0.5014529396914731,0.5028717182531031,1.001198358195563,-0.2297207500688794,0.4056721865324006,67497.31
2026-02-12 08:00:00+00:00,0.4948791802610677,-0.0015351068881389,0.0059970654999468,0.0180749189340043,0.0516482911994378,0.023997473832234,0.2189063103812712,0.0796136763134209,-0.0022869782335479,0.5398685809623892,-0.2825785514087573,0.1569609454807675,0.4936502814142384,-0.0150726891406806,0.0571130869642313,0.1431784695966995,0.2419821892542175,0.0607514726302386,0.1717686515469139,0.5036740741414766,0.6427228482239291,0.9583240621690152,0.0706892919077491,0.4073746504914911,67209.97
2026-02-12 12:00:00+00:00,0.497799816198749,-0.0006628532774146,-0.007177975803246,0.0038082813324515,0.0363534061662083,0.0229999656128781,0.4074448190366943,0.0760301248321602,0.0156914485456109,0.4960040055013559,0.5885141145872249,0.1515226124821183,0.4941668303831884,-0.0143730062873859,0.0416855848916812,0.1263885973463951,0.2245294259787926,0.059800602673938,0.2027828632831475,0.4971681234107327,0.6726849489302731,0.9371966625174076,0.3434401387335692,0.4090569666879126,68081.14
2026-02-12 16:00:00+00:00,0.4951618056234407,0.0002624220458817,0.0069475538658003,0.0167988577381186,0.0489344080150819,0.0229412062926946,0.2396618903412406,0.0715330796329112,-0.0642927661995659,1.05006462717966,-0.6513752379335018,0.1430353981084564,0.4937555878445916,-0.0139840842711179,0.0542612667624597,0.1397381986021655,0.239770844150523,0.0604103104704051,0.1805276790689567,0.5034886286325404,0.5848724632602706,0.756720835187526,0.2878034751720691,0.4107193735598036,67160.61
2026-02-12 20:00:00+00:00,0.4914789489587612,-0.0011512113735336,0.0237013617129986,0.0358806276909997,0.0693904531758435,0.0247224068012711,0.0142123771194223,0.0791810443790175,-0.6568664380215203,2.404309533843505,-0.6825230737468372,0.1454506815335455,0.4930953653487125,-0.014118418090971,0.0748384649532627,0.1623981432937511,0.2654527752196569,0.0615690154991879,0.1433663414243119,0.5144083129810825,0.3924401171357228,0.8989150713104445,-0.5475292621095256,0.4124466683126384,65705.99
2026-02-13 00:00:00+00:00,0.4931886763366453,-0.0017487657036574,0.0130723720402456,0.0263753148426348,0.0601021064025417,0.0241432473814951,0.147413811438122,0.0838424360504968,-0.2186590793659293,0.9146211259519504,0.3200609107083257,0.148501006785928,0.4933822547067363,-0.0138119619304122,0.0655100684298264,0.1526451463692664,0.2558282227252733,0.0610550801513914,0.1613862239264374,0.5112006848349083,0.5668619647543315,0.8993887651752699,-0.2685994881580016,0.4141965576016115,66117.96
2026-02-13 04:00:00+00:00,0.4947324662206618,-0.0013568166817255,0.005104441264421,0.0181328867376227,0.0515120893331488,0.0234060923056294,0.2458467368663228,0.0804107166501724,-0.2288666810283948,0.5129451900406904,0.4193386301541931,0.1486386678551562,0.4936519685083697,-0.0133675946751844,0.0568523505084448,0.1433689904012698,0.2465988590136316,0.0605594100664109,0.1785500284143042,0.5074968628909663,0.56233816662262,0.8890339337581158,-0.295038629300394,0.4159257378741586,66518.54
2026-02-13 08:00:00+00:00,0.4939124911937567,-0.0010299651903926,0.0085427128716528,0.0214146075907153,0.0547841895357235,0.02271254194122,0.1996055241270272,0.0751953685282873,-0.2884941786315866,0.5070588637627744,-0.5140813522876383,0.1480602437483376,0.4935173878887003,-0.013068026629041,0.0601151082474826,0.1469644225180684,0.2513849751270451,0.0607459847206479,0.1735626260767686,0.5092061288449139,0.4711272720465384,0.8766421545176021,-0.3131219046068785,0.4176344542105628,66175.74
2026-02-13 12:00:00+00:00,0.4971437881654615,-8.87918593003022e-05,-0.0053477703189498,0.0061616522817538,0.0384288067581732,0.0218053848657278,0.4108062419624497,0.067885369711361,-0.1850637612857031,0.599398728514135,0.8853946752514646,0.1455497665778476,0.4940678349758528,-0.0124010973741426,0.0436247368461657,0.128972862853169,0.2325093086483964,0.0597830516347274,0.2058820571722199,0.5007919629070489,0.5907233270246041,0.885023503559294,-0.2949753272864837,0.4193229487907095,67102.58
2026-02-13 16:00:00+00:00,0.502030984508579,0.0014717010212749,-0.0242705591243297,-0.0153260208063319,0.0150008012328912,0.0210369922947803,0.7689057161951804,0.0623155668612523,-0.2833159753120453,2.0052760557425784,0.5932686961497703,0.1396922435322834,0.4949491050172981,-0.011485648572553,0.019990531544167,0.102954102052964,0.2046990255188903,0.058395191231912,0.2539315922730792,0.4881643705687598,0.5281378624276767,1.011693743272648,0.334379618585068,0.4208581781896409,68567.84
2026-02-13 20:00:00+00:00,0.5027276353019811,0.0039882278283961,-0.0223355930800732,-0.017590682929288,0.0102854657180475,0.0216945154012184,0.8368421757180703,0.0622624700733712,-0.1236240902274703,1.1628375778144555,0.315538194444452,0.1379299651801257,0.495172485702128,-0.0104761088375753,0.0150963713002751,0.0966717357806596,0.1981751609376616,0.0581968346351554,0.266512909118929,0.4832552839163486,0.5522889816033754,0.8174169531353801,0.7358330635978156,0.421642296942619,68865.91
2026-02-14 00:00:00+00:00,0.5024137671974578,0.0052938848363433,-0.0170856882408442,-0.0151583026448964,0.0107558398345253,0.0209042746777286,0.822051023310063,0.062344543250444,0.0216507203681887,0.6321584233659193,-0.1508000200632087,0.1363920632746754,0.4951764934949536,-0.0095914685165511,0.0154261687950594,0.0961055592448878,0.1979068434794468,0.0582273916298858,0.2683866435917976,0.4807256907250768,0.6313357470973371,0.7674663114225276,0.7394600067684887,0.4224051946425055,68805.51
2026-02-14 04:00:00+00:00,0.5027420595884413,0.0059937530427632,-0.0151875267818512,-0.0154456287728841,0.0085501339813136,0.0198245263394632,0.8668174306844804,0.0603457198965798,-0.1249082111218815,0.2848562588698934,0.3323898206443914,0.1352455963389747,0.4952691651149129,-0.0086927111990389,0.013068875719346,0.0926201454576014,0.1944205990615504,0.0580372334553761,0.2758296812698537,0.4768035931903328,0.4826905577968409,0.7294029401012238,0.6928782231622264,0.423159063850648,68931.15
2026-02-14 08:00:00+00:00,0.5037639660218298,0.0061610768760649,-0.0166018316223728,-0.0183815226923658,0.0038267704778258,0.0186984277352992,0.931835389200686,0.0607404764487073,-0.2578987094810167,0.1928202347180953,0.4931271196159591,0.1338126820813795,0.4954501759190855,-0.0078105562696856,0.0081893255760003,0.0864372916203142,0.1879729129688458,0.0576956759811711,0.2886136404004963,0.4717169877139073,0.4442341248796798,0.6829111488325783,0.9226774536578258,0.4239040114144824,69229.95
2026-02-14 12:00:00+00:00,0.5077023587680497,0.0068412143459665,-0.0281103525909064,-0.0322850773813961,-0.0126128803553929,0.0182558884340484,1.149663974530293,0.064121895382264,-0.2373172740174784,0.4073479886657449,0.8925256247840637,0.1378700961024258,0.4961203235692216,-0.006694852189497,-0.0084884639567215,0.0672712791698517,0.1671743755424364,0.0566302935967248,0.3277567112724854,0.4606591038381029,0.6404627279656142,0.6532987331449295,0.8830776589198516,0.4243371354503063,70392.42
2026-02-14 16:00:00+00:00,0.504933782705637,0.0070607307454803,-0.0151181601755705,-0.020990357474439,-0.0031037148842779,0.0183986317542803,0.9366698009765784,0.0705437291189282,-0.1030603947182062,0.939058316820406,-0.5191303938933183,0.1428251137505823,0.4957990724283772,-0.0058013402431955,0.0008991200167491,0.076191963710261,0.1770779033480669,0.0570545276939965,0.3106924742348719,0.4613910795216022,0.7177512399228024,0.501752184252672,0.5691513587369068,0.4244251837720812,69730.03
2026-02-14 20:00:00+00:00,0.5050708759670257,0.0068196404830336,-0.0135485704759961,-0.0204892699551657,-0.0043943328769594,0.0179245526696409,0.9044616816029882,0.074427173543221,-0.4213719916709116,0.4048474200141991,0.1548895001422676,0.1465889360835238,0.4958841503068249,-0.0048784966280674,-0.0005503511692372,0.073478253534674,0.1742490020758309,0.0566235057962195,0.3171440031488173,0.4577448027362835,0.6619837250316747,0.3838267848877592,0.5089535031308137,0.4245121900884259,69828.01
2026-02-15 00:00:00+00:00,0.5046913841972295,0.0065302721484315,-0.0101602545915376,-0.0180398256369387,-0.0036736043052481,0.0173053696823391,0.852290458959022,0.0781978006088362,-0.2534024149596046,0.4447023535146912,-0.061627727327338,0.151640856878018,0.4958908274505825,-0.0039617442433476,1.7361825248141116e-05,0.072887311222993,0.1737007869902032,0.0562962217306384,0.3193320761241277,0.4554453762103217,0.7477029855432537,0.3463092492721555,0.5379846229347313,0.4245981667309245,69792.11
2026-02-15 04:00:00+00:00,0.5051639654996134,0.0056946349668404,-0.0111028223055594,-0.0190237297920045,-0.006030661715804,0.0167316724637209,0.8518530928943334,0.0792765392675989,-0.0380850172581762,0.3808747841425445,0.2181976842626242,0.1545552456504685,0.4960166592005177,-0.0031339245545311,-0.0024844849143067,0.0691269915332535,0.1697193578482596,0.05580699552889,0.3280423963367043,0.4512098843355352,0.8225017447542267,0.349359082310155,0.5620153770652687,0.4246831258852236,69959.64
2026-02-15 08:00:00+00:00,0.5080251377579814,0.0056305882185173,-0.0193063363903243,-0.0282466465101003,-0.0171751071869645,0.0166584932591889,0.9478634011125244,0.0830443014747856,-0.1107181371784785,0.5353936483438252,0.7771203341360572,0.159710707825731,0.4965114919948494,-0.0021604641758164,-0.0138309611852135,0.0556626372597961,0.154990882135275,0.054804784423972,0.3575585727745137,0.4420764053783122,0.785043279668148,0.3799759936982306,0.9116376910952104,0.4247303962577913,70785.76
2026-02-15 12:00:00+00:00,0.505648259100046,0.0054127593638763,-0.0093183071614254,-0.0190601452595036,-0.0095546492845116,0.0164219878879006,0.820313562505771,0.0877641195926117,-0.2171837433815594,0.331574090016474,-0.6402443613738477,0.1667905701522047,0.4962522254810366,-0.0012589292403445,-0.0063437293145908,0.0623681795615367,0.162308834769413,0.054844179892103,0.3444137605903605,0.4411112211214444,0.7282119276398782,0.3608143859206051,-0.0668650646316586,0.4245712378026672,70275.37
2026-02-15 16:00:00+00:00,0.5005399984794864,0.003851933952756,0.0074520451835531,-0.0010451755822198,0.0079698075585905,0.0170045737556382,0.6028647808357467,0.0889394125151379,-0.1941692697715045,0.8020697374262376,-0.7572282385026878,0.1639367013121664,0.4956043193002313,-0.0006217440628327,0.0111310331035652,0.0801203341918301,0.1818728360280619,0.0555088576377624,0.3078578931359066,0.4448524032639781,0.6984189217316707,0.3196166711091736,-0.3136540962288687,0.4244824896112273,69042.61
2026-02-15 20:00:00+00:00,0.497563703760075,0.0019198910452641,0.0159430686449764,0.0096052668012953,0.0186098796431415,0.0171071706999943,0.469699817296465,0.0890340588223981,-0.3902523390523642,0.918838882265686,-0.7227576335877834,0.1552887520107625,0.4952211488944389,-0.0001251949932202,0.021729395055875,0.090735941026123,0.1937229962668296,0.0559040173683664,0.2864439789411419,0.4457122746111078,0.6561451233236124,0.3612428462817664,-0.528074889189326,0.4245262988498023,68285.16
2026-02-16 00:00:00+00:00,0.4993415994441411,0.0005799183902235,0.0075492504872129,0.0029593797167601,0.0117773604791546,0.0168201564692332,0.5327891777951235,0.087997787430346,-0.0869880402258614,0.6483798448435887,0.4429788517751792,0.1450043020510007,0.4955031141383437,0.0003645183669771,0.0148025572902066,0.0826384094040824,0.1850803578285829,0.0554032668309473,0.3037509011203181,0.4384948992612236,0.7035235705504699,0.3724411249780127,-0.3700340560984385,0.4246552681089255,68711.0
2026-02-16 04:00:00+00:00,0.4981399957191998,-0.0004505729910645,0.0101227665828635,0.0070193865208501,0.0158011405600642,0.0165341525810888,0.454929128614385,0.0805583866207565,0.1147380293005244,0.5420340237393889,-0.3384708007224463,0.1356596883530437,0.495360401652235,0.0008277729907751,0.0187695955478537,0.0861909052535783,0.1891876531956988,0.055500563141603,0.2966199070670983,0.4353489106943767,0.7524521242924948,0.3787571370758033,-0.533208974380913,0.4247827110849155,68401.8
2026-02-16 08:00:00+00:00,0.4988128165324086,-0.0011546337247728,0.0062215597512012,0.0043542513531344,0.0130629208451533,0.016149588863254,0.4517770549413492,0.0710152176787527,0.1473306892844111,0.3933787777580801,0.2178874577076048,0.1269497510012049,0.4954701176730824,0.0012643324287996,0.0159582348983764,0.0825324267521987,0.1853955892837397,0.0552306726475669,0.3047217957655612,0.4290735514526527,0.7730616672060452,0.3541593834518028,-0.7657077336436584,0.4249086458405285,68548.63
2026-02-16 12:00:00+00:00,0.5000781686566949,-0.0013035887951,0.0013024252410454,-2.7816802382729652e-05,0.0083786324685668,0.0157004856548896,0.4853299352603054,0.0628054802623627,0.2976856988363039,0.7061096191311048,0.3921639882634677,0.1193179417169199,0.4956691066369289,0.0017387189572339,0.0111856977552997,0.0767019937204847,0.1791709432317472,0.0547821206143909,0.3178286219952468,0.422030866689258,0.836476705868315,0.3751656390744757,-0.6087260760223716,0.4250330902247565,68840.0
2026-02-16 16:00:00+00:00,0.4946039469955711,-0.0015903069062898,0.0201306771989975,0.0194577365215418,0.0278688164711675,0.0167546177015957,0.0846235167837509,0.0540925319887569,0.374618112816005,1.7714463642061558,-0.4705621207957177,0.117407082765406,0.4949731080816006,0.0022217110715063,0.0306610276143897,0.0967228362685812,0.2012654733527379,0.0555897846927703,0.2744976128797937,0.4249062763028662,0.8508640785087757,0.4336430496302949,-0.5419494182891819,0.4250437323154766,67504.46
2026-02-16 20:00:00+00:00,0.4962911554680737,-0.0023877271422609,0.011904214937416,0.0128481033177083,0.0215955401357943,0.0173227506170554,0.1177105521093661,0.0469080446097336,0.8338076621101368,0.9543958101909004,0.477329873742772,0.109707456370656,0.4952152624323368,0.0024897262906493,0.0243351288425315,0.0895279648929836,0.1936548570451659,0.0551379800536241,0.2899887456415629,0.4170449120580749,0.9204491903141316,0.4168739252077477,-0.1493280905368954,0.4251730641902971,67861.34
2026-02-17 00:00:00+00:00,0.5004371775612161,-0.0021051948612969,-0.0028194785692435,-0.0017235557054721,0.0067387648861858,0.0168576842740095,0.3959547623289453,0.0414564297571792,1.3734401033362469,0.8131665481291173,0.8287788069529013,0.1061107208427672,0.4958111652230907,0.0028588732336925,0.0093760546228811,0.072944362116875,0.1756435528797522,0.0542064348494265,0.3272619516131287,0.4039664311182637,1.0671830098000077,0.4142366638977744,0.0420234093679765,0.4253008654906191,68830.28
2026-02-17 04:00:00+00:00,0.4987722811032254,-0.0015994560130249,0.0032384686757049,0.0040148301382778,0.0121374957456756,0.0165894309241711,0.2659866987471265,0.041926891463241,1.2540843851945231,0.934269319463024,-0.4506441767816838,0.1053504906679409,0.4956238263541668,0.0033330263981514,0.0147144971049628,0.077843443741252,0.1811106185632651,0.054358439614942,0.3159175819420987,0.3984599876452591,1.0420606972976612,0.4281049506240641,0.0146643271392213,0.4254271543299863,68443.42
2026-02-17 08:00:00+00:00,0.4986550420902425,-0.0016735484320068,0.0029691976618866,0.0042138315121609,0.0123190537329311,0.0165072034334096,0.2641201250787926,0.0430612884108195,1.2202016533964293,0.609827815976438,-0.0598249859450967,0.1017519504146456,0.4956262022984525,0.0036834931480116,0.014843604009247,0.0773613334165934,0.180740287825518,0.0542446698560573,0.3168177032446058,0.3908682827896744,1.026572166467712,0.4350202414597435,-0.0543129752165149,0.4255519486075734,68394.48
2026-02-17 12:00:00+00:00,0.4961584932423986,-0.0020285583522463,0.0100760377212523,0.0122092402925297,0.0205952631134727,0.016224086171549,0.0960625049856675,0.0457035926992884,1.0983497409178096,0.6262073141295472,-0.7510201550387532,0.0962244012873704,0.4953044842607306,0.0039893731953351,0.0231020542078126,0.0856131219608276,0.1899820617261007,0.0545745117899319,0.2965093136972666,0.3858600266287573,0.9684412361465048,0.4188201672196899,-0.3692331000852639,0.4256752660107316,67792.05
2026-02-17 16:00:00+00:00,0.4945582874104094,-0.0025320673784596,0.0145864641259674,0.0178917785195575,0.0267422490399324,0.0162457447591406,0.0057637161972286,0.0497597587202742,1.5522423893009034,3.094905870711851,-0.265675172264061,0.092348868665762,0.4950965953208449,0.0042208678433326,0.0292390538190026,0.0917072052427689,0.196898053581179,0.0547254139331793,0.2803695744804979,0.378896789582214,1.04407148567037,0.4796419071701811,-0.0670283999954368,0.4258459592582935,67328.17
2026-02-17 20:00:00+00:00,0.4969986883957034,-0.002669406559309,0.0055637115765641,0.0096271443250421,0.0187602225823757,0.0167037121706208,0.1893184514072736,0.0513054321786601,1.467646980532087,2.3324911858972204,0.3219093891147631,0.0940222483324246,0.4954428799243773,0.0043884755364531,0.0212129208841502,0.0827817624121924,0.1873386340477398,0.0541628463412265,0.3007590678370003,0.3665701539510222,1.0212580504569346,0.5741752567632087,-0.0314152848174649,0.4261335996495722,67798.0
2026-02-18 00:00:00+00:00,0.4959408233064735,-0.0027024151168277,0.0083410200680389,0.0130065543927442,0.0224826248050775,0.016715260037651,0.1398904244932793,0.0525649933863679,1.2746450268115288,0.8320291824941307,-0.7064765192115664,0.0951388125971751,0.4953017846864813,0.0045976446730755,0.0249201033417132,0.0863046193120562,0.1914176885178984,0.0542262528044973,0.2901094929545624,0.3584229980486918,1.0026082516313766,0.5699379073111981,-0.5225880536744375,0.4264143029158189,67495.04
2026-02-18 04:00:00+00:00,0.496583039626186,-0.0028086819421389,0.0048328400610784,0.0102243511824657,0.0201080829532021,0.0163261753718725,0.2079257637416524,0.0540495488193182,1.4323569365282245,0.7299472819572178,0.1294731077831411,0.0995034280270791,0.4953888840297074,0.0047329940089581,0.0225247564852473,0.0834256826880663,0.1885024048944863,0.0539470409781063,0.2958128805767969,0.3485180279778949,1.0990258809120548,0.5609696605850695,-0.4532199270959957,0.4266940765540329,67588.06
2026-02-18 08:00:00+00:00,0.4988254626938045,-0.0022446539936321,-0.0027646613156288,0.0023445496170011,0.0121690106551903,0.0158890569191993,0.3658477164572056,0.0521257817237507,1.6246290867104325,0.5625620714554677,0.6710949633902894,0.1016997844391521,0.4957005310831365,0.0049376649564981,0.0145311591677739,0.0744573176469449,0.1788256334689915,0.0532651314919618,0.3185040676170893,0.3364098753895796,1.1961252939169962,0.5626072253284231,-0.1862942700835039,0.4269728762912063,68072.0
2026-02-18 12:00:00+00:00,0.4957628928775959,-0.0016598370016979,0.0077427927833804,0.012420094026232,0.0222052903249099,0.0159319322628417,0.1827881536227414,0.0514249912932362,1.5929713832992725,0.8205575039178584,-0.5039291675322539,0.0995201684636032,0.4953153057639021,0.005263233989106,0.0245471538385697,0.0844982148194655,0.1899653497704259,0.0535147637927123,0.2886837517693745,0.32989277346345,1.1906099826182177,0.5841016246192601,-0.2253779570525284,0.4272299543396116,67365.93
2026-02-18 16:00:00+00:00,0.4971437064735445,-0.0016728500222182,0.0028598818706526,0.0078867947036378,0.0178731207523601,0.0159938217265077,0.2693663410319858,0.0462908756748686,1.828152635070006,2.2202279283620934,0.1380153843386701,0.1015567686815176,0.4955090426630592,0.0054039082520198,0.0201840154653274,0.0794854112500869,0.1846576491533706,0.0530271526014006,0.3006618133914055,0.3191587667291134,1.2302219237802576,0.5530506323738451,0.1884772455495138,0.4274819013978803,67596.14
2026-02-18 20:00:00+00:00,0.4913136480390939,-0.0022798928448591,0.0222150229334607,0.028539622036823,0.0393841810197432,0.0171492346637072,-0.2330400555809352,0.0415547131223531,0.8307667099469203,2.122481833333778,-0.7908246125385913,0.101114585852568,0.4946999878049181,0.0055635063832345,0.041746723052465,0.1020852669740501,0.2097349766532112,0.0539226532801556,0.2340652023329452,0.3201151723664941,1.0851888888205483,0.5557722294318489,-0.6378019015562051,0.4277846590936635,66122.06
2026-02-19 00:00:00+00:00,0.4929402214181969,-0.0029467899251472,0.0142151276539628,0.0220124979434976,0.0337019635529329,0.0171336865299427,-0.0480605617633718,0.0436900539021453,1.5517477105016892,1.2590512700402077,0.5724423545652576,0.1053204864465885,0.4949041379716787,0.0054872183922222,0.0360725768977074,0.0960128867079175,0.2034072797712516,0.0535341744492045,0.2491262403940528,0.3126488241477452,1.2052911002752984,0.6047822117779266,-0.4131486861594628,0.4282470148767158,66394.26
2026-02-19 04:00:00+00:00,0.4956274985755515,-0.0027492643359604,0.0039077125776076,0.0119847291645351,0.02402736987183,0.0164432418249386,0.1908393529349857,0.0452910650450256,1.899146987436572,0.6243410316202611,0.823655689560061,0.1066213179298275,0.4952639334750765,0.0054865544821918,0.0263760286656999,0.0855350688015612,0.1921636758734035,0.0529283112228554,0.2785467175052682,0.3048509828287085,1.3773063283341007,0.607429214587492,-0.2441904297730242,0.4287038989230325,66946.75
2026-02-19 08:00:00+00:00,0.4966396860046977,-0.0021445153387053,0.000508424595728,0.0082164846737131,0.0203605633706127,0.0158797762993972,0.2788814741645932,0.0454440046319838,1.959636274126198,0.4811868393121611,0.2780949426000514,0.1044884081586974,0.495400630678848,0.0055892257292337,0.0226854984897098,0.0812955536443744,0.1877077257993549,0.0526252778187961,0.290100488443987,0.2987419323364608,1.4665754241877298,0.6096755448695274,-0.3592128760561569,0.4291553759877305,67126.01
2026-02-19 12:00:00+00:00,0.4936910224911086,-0.0017513897025022,0.0099395218424556,0.0175162265602697,0.0299389332952459,0.0155740983076104,0.0835790079705551,0.0460955666632346,1.9293197072448585,0.4129622390012415,-0.9382066250153642,0.101428774693089,0.4950181618889749,0.005751407413189,0.0322724074827731,0.0911091304837832,0.1986896063924461,0.0529907000695046,0.2580635491000416,0.296455837533393,1.5079793101283223,0.5870473742941588,-0.36734143478123,0.4296015100595853,66439.74
2026-02-19 16:00:00+00:00,0.493703834155726,-0.0019973428463186,0.0096500667183372,0.0179524876687124,0.0309697629626208,0.0156673651398967,0.0937172155880371,0.0487289186842307,1.572346909925744,2.056192152263996,-0.1320357427231768,0.1051320244089285,0.4949973017443402,0.0057440447228159,0.0333171355790942,0.0920829908194593,0.2000462736290404,0.0529418269711864,0.252650914979898,0.2912958565445979,1.3912942224190648,0.6004491145305414,-0.6298150405324391,0.4300659822091194,66290.5
2026-02-19 20:00:00+00:00,0.497340055039732,-0.0015362817065755,-0.0020396071961885,0.0059130017477779,0.0189522232049592,0.015752133029655,0.3453855568572219,0.0473579594532553,1.796869452231395,1.6597111335967316,0.5376893868190589,0.1082755310734791,0.4954932671365222,0.0057572977843912,0.0212637723672011,0.0790679230123698,0.1859554465654391,0.052062941244959,0.2919820949108081,0.2814840741349236,1.4322336081809366,0.5831465942493878,0.5207503014391938,0.430554997825237,67005.6
2026-02-20 00:00:00+00:00,0.4972057724219177,-0.000831774334644,-0.000910338357051,0.0062605234414501,0.019174076602294,0.0155452256755031,0.341695141880518,0.044314389902818,1.758937327079056,0.7508076055252658,-0.1575773082827703,0.1092538919979195,0.4954857936477359,0.0059108994951629,0.0214619413263419,0.07888507552123,0.1858976986825173,0.0518014368532051,0.289782338898031,0.2736077285496486,1.460939058080441,0.5445444820303018,0.3071056492376465,0.4310282175073637,66940.05
2026-02-20 04:00:00+00:00,0.4990456527782204,8.497186743026035e-05,-0.0056771209576905,0.0002106230634981,0.0126327676040012,0.0151677580653632,0.4849810966983072,0.0436213290386023,1.9646371156298343,0.6461906136851447,0.6944351530728882,0.1074101618829374,0.4957525925795342,0.0060987833766787,0.0148660078419147,0.0714006168911309,0.1777523814553552,0.0512143822737382,0.3127515806054847,0.2630366791692368,1.6151621151572857,0.5517842598979044,0.2334943295530325,0.4313817477985361,67334.51
2026-02-20 08:00:00+00:00,0.5012505953189951,0.0011278355261093,-0.010765771478482,-0.006537060898096,0.0051077831422008,0.0147592937573445,0.6723021593961724,0.0410205253302759,2.06225402321901,0.622671501356109,0.5169611959080448,0.1023752404054803,0.496075956133369,0.0063528215214478,0.0072685289296381,0.0627372452589261,0.1682401765548926,0.0506311096107765,0.3419193052760462,0.2518694950694471,1.7691122187263608,0.5689974800824124,0.2751276544179689,0.431489099963147,67816.26
2026-02-20 12:00:00+00:00,0.4987640586107278,0.0021211854926147,-0.0008378643032405,0.0016525790750649,0.0124832723391425,0.0145861346305247,0.507885637530278,0.0372997372440954,2.033379085092713,0.879797250964033,-0.4818827402714236,0.0969185761578008,0.4957951465950142,0.0067627374892089,0.0145900466999162,0.0697028540141713,0.1758440940593773,0.0508603594676708,0.3133114586651011,0.244871035494535,1.8358227102823748,0.6165052287005608,0.3114938127966778,0.4313128459890937,67313.99
2026-02-20 16:00:00+00:00,0.4998395732885132,0.0018448679102146,-0.0040571399665613,-0.001624114470576,0.0089615724766223,0.0150694317714499,0.6178267760032555,0.0345423109458301,2.130024601276324,2.268383659966479,0.1174293159291845,0.0965882238401304,0.4959921565050287,0.0069207382280119,0.0110281939477925,0.0654649213548494,0.1712492430449286,0.0505698458631462,0.3271843618104659,0.2362580853137217,1.954028494797124,0.6587704191030489,0.5005439984293557,0.4310676070950747,67510.0
2026-02-20 20:00:00+00:00,0.5005287083391466,0.0020872401515399,-0.0054293320330087,-0.0037700458174337,0.0062444896822941,0.0155144631716015,0.7045306164338565,0.0331345067498995,2.366544788359257,2.173504604768725,0.1493482028483146,0.0978611217297906,0.4961466534028211,0.0071701808114858,0.0082541147691352,0.0619141710794926,0.1673318494919951,0.0502097612942275,0.3401881784208546,0.2310756479230643,2.013368233663698,0.7378995504250719,0.3452611063219111,0.4308252704739685,67671.09
2026-02-21 00:00:00+00:00,0.5018254580346836,0.0024398919071608,-0.0084960409094438,-0.0078294421578538,0.0014419562503811,0.0152047041221722,0.8449942671815315,0.0326872249118168,2.497917583591941,0.5944295902057786,0.5073645821553862,0.0983671281936205,0.4963674609411728,0.0074453781879627,0.0033812802500217,0.0560798088527096,0.1608556036420427,0.0497127395684945,0.3635425606737573,0.2264831891752634,2.1605725320310656,0.7323543470883396,0.5420881009621797,0.4305867936621708,67984.91
2026-02-21 04:00:00+00:00,0.5001221228644834,0.00263726221737,-0.0017015965124168,-0.0018347990786011,0.0068005417821443,0.0148041846993461,0.6695152523961091,0.0333851650443059,2.45356331715854,0.3865656467447308,-0.650587366347756,0.0975971463111228,0.4961594248831283,0.0077970210297581,0.0086883792168448,0.0609445350141912,0.1661217062515088,0.0497200824190102,0.342224780830249,0.2231824459834374,2.3072842410585794,0.712797305639284,0.1498530222795785,0.4303501472143474,67614.96
2026-02-21 08:00:00+00:00,0.5010859911284928,0.002568545511339,-0.0040377206075346,-0.0046252677697414,0.0034175005028227,0.0142596151428374,0.7579643847748534,0.0337101051384408,2.391020531319228,0.1811576107524328,0.6465833507322343,0.0988036311891517,0.4963063063785284,0.0080515286333642,0.0052428942968043,0.0566374780110334,0.1613116539622276,0.0493004958640576,0.3596480074073965,0.2178622563498438,2.44585827681125,0.6741320130734625,0.0120312909944695,0.4301163013523705,67831.74
2026-02-21 12:00:00+00:00,0.502260944134424,0.002752716153101,-0.0063229852373177,-0.0077305040352778,-0.0004771886021892,0.013697299170993,0.8401334971742469,0.0352768298089122,2.341569792148089,0.2459543279504797,0.536949494949482,0.0965044535766784,0.4964869984190559,0.0083539005772199,0.0012733531899595,0.0516871168069299,0.1557375392466475,0.0488506718527937,0.3808609251999886,0.212134835544325,2.7191634461711605,0.6170979333877411,0.4286214116925115,0.429885222932783,68097.53
2026-02-21 16:00:00+00:00,0.5045514974565996,0.0029437105914731,-0.0115535245160325,-0.0138216135535792,-0.0074410959405715,0.0131963340273793,1.0042631911552755,0.0369110989100247,2.237673127098719,0.4103884887601283,0.616645745368789,0.0921090366782914,0.4968111885151012,0.0086487418628722,-0.0057752515221269,0.0434633101300732,0.1465323489494472,0.0482525599671364,0.4184246745613024,0.2060218538864762,2.758551007814332,0.4344790583601014,0.5759878506547516,0.4295520029935142,68583.86
2026-02-21 20:00:00+00:00,0.5040767522570194,0.0030843888452014,-0.0088302719115521,-0.0119079106080397,-0.006367423776995,0.0129316765954802,0.9501242804850878,0.0386458066516728,2.2397161515804704,0.5146708748545186,-0.106323358358891,0.0869508317718378,0.4967938614296812,0.0090223412808647,-0.0047753144083697,0.0436597297992771,0.14655156150129,0.0479723598253365,0.4178808306935997,0.2019752079062089,2.776279722846988,0.2426368498715174,0.758533555317045,0.4290320048887542,68523.53
2026-02-22 00:00:00+00:00,0.501060663768763,0.0028293863129212,0.0001977975473428,-0.0031255410555366,0.001834869462119,0.0127254206937582,0.7150876818426333,0.0406437391415172,2.136244591411721,0.4327395539528812,-0.7677308645050631,0.0824831621029842,0.4964613347750524,0.0094074450798616,0.0033749879990947,0.0514212387912731,0.1549012690353663,0.0479950372371181,0.3808653553159672,0.19991445225556,2.751835420304918,0.2165674563893922,-0.0138467342284484,0.4285181606871923,67968.76
2026-02-22 04:00:00+00:00,0.5012809470588103,0.0022674203942625,-0.0005333492698481,-0.0035708685189942,0.0010115256038483,0.0124201948602414,0.7147400358540495,0.0403512684164842,2.037941349445065,0.43241487602093,0.1232918959954466,0.080415137011001,0.49651525038279,0.009642131698702,0.0024987182591287,0.0498143704646534,0.1529927931775823,0.0475930796115999,0.3880151846901073,0.1959008860355697,2.727761600180586,0.214676922784013,0.363798560119051,0.4280103975606318,68020.73
2026-02-22 08:00:00+00:00,0.5010416681766205,0.0018053602469148,4.9932448760170445e-05,-0.0027328588079679,0.0015067817591611,0.0119414786927914,0.681215518367016,0.037979611567339,1.9989434426770292,0.301366434914983,-0.1279476281875533,0.0782733436676294,0.4965041375431033,0.0098785014122092,0.0029446348732236,0.0495999940420985,0.1526062772078951,0.0472234280461997,0.3884944451823042,0.1931801631253603,2.734096998731658,0.2222286099967766,0.1676190055150781,0.4275086435427591,67983.4
2026-02-22 12:00:00+00:00,0.5023681775044219,0.0014926134723299,-0.0031860089301338,-0.0058376455560376,-0.0019802048922836,0.0113769733971176,0.7543085230717061,0.0365825589987022,1.970444986330568,0.1983104392030967,0.6762032696925168,0.0754170980772531,0.4966686660583921,0.0100776467803648,-0.0005984769341123,0.0451995620145906,0.1476060875443272,0.0466596874546365,0.4102393275221127,0.188023933492179,2.786135753963785,0.2147938560462994,0.1353463234562774,0.4270128275189442,68219.99
2026-02-22 16:00:00+00:00,0.4991073734227421,0.000841325947007,0.0042515162595448,0.0022874865748345,0.0061013525453095,0.0113492902767519,0.5139416607622135,0.0359533645380653,1.8718611855606455,0.7852847003899613,-0.6026207429012582,0.0761663222047623,0.4963289983818785,0.0103126648648601,0.0074591083530557,0.0530486220419443,0.1561008805175485,0.0466888216853602,0.3691790964136662,0.1838701375493757,2.739403789820403,0.2376169712605061,-0.6817371839241256,0.4266014249983408,67658.02
2026-02-22 20:00:00+00:00,0.497640691302962,9.094150391475574e-05,0.0066907845449777,0.0057139759276723,0.0096767571773772,0.0113140477989366,0.3897847537600044,0.0347513453187527,1.8535183020546395,0.4363990226349244,-0.461327367114703,0.0817344491824512,0.4961747562707038,0.0104388423790268,0.0110168277813076,0.0562841097215569,0.1595662549173762,0.0465711200997501,0.349781465138573,0.1775264176195463,2.7390945446287684,0.222746988669046,-0.7763610118229274,0.4263139181033769,67394.08
2026-02-23 00:00:00+00:00,0.4991447254606139,-0.0003147322829761,0.0022315106036423,0.0018872013700586,0.0058934224916031,0.0109163453419547,0.4554739598411844,0.0290254931696142,1.755912006494036,0.5608256588624008,0.5814636294683394,0.0856807295721799,0.4963485496230834,0.0104983240615798,0.0072035759210806,0.0518034163721305,0.1545449309152302,0.0460824836458339,0.3716922084412847,0.1699206647109392,2.693148678820327,0.2262819563742678,-0.33700466358166,0.4260521314348289,67626.41
2026-02-23 04:00:00+00:00,0.4847299461473732,-0.0028889021329035,0.0362626994362069,0.0398403882945452,0.0456503698860808,0.0132767258683831,-0.4852613066246278,0.0421820972940083,1.7531731069122047,3.455419352307098,-0.7948442695054492,0.1048639382581616,0.4946582302174165,0.0105837493106377,0.0470754774709054,0.0936013052292126,0.2006347909182138,0.0479658024268879,0.1346995959021618,0.1698802543325517,2.620932287808816,0.4575177449021668,-0.7735733724944145,0.4263796679659557,64960.87
2026-02-23 08:00:00+00:00,0.4913678877980779,-0.0043692183044416,0.0146765681715135,0.021178721045624,0.0284471479549999,0.0138353758972852,0.0221415194629595,0.0517727071722827,2.2030717370244224,1.0590622631883566,0.7369802376270181,0.1257941673760897,0.4953556758566527,0.0100682369807839,0.0299142384911716,0.0758792993050652,0.1814083851509325,0.0473972750987735,0.2218654554378452,0.1600364220915933,2.7336194356043766,0.5191515312403665,-0.521141657091989,0.4269565515147782,65946.51
2026-02-23 12:00:00+00:00,0.4933999346907653,-0.0042122600701896,0.0084127713897401,0.0156184774181105,0.0235465628119049,0.0140834362627741,0.1374408580293527,0.0551933016896864,2.2411520293303027,0.9268600425246472,0.242828078304643,0.1345745778538675,0.49556395545997,0.0098832325227902,0.0250294070139465,0.0706688236740411,0.1757699801058312,0.0473640830493831,0.2419528006489551,0.1512471408046161,2.815484660405458,0.5804044546779286,-0.5105513087497229,0.427526607951186,66195.96
2026-02-23 16:00:00+00:00,0.491054422520889,-0.003981823176695,0.0149960659091794,0.0227370836570988,0.0313276376546882,0.014162348212954,0.0302948885240753,0.0587667994449362,2.106104858159579,2.451434536417385,-0.5571011625031027,0.1409259059572718,0.4952486321102449,0.0098331588779856,0.0328416367471626,0.0787045947551468,0.184667889536749,0.0478524489525644,0.1782277419634017,0.1442911179390808,2.775803997225742,0.7223444995645965,-0.5897765332134205,0.4280899180704521,65632.87
2026-02-23 20:00:00+00:00,0.4853450178463507,-0.0050248855651864,0.0308318266495761,0.0410219633900259,0.0512722081147893,0.0153590215314977,-0.1775885572690874,0.0690551212694031,1.7464126629033314,2.92813214390129,-0.8239804639804642,0.154615350629043,0.4944324568558375,0.0096460851440017,0.0528872111923701,0.0999139418739643,0.2082244646206381,0.0489262887421545,0.0329015849716073,0.1435213152074788,2.6493575017561337,0.9621313018871344,-0.852478361334159,0.4286706342809012,64282.38
2026-02-24 00:00:00+00:00,0.4887147466112603,-0.0055136150871096,0.0184399389086578,0.0304132658740554,0.0420444327707281,0.0156551130655924,0.0180149428720949,0.0776496851119427,1.8906554098560029,1.61519015699016,0.3989938688885417,0.1708555017916841,0.4947900027675393,0.0091633996621085,0.0437211816440592,0.0906645621122368,0.1983560113084612,0.0487097399844341,0.0801388957118406,0.1382993892704036,2.6985826779229884,1.0760998533902344,-0.7603350837182598,0.4293373579495833,64739.23
2026-02-24 04:00:00+00:00,0.4843524406187338,-0.0060575239599607,0.0319268318217067,0.0458944196941382,0.0592407870376383,0.0163098443944177,-0.1117428366500329,0.0881583903844405,1.827368951294145,1.5435522380900508,-0.5875989271763974,0.1891234528038527,0.4941005099866404,0.0088817018313069,0.0610282731569753,0.1091481962168332,0.2189927639988547,0.0496174462510601,-0.0582583356647342,0.1360886658304856,2.6647177362826127,0.940869983346722,-0.4281612010482242,0.4300606968916017,63572.43
2026-02-24 08:00:00+00:00,0.4837466950869956,-0.0071875202561556,0.0315169658717959,0.0484922814597981,0.0641207102229159,0.0171190004367182,-0.0634311788828204,0.1023986791669788,1.8311213476861323,1.5018054910383296,-0.4807088234656987,0.2107295482885299,0.4938848019347993,0.0082763099639139,0.0660435265773879,0.1151379508215209,0.2260800929511082,0.0500943045500778,-0.1184306401780266,0.1322862481663472,2.6834968840794526,0.992007454063394,-0.7183379821495696,0.430995454668361,63127.6
2026-02-24 12:00:00+00:00,0.4849467140761117,-0.0073498574153295,0.0246176640240247,0.0433090904483781,0.0607448255837483,0.0166232438498212,0.025832694438957,0.1119498634667726,1.7145465504337574,0.7726537251430776,0.1072879283827021,0.2312221459081725,0.4939711533816632,0.0076697757194744,0.062774984459452,0.1123872751093557,0.223532428265393,0.0501848994497464,-0.1213413064598062,0.1274277096540956,2.5875651550024634,0.9877205466368836,-0.784935752886494,0.431941945731809,63182.0
2026-02-24 16:00:00+00:00,0.490208548356115,-0.0068054937574767,0.006994986744681,0.026262051727911,0.0449502905141641,0.016225430123341,0.1928042119743895,0.117689587675555,1.9084472283902705,2.506905631012588,0.5385796951760488,0.2491115815765642,0.4945914301504036,0.0070435307241133,0.0470496883242677,0.0965158563664732,0.2065199180878498,0.0496478644563091,-0.0237540506879552,0.1219542656793633,2.6808212904754614,1.0297017483593038,-0.5416780395368029,0.4328994637614008,63995.47
2026-02-24 20:00:00+00:00,0.4930650485791774,-0.004906202116076,-0.0007808825336361,0.0168992633662921,0.0358569034864553,0.0167200617059707,0.2801936769922097,0.1171031426259447,1.8989718039601664,1.881925725640741,0.4441535359712576,0.2545177393786462,0.4949585755645855,0.0067437470616878,0.0379808922147471,0.0871963654070633,0.1965196971729619,0.0492080398431154,0.0386554627565178,0.1193778679346773,2.68043216406965,0.9580878867419714,0.0902704259401236,0.4338591450869735,64458.4
2026-02-25 00:00:00+00:00,0.4917211693877371,-0.0034943335254655,0.0044849780361686,0.0210399449282536,0.0404598830196589,0.0166082834151008,0.2535011164656623,0.1163754658627036,1.7153568747166452,0.9032678543613052,-0.4997035221567842,0.2578583063354209,0.4947467553749237,0.0065468165686692,0.0426337164754371,0.0922374177467419,0.202319079479978,0.0493703488661959,-0.0081019031735016,0.1185212749229313,2.555605020250477,0.9049796455777436,-0.2004230328767454,0.4348074690904224,64076.0
2026-02-25 04:00:00+00:00,0.4980744560973428,-0.0008680863343374,-0.012255591565688,0.0007678527068408,0.0190936430732862,0.0171912066857304,0.4451432217995132,0.109190618160899,1.398264638262767,1.5477207105667297,0.5393453067547287,0.2483078152491129,0.4956725691131708,0.0064734443298685,0.0212036719294999,0.0695152365940399,0.1773463641725394,0.0484306331298787,0.1647267462183591,0.1143896491216004,2.410250806399569,0.9540098178536136,0.4757228630324404,0.4349371538995623,65369.19
2026-02-25 08:00:00+00:00,0.496731406695246,0.0006061835540322,-0.0054590071063288,0.0054839479095898,0.023392994390085,0.0176941687747213,0.4163083209355219,0.10409551938226,1.3253787190914912,0.5691461331431324,-0.368665804264426,0.2357003892626848,0.4954933896512705,0.0065224972560843,0.0255007448496138,0.0737999955862087,0.1821247186491494,0.0487883757423647,0.1261327597707914,0.1147610573899587,2.3834578337757817,0.8925438824416432,0.5056852611886014,0.4347157749653461,65038.61
2026-02-25 12:00:00+00:00,0.4984807470958241,0.0019078416464728,-0.0087798750979433,-6.67555369295858e-05,0.017045890551806,0.0173122315823337,0.4881769188930545,0.0979737788005606,1.2845137967084843,0.531251132344729,0.4908870814178058,0.2238072728371344,0.4957642189030512,0.0065649933934038,0.0191166384333421,0.0668037980480558,0.1744336810805855,0.0486287841960774,0.1788972961369195,0.113441566042545,2.373695162277777,0.8941141720139,0.5867872254284783,0.4344970159340069,65399.52
2026-02-25 16:00:00+00:00,0.5079360411185355,0.0038211796628258,-0.035053669195545,-0.0300177498145954,-0.0148892487792832,0.0170754175062826,0.8492824171084249,0.0898828026093314,1.4178488068283606,2.0689888127330445,0.9264360359096588,0.2125194996195154,0.4972277801379702,0.0066607228075631,-0.0129527505392407,0.0325805793526801,0.1365951346148255,0.0472097230900398,0.4674679195410446,0.1097209594143674,2.5765662983162443,0.9274265376836156,0.9041933844329304,0.4339937826385941,67516.01
2026-02-25 20:00:00+00:00,0.5136313209948039,0.0071548411991844,-0.0466196399984348,-0.0477088051724294,-0.0358784300430229,0.0181473812770412,1.0776334684160331,0.0914027758632916,2.407203634724956,3.048643569539633,0.7209903181445657,0.2143820582354415,0.4982932072619984,0.0072580109914604,-0.0341431930782114,0.0090608991870206,0.1101949650329296,0.0464696057398716,0.675658888177883,0.1071495272873633,2.822690052269383,1.2020899832664038,0.8055422788025103,0.4320834283930794,69073.13
2026-02-26 00:00:00+00:00,0.507428575852971,0.0091792339607702,-0.021862794367721,-0.0274498734392083,-0.018138451649956,0.0189273192959954,0.8648812513057407,0.0982405515173707,2.1701930159251948,1.2113543636258672,-0.4739062783001007,0.2187214131015538,0.4975568719267217,0.0081111411150938,-0.0165278151465225,0.0261084336270882,0.1284172552845071,0.0477457006029738,0.5134631672786054,0.1070439840306241,2.7260305178325464,1.3229379121531677,0.6291875076746754,0.4296520840932206,67911.25
2026-02-26 04:00:00+00:00,0.5081327161818572,0.0094085710981678,-0.021275864086378,-0.0291825477049124,-0.0219254055528226,0.0192941755515837,0.895171553392305,0.1009026165590748,1.9844445541326048,0.6525187859635602,0.3298740029822931,0.2173324425916767,0.4977989641718139,0.0086413777595169,-0.020445245333298,0.0208862539607761,0.122226198398623,0.0479042859108372,0.5543475480120427,0.1041835416858689,2.6258015163627277,1.2747846300295622,0.5405992274767715,0.4271399502632756,68236.12
2026-02-26 08:00:00+00:00,0.506153797531812,0.0092867927599523,-0.0117881699348966,-0.021467375507549,-0.0160461051489241,0.0190264378224928,0.8279532335702275,0.1048401776617442,1.7895263134194317,0.3835433705160231,-0.3307128990716334,0.2165824335122761,0.4975921559322687,0.0092434545578179,-0.0146794759972749,0.0257536502841364,0.1271080586509081,0.0484886658240153,0.5021879336622012,0.1036438140226867,2.422557109882238,1.3018493257079695,0.5660181566978768,0.4246575462117096,67892.0
2026-02-26 12:00:00+00:00,0.506728807550691,0.0086341666956288,-0.0118444324772168,-0.0224575501879716,-0.0186407957752084,0.0185777214621438,0.8285399243614017,0.1089963189840197,1.6997307906437675,0.393069013422227,0.2528249189834532,0.2144373438915126,0.4977676993068116,0.0097122318955003,-0.0173888537215161,0.0218604473960768,0.1223773538061179,0.048587235206489,0.5328086585627074,0.1024118856159049,2.375136788211307,1.3369856521056278,0.5777567950934557,0.4222045201022804,68129.16
2026-02-26 16:00:00+00:00,0.5032970807739237,0.0073948272444884,-0.0003604679464221,-0.0108752203005998,-0.0081043415013429,0.0184824817861217,0.712641002730241,0.1132882576001817,1.4837305659932791,1.2402894020877535,-0.4432086941224756,0.2099997662427785,0.4973530314168618,0.0101929192803788,-0.0069264548982028,0.0318277547689838,0.1329329680442608,0.0491667772529263,0.4335845787608787,0.1032956659158087,2.1440026946977238,1.298926091386395,0.0079060367228357,0.4197843862844759,67443.75
2026-02-26 20:00:00+00:00,0.5038597263858156,0.0055309161252481,-0.0039840643819778,-0.0131221932939179,-0.0108007071522717,0.018773946040526,0.7285543469043869,0.1142205677066122,1.0593574021308032,1.3564140065875698,0.1573761421031653,0.1986937840733923,0.4975235627574331,0.0103732307434339,-0.0096789229272127,0.0283113626731787,0.1287902337701603,0.0490513772278486,0.4644443462596489,0.1024778334312568,1.9736118492646904,1.0555886997629216,-0.4027501506075484,0.4175282326494889,67637.43
2026-02-27 00:00:00+00:00,0.5029524248229614,0.0044129101977409,-0.0009343793438831,-0.0094771685301386,-0.0078154350821473,0.0186580349607022,0.6930397287533974,0.116413101674306,1.2360629512727772,0.571229301065524,-0.2542868442611319,0.1886829990217933,0.4974271140384156,0.0106750039565411,-0.0067566557955303,0.030576842395386,0.1309312808582481,0.0491111310156641,0.4415590897013089,0.1017135221130141,2.0760080325759938,0.9604475862916084,-0.219735073585976,0.4152911554978714,67457.4
2026-02-27 04:00:00+00:00,0.5035881966530872,0.0032161828551237,-0.0039820086319752,-0.0115548013609266,-0.0103185070032406,0.0180827021127006,0.7011521383539799,0.1163522339206999,1.306733553632999,0.476468015576539,0.2144566555914474,0.1778686267748749,0.4975766070000346,0.0108544359058573,-0.0093159086518811,0.0272435192905085,0.1269601467039049,0.0488114237964655,0.4718829082014811,0.1006154745049454,2.191576393069411,0.9393524236087074,-0.2343677354455309,0.4130805529739761,67642.0
2026-02-27 08:00:00+00:00,0.5035138733231157,0.0027395725330045,-0.003395709274349,-0.010863712175441,-0.0103506570460364,0.0179990155576948,0.6852078827244301,0.1163542510546311,1.0900788498353726,0.5614293595366046,0.0421002775987048,0.1717857391989184,0.497618848680342,0.011141382911931,-0.0094187690304561,0.0263231507992058,0.1255611772980456,0.0486025214737274,0.4796365529997519,0.0996363832597783,2.010703798076558,0.985369141804618,-0.0957250326591284,0.4108961117645522,67676.0
2026-02-27 12:00:00+00:00,0.4966538137633767,0.0016912669691157,0.0199792595990448,0.013451349262477,0.0137364939896067,0.0183802538228881,0.4628291257201096,0.1169733210226157,0.7698089285238064,0.850306551734393,-0.7276631402534824,0.1639816271109674,0.496594327633939,0.0115768769762877,0.014645108417242,0.0506128068906071,0.1518802070751865,0.0495707273974491,0.2440209199089574,0.1021303002579272,1.7408917192716074,1.088899465538794,-0.8319921928502985,0.408761381170381,66078.19
2026-02-27 16:00:00+00:00,0.4968152700778479,-0.0003428139994083,0.0164881357055748,0.0127729132344407,0.0137699646157312,0.0188604665025338,0.4344517500406755,0.1084783322020198,0.7241856286078775,1.342775224360492,-0.0551558069618088,0.1583725565624784,0.4966212547940873,0.0114781565293388,0.0146868114357121,0.0504223188904455,0.1515419103806945,0.0494688174878619,0.2424185590560544,0.10245941563298,1.7144015977616196,1.1166859174561932,-0.5361191843477036,0.4069219131169134,66039.48
2026-02-27 20:00:00+00:00,0.4946467560732934,-0.002243522808075,0.0211839955304489,0.020447989419263,0.0224872805730314,0.0188601515806801,0.3169830821278287,0.1004761815154573,0.7587574160319495,0.9123735323918564,-0.6087683447891504,0.1560075675862821,0.4962559798883129,0.0113750542129504,0.0234410810266125,0.0594123861979296,0.1613423734776538,0.0498799840305617,0.1571519099666332,0.1038666494441411,1.7306712172091472,1.0106521573662086,-0.7112468056144098,0.4052670138607934,65422.01
2026-02-28 00:00:00+00:00,0.4966021958678685,-0.0031956279138124,0.0111864139235899,0.0124545736672876,0.0152878286584821,0.018272387478454,0.3454469375619823,0.0892078014686063,0.693628449507524,0.5774209163070193,0.4120239844339373,0.1549281195967834,0.496561826048947,0.0111315142415883,0.0162559276545006,0.0518532719284816,0.152976773516053,0.0495496845125528,0.2235253724730006,0.1034743505009592,1.705171083688851,1.0032098934283136,-0.4939820742637639,0.4037087731695798,65837.04
2026-02-28 04:00:00+00:00,0.4965047816847782,-0.0034066214064002,0.0098107084712377,0.0121087322277744,0.0154430963706839,0.0178859214753019,0.3107332985558276,0.0832361123768562,0.7090316232276562,0.2723775239883592,-0.1584672516349531,0.152797694146886,0.4965492173385579,0.011035996077486,0.016418442197438,0.0518023801171418,0.1527926547915425,0.0495885381501372,0.2210833995273605,0.103697080210697,1.74426994936768,0.9527774849693186,-0.5652856533138215,0.4022061897301288,65789.75
2026-02-28 08:00:00+00:00,0.4884734055147211,-0.0047274294976354,0.0372737728193774,0.0421982449702202,0.0469096303507989,0.0187178013253436,-0.0886739306766228,0.083165076017533,0.6480100049851736,0.990554258213942,-0.731248238538459,0.1573006709268029,0.4952465191383869,0.0110639590515628,0.0479665005191836,0.0845593571656995,0.1887214943515096,0.0513018233991091,-0.0690209304564899,0.1079815171326412,1.6841049745663204,1.027985293410946,-0.7659087990223732,0.4009497865981953,63740.01
2026-02-28 12:00:00+00:00,0.4899869250727116,-0.0063101683130672,0.0272390114083398,0.0356167119718824,0.0422557158071574,0.0195563016825462,0.0017615168502162,0.09010094024206,0.7759878142038201,0.597713438377456,0.1851745545775343,0.1697221842440376,0.4954155165245669,0.0104925699780013,0.0434022285093687,0.0802887608508031,0.1842367743228443,0.0513659476663704,-0.0299135075644891,0.1089223959628993,1.7411154732073626,0.9655492593404718,-0.6481884188203177,0.4001202665720685,63914.2
2026-02-28 16:00:00+00:00,0.494410891164557,-0.0061862989854421,0.0093313516861994,0.0188802382208153,0.0265810679947979,0.0193412155302233,0.175070084633611,0.0921130292548856,0.841150925113174,0.8257155023806074,0.5808971051877342,0.1763063745771918,0.4960706481031088,0.0099936989014816,0.0277674369500489,0.0642969347556117,0.1667844260320112,0.0506655462499108,0.1049489058611425,0.1070852023635698,1.790322227015302,0.8440056588441427,-0.3981069614964317,0.3993005634777647,64805.97
2026-02-28 20:00:00+00:00,0.5006357808304415,-0.0046062658094054,-0.0129038980752521,-0.0044650973834645,0.0032479012970074,0.0192462491993222,0.4202621372533333,0.0902649998410683,0.8976367345217269,0.8338265855928669,0.7353572308016996,0.1755635893231899,0.4970862561637145,0.0096703126123731,0.0044140608697331,0.0399475666847348,0.1399966557905529,0.0495144206385773,0.320729639332285,0.1037259498338858,1.8175302416090584,0.8092265730478742,0.2323104089321258,0.3984321347306558,66269.25
2026-03-01 00:00:00+00:00,0.503286128834267,-0.0018789272290975,-0.0192039934687248,-0.0139893020276868,-0.0073514491916565,0.0198552875375411,0.5372082947566063,0.0889394343053628,0.893681465797028,0.9936303865606692,0.4598996693940583,0.1654093426160576,0.497603056642326,0.0097880624226828,-0.0062561905862404,0.0282461818226029,0.12683685114908,0.0491617561509659,0.4296602930705924,0.1009121581556228,1.8148215689949376,0.8808025598326747,0.243364016912874,0.3968418376390799,66991.99
2026-03-01 04:00:00+00:00,0.5051844933889152,0.0003550323584378,-0.023065624723905,-0.0208791480927037,-0.015470506759343,0.0202073382782613,0.6523479058136931,0.0848042629657462,0.9938149147155736,0.97867109569887,0.2705549917603147,0.1563809812352148,0.4980208210318453,0.00998929906985,-0.0144555903992954,0.0190069743808722,0.1163208513652913,0.0490301985093777,0.5200071065752672,0.0987406172726393,1.8601634319615037,0.9982624834797744,0.3444135587985477,0.3948996791752279,67573.95
2026-03-01 08:00:00+00:00,0.5033481264440773,0.0016599715025468,-0.0134338743403991,-0.0133271451703137,-0.0088922886235996,0.0204649030002478,0.597787787050086,0.0807067272037182,0.6890306382590604,0.5218380649833323,-0.5000773303194278,0.1478639020442063,0.4977635111792744,0.0103094339958353,-0.0079365798727635,0.0250210118138509,0.122520338767871,0.0496520936273254,0.4606148367118157,0.097626672889982,1.7242523251936337,0.8898205832519244,0.7054563122854904,0.3928576562016123,67152.02
2026-03-01 12:00:00+00:00,0.500508683688401,0.0018342817946,-0.0019628804220755,-0.002474745199216,0.0015377597161692,0.0203484880097218,0.4833255249812852,0.0785727919475668,0.5808770957482875,0.4804036272559818,-0.640488011960343,0.1396190297040332,0.4973318102224441,0.0105372859325111,0.0024648146818107,0.0352369413494015,0.1334029590151846,0.0504013517703427,0.3571730386851749,0.0979792456392025,1.652725131244381,0.8497681619167409,0.5818971832533618,0.3908397994924391,66456.02
2026-03-01 16:00:00+00:00,0.5018459781188231,0.0020089164995102,-0.0061781319689891,-0.0073382562634097,-0.0038508599109078,0.0198966485301381,0.5724938304381726,0.0743042242198631,0.5907015326169774,0.8286161426115417,0.3006738179460363,0.1318527449499179,0.4976052846841072,0.0106112565264497,-0.0029699726390222,0.0290741543548684,0.1263348310793619,0.0502507482555732,0.4160457334200349,0.0971139467058147,1.6831305815428967,0.8212484440856551,0.572315744359577,0.3888458230527188,66822.37
2026-03-01 20:00:00+00:00,0.4985014594435164,0.0015420399456925,0.0062894700309776,0.0054183910424174,0.0088361013535318,0.0203167240566308,0.4161488214960086,0.0711882793394725,0.6712445870785532,0.9922273055843692,-0.6100815737930667,0.124150782970016,0.4970810723823062,0.0107776937496423,0.0097071271744437,0.0417522231213502,0.1399509132796157,0.0508344136271774,0.2876651429737866,0.0973554213613604,1.7036352462954174,0.8198343534458012,-0.1210209105571432,0.3868754442720648,65972.02
2026-03-02 00:00:00+00:00,0.4979595736506328,0.0004251195016511,0.006969565141919,0.0074929283269611,0.0113732274147113,0.0206052510945647,0.3931842019717994,0.0689028275666439,0.7391901285237642,1.2739910137712782,-0.1375637746471261,0.1210309633585708,0.4969972633903549,0.0106798840518092,0.0122574020956804,0.0442188403105663,0.1425021723170783,0.0509447004728977,0.2596114568639561,0.0965264971848801,1.7192743978660416,0.8342022055854562,-0.3835168347108968,0.3851504873671756,65768.72
2026-03-02 04:00:00+00:00,0.5018531741578903,0.0006431478866521,-0.0078636690868554,-0.0077653178002228,-0.0042372533717393,0.0207196638028494,0.6299372059714545,0.0667733267788721,1.1668707247908785,0.9778673564450012,0.7770723264022716,0.1154582705748808,0.4977061394685906,0.0105816987240768,-0.0033952083001961,0.0276196775043999,0.1240520645120157,0.05010642005016,0.4254426232424147,0.093932732072989,1.8236670597446556,0.8152161607773752,-0.2972401185051189,0.3834807163516961,66796.81
2026-03-02 08:00:00+00:00,0.4985064480037937,0.0006892343464403,0.0056387886089781,0.0055163809844833,0.008839122729461,0.0208167858631315,0.4453639162394309,0.0655651428306521,0.9822611351222076,0.733406795617084,-0.5940326053521962,0.1102686609884325,0.4971654062313828,0.0107792581172497,0.0096650105236153,0.0406378825152138,0.1379972849502042,0.0506059832832123,0.2894981594741774,0.0945678294142704,1.7440867436291694,0.843542759128011,-0.5193899578460643,0.3818307061951502,65927.77
2026-03-02 12:00:00+00:00,0.5001832558769496,0.0004908566724055,-0.0011590916157141,-0.0011192876522366,0.0021209465900873,0.020603193010553,0.5589921194944545,0.0633095515512606,1.2026496231303434,0.688842396820717,0.3940119981201039,0.1082882324558651,0.4974792412911705,0.0107135167526254,0.0029248970383226,0.0333253824903185,0.1297414164121448,0.0501028236313337,0.3616996674915291,0.093622746457467,1.8277456118970496,0.8752065829072011,-0.0418012306227944,0.3802002230381973,66357.65
2026-03-02 16:00:00+00:00,0.5101290082343484,0.0009401092625216,-0.0395739935509891,-0.0402723291396823,-0.0375907360586138,0.0201689821736155,1.2396973925877997,0.0596173915729474,1.891648384092688,3.635777060412481,0.6258900783200516,0.1080366038632032,0.4993083928751878,0.0103902690018207,-0.0368542642949947,-0.0081572952131725,0.08406432810765,0.0480073267739345,0.806597186522079,0.0898264187295271,1.9250830569033808,1.3175281366885223,0.4927726959389237,0.378359402599609,69102.72
2026-03-02 20:00:00+00:00,0.5085947438490904,0.0036369092834222,-0.0292037992813175,-0.0342374995419172,-0.0337953554199511,0.0226765933737934,1.0782523000590478,0.0699272766467288,0.9901313512671736,2.9589587247646234,-0.1054091000382314,0.1123476136682036,0.4992146801997769,0.0110308986952343,-0.0331946814461602,-0.0056685531499474,0.0860711255821486,0.0484192215612422,0.7807629797699408,0.0899640681347371,1.821409207986344,1.7072292061670646,0.5796447906006582,0.3752453939573523,68940.01
2026-03-03 00:00:00+00:00,0.5075685823791725,0.0051924779709536,-0.020927657584661,-0.0290994349508642,-0.0306435873519889,0.0222350944063894,0.9559612339761094,0.0799955608165439,0.9377247869421486,1.409757794487379,-0.1246691564929001,0.1167057091765394,0.4991447295621649,0.0116237084688752,-0.0301712605786775,-0.003796578520734,0.087404519263172,0.0487984623774165,0.7601578010720018,0.0903819090880985,1.7135163590636078,1.76373319477913,0.6256113409119779,0.3721369345206319,68820.84
2026-03-03 04:00:00+00:00,0.5056980011052928,0.0053502348919598,-0.0114445890011904,-0.0209609377947108,-0.0238602855043019,0.0218563992124519,0.8351295615130669,0.0851878577511444,0.973409332850488,0.5709603254050026,-0.3840997736793947,0.1187508981398642,0.4988975492115494,0.0121128944616715,-0.0234847640736807,0.00204030713589,0.0931460892513846,0.0493458502241655,0.696454282246187,0.0908246444683306,1.678542012462788,1.70990796025107,0.3331290405893481,0.3690652620612026,68422.02
2026-03-03 08:00:00+00:00,0.5044791805178427,0.0045823235918913,-0.0061275457652628,-0.0155886145825625,-0.0192509656002821,0.0213746221642247,0.7622964696768413,0.0872738342212479,0.6324417244497195,0.7200384365490193,-0.3451804123711348,0.1170207931472733,0.4987369588612391,0.0124304965494957,-0.0189438353073398,0.0058795939883256,0.0967929247201908,0.0498006491392158,0.652258447019535,0.0912718655047058,1.4478340007242148,1.7257324811033057,0.4558830160988149,0.3660299412245974,68154.16
2026-03-03 12:00:00+00:00,0.5005131259448313,0.002637464718413,0.0074945939304991,-2.913474697718854e-06,-0.0034939721168903,0.0219753760706955,0.5728891124734212,0.0884795213782991,0.2885742832697058,0.8988508144227334,-0.5427546737886294,0.1123092294236787,0.4980678506893582,0.0126323422733207,-0.0031994505296651,0.0215846766296992,0.1135490251663053,0.0508582539643453,0.4797490751102806,0.0927481577068974,1.265468566488808,1.783617301152561,0.1485379062111833,0.3630305418085408,67082.32
2026-03-03 16:00:00+00:00,0.5027845783879026,0.001327585480768,-0.0035850317366643,-0.009571515599958,-0.012916876886199,0.0219554542108924,0.6714674504034471,0.0836913044010165,0.1529170875194019,1.401841007465482,0.3587820484435208,0.1091347745488455,0.4985210167959455,0.0125356855620526,-0.0126470161271734,0.0114369966763669,0.1021022850630224,0.0505639114880953,0.5843603993729924,0.0918274916699838,1.1266543636145474,1.4874543233532018,-0.3431540593503654,0.3600915898245591,67733.34
2026-03-03 20:00:00+00:00,0.5045616361733459,0.0017388956985526,-0.010384679794602,-0.0171940892227289,-0.0213523758490357,0.0228495480833219,0.7703228951879552,0.0750713035234958,0.4322510225505283,2.0481199859973303,0.4249116022831053,0.1022722893568368,0.4989567563374808,0.0126995228463492,-0.0211579071746423,0.0018729013258371,0.0911053717798888,0.050107075728925,0.6854113193143705,0.091111782277077,1.1574810902437649,1.3600942893901231,-0.1646080294171893,0.3572452926867643,68377.76
2026-03-04 00:00:00+00:00,0.5038302251319987,0.0017673728867622,-0.00669345444711,-0.0138838427494475,-0.0187064362691841,0.0225079526764203,0.728656329274291,0.068190566962298,-0.1020606539288924,0.7586793799616893,-0.12551738810877,0.0956163963534163,0.498888082599021,0.0129604962348371,-0.0185757756292501,0.0037268500843161,0.0925646547436649,0.0501860536826767,0.6632977933114477,0.091439836489678,1.0668131599595403,1.2507144115279565,-0.1837826739724634,0.3544326799737788,68247.97
2026-03-04 04:00:00+00:00,0.5018972435346525,0.001486527668304,0.0015175202218165,-0.0056285960376116,-0.0109420008294259,0.0222321869249383,0.5992668680939087,0.0650363490542503,-0.1544273444234206,0.8067434218101688,-0.3184482331948387,0.0898702590985343,0.4985929157471211,0.0132396794695477,-0.0108648102173013,0.0108886782326498,0.0998199933230115,0.050464700080953,0.5838871246201947,0.0922282357072039,1.0579345425854685,1.3164569541621125,-0.2316702016513702,0.3516533530482099,67759.01
2026-03-04 08:00:00+00:00,0.5080786339355691,0.0012508468213289,-0.0242603720895107,-0.0311546764880499,-0.0367359691451325,0.0215301529951062,1.0006557231438804,0.0640808315910904,-0.0689986201053645,0.7713478351602474,0.8422417258777776,0.0856601157618522,0.4997911061538699,0.0130551680495288,-0.0367118412166428,-0.0162200836681793,0.0697976461105691,0.0490258126150983,0.8797767724738843,0.0899268875106055,1.0851251043144206,1.3449462673979775,0.4168120242841593,0.3488890283315501,69621.22
2026-03-04 12:00:00+00:00,0.512047839603423,0.0037726522073518,-0.0359494975687335,-0.0467887453942421,-0.0546079648501268,0.0228500611330138,1.1455306646388883,0.0768094322935102,0.4280349183316949,1.4755179936854277,0.5288346245252239,0.0943143000344383,0.5007190662646398,0.0134934562823689,-0.0547422504258645,-0.0361264876960151,0.047225464782735,0.0483089819561942,1.0968717709637763,0.0901611510473684,1.2153508473714536,1.489497327915907,0.6933265401288412,0.3450214307951793,71099.58
2026-03-04 16:00:00+00:00,0.5184779183840985,0.0056433473619307,-0.0585892572984113,-0.0728169120990595,-0.0828381191344345,0.0223970209061256,1.3700950525465123,0.0888595168255095,1.393184211638198,2.4082447791126413,0.8088677320639254,0.1068614441062514,0.5021925352314648,0.0138203390779248,-0.0831364350697755,-0.0666599422112892,0.0130688795738289,0.0471471776489357,1.4343047047396529,0.0899234247312675,1.358494562102683,1.7514726288602431,0.9349672654567128,0.3411039117884105,73478.46
2026-03-04 20:00:00+00:00,0.5175736689471383,0.0081370394920728,-0.0494326956667665,-0.0685928490855828,-0.0819010603622064,0.0230025827970082,1.185946702325272,0.1093450893835136,3.617684523709275,2.2414508895984677,0.120838285811313,0.1246646460085822,0.5022708323151069,0.0148190237580283,-0.082420675288237,-0.067932833264235,0.0104745732568916,0.0475025707398967,1.4057360328138069,0.0943276798956993,1.5526641554418734,1.886666081165188,0.7874010818577915,0.3378535014010515,73660.3
2026-03-05 00:00:00+00:00,0.5136352701148205,0.0089632580343616,-0.0288481487486947,-0.051069250127484,-0.0672126060490717,0.0229383411493403,0.9736373113069609,0.1241345679927016,4.001160777198929,1.2120769330811176,-0.6437806539980669,0.1410828590344817,0.5016681116396444,0.0159053877401538,-0.06793467998774,-0.0550582513989486,0.0232652070546046,0.0486317890417113,1.2332519224324228,0.099437710115143,1.6961372197769773,2.0408823370117246,0.6682267996058929,0.3347613762901056,72731.02
2026-03-05 04:00:00+00:00,0.5121446595433802,0.0084671954524706,-0.0203870465503825,-0.0437221824561205,-0.061897524489814,0.0224949925911453,0.8938038548099156,0.1312203249767261,3.4098759572648087,0.4550202470089962,-0.2137548965902299,0.1529781883608718,0.5015183498504643,0.0166879701327165,-0.0627862830914802,-0.0514716956330359,0.0260566125229149,0.0492885955637332,1.1748037057072256,0.1030022118200389,1.6814254027019462,1.982976490076432,0.7172322553359284,0.331705844848324,72522.01
2026-03-05 08:00:00+00:00,0.5099823008868403,0.0074223290085654,-0.0103382510170659,-0.0338796461583957,-0.0537133746951588,0.022008522541998,0.8090638988796478,0.132832140308291,2.953819820335352,0.4263191283774953,-0.3384505261875325,0.1627719183451068,0.5012256895220809,0.017423531181618,-0.0547523174872347,-0.0448479276508193,0.0321661330186313,0.0499966664878712,1.0922318532518658,0.1065308476871765,1.5917366473568928,1.9269053549449,0.4950456302297236,0.3286864740089394,72080.55
2026-03-05 12:00:00+00:00,0.5118586208085211,0.0063771856651515,-0.0173556191067282,-0.0406119787001213,-0.0616410466333761,0.0216306692993974,0.8537961770859573,0.1335320246767258,2.816589356910093,0.5041104534970293,0.437235412211407,0.1700240276502795,0.5017036221382211,0.0178346283073693,-0.0628073842456801,-0.0544592400197975,0.0207248086285598,0.0494733559965959,1.1701955696567168,0.108392103063082,1.7179846902214082,1.7429723482875787,0.5068072976054745,0.3257028358303024,72877.46
2026-03-05 16:00:00+00:00,0.5066480768883774,0.0049551465317609,0.0026352994632921,-0.0200167597564098,-0.0423642855883941,0.021979447966618,0.6908230379776369,0.1348596558905122,2.364890037911637,1.000802001974208,-0.6792577693478133,0.1758666747383159,0.5008682988031982,0.0186424525446024,-0.0436680407364017,-0.0364793000830055,0.039121624159454,0.0502590773818026,0.9881019931783468,0.11303226525071,1.5792483780152915,1.477376020555455,-0.648490327863261,0.3227091701160172,71574.48
2026-03-05 20:00:00+00:00,0.5042972858342591,0.0022995958100597,0.0092437100599018,-0.0104504235788618,-0.0327695937970484,0.0225199158046372,0.6083961239477839,0.1289065471453193,1.704094650570258,1.0469069991116653,-0.6820447555414025,0.1717640617350538,0.5004826188962569,0.0189627786593869,-0.0341373932234675,-0.0277541779727243,0.0477234945869056,0.0506487876234922,0.906733093316208,0.1151330616617278,1.441504246142923,1.215692985294971,-0.8624279629564704,0.3193350611947469,70965.88
2026-03-06 00:00:00+00:00,0.503736292271855,0.0004228725238433,0.009254395737394,-0.0080019016270564,-0.0301731107474982,0.0218267527944075,0.5787984103884443,0.1213137748831821,2.192613200045297,0.5064850350564617,-0.1097111867826854,0.1679262651699087,0.5004221798204912,0.0191423355857901,-0.0315952407569436,-0.0260738136779227,0.0487128801562062,0.050604842330716,0.8894257811912257,0.1165417345821156,1.5885572400530694,1.0344368066196803,-0.6118139310938732,0.3159521427042612,70878.88
2026-03-06 04:00:00+00:00,0.5038906744214636,-0.0010635418461668,0.0063009673794465,-0.0086653380161952,-0.0304860387589929,0.0212285212054343,0.5817036151448679,0.1207807369275553,2.015013437219064,0.4509497720953817,0.1093742704802376,0.1624565746725593,0.500489397729631,0.0192110248384186,-0.0319478279911376,-0.0272282817933209,0.0466774296487773,0.0504453147976825,0.8975263219876123,0.1174880220980894,1.550401828006032,1.0239830328116362,-0.4698847016946534,0.3125282559894665,70996.01
2026-03-06 08:00:00+00:00,0.5038221926160411,-0.0025569143104215,0.0037945190423236,-0.0085926839071975,-0.0297438098278326,0.0208853536260826,0.5760072112762935,0.1199918326867413,1.7378699005050553,0.4976636071161244,0.0178340705252171,0.155517943623743,0.5004986647712361,0.0191908225807689,-0.0312248198535837,-0.0271368016701304,0.046055756146965,0.0503987824603212,0.8951788217867102,0.1182935352207034,1.4351053552940534,1.0264226944366663,-0.3059704082458936,0.309032776055108,71014.91
2026-03-06 12:00:00+00:00,0.500891842422048,-0.0036251647760719,0.0135125458828029,0.0031575043914924,-0.0175586241876473,0.0206267442976015,0.4688531790342551,0.1193889262899725,1.29091937640514,0.3086003632101883,-0.9398060274987324,0.1487594163865265,0.4999899346410866,0.0193730534683359,-0.0190721954660959,-0.0155385856211714,0.0578091210831854,0.0509427801224367,0.7961365081868452,0.1202150645200717,1.1710742871782651,0.9664798830751488,-0.922284663190712,0.3055454580372564,70202.88
2026-03-06 16:00:00+00:00,0.4954345683772097,-0.0057690807787125,0.0322799584158233,0.0256057825224504,0.0060684512308466,0.021423154523407,0.2614117440973253,0.1195465262170434,1.4867565968837808,1.7424499989594755,-0.75255928708204,0.143321752353264,0.4989809423176103,0.0195008634863021,0.0045607068993178,0.0079841421590398,0.0825533242126372,0.0521683509112993,0.6030036206115886,0.1229178418547529,1.2201691962629513,1.103662084163687,-0.8842131339390673,0.3022446315270382,68567.96
2026-03-06 20:00:00+00:00,0.4943687104706549,-0.0079751254903914,0.0313582386725599,0.029209485388143,0.0118565779258599,0.0218356124546333,0.1875554851124665,0.1145753906516607,1.100288742905967,0.9798272457656696,-0.3882943205846373,0.1446550974811916,0.4987357070388531,0.0190729820838309,0.0104233043644739,0.0139886551810586,0.0886260098466917,0.0525090115477752,0.5549030791102423,0.1232494508994389,1.157780978960691,1.0510750977714485,-0.7314607295986849,0.2994265096049017,68149.3
2026-03-07 00:00:00+00:00,0.4945367205986379,-0.009161450961682,0.0253865398226575,0.026753739423186,0.0115535472556775,0.0211393253172901,0.1649398488683892,0.1096190801344296,1.3366635992427465,0.5526799716407232,-0.0134138937873998,0.1468199166786584,0.4987382603235298,0.0185244557227247,0.0102042081556859,0.0139159678177307,0.0881893136445557,0.0525476803375686,0.5557359107506327,0.1227247901859162,1.247394001890227,1.0422099173917203,-0.7395808017800545,0.2967095002580653,68140.02
2026-03-07 04:00:00+00:00,0.4945430810568668,-0.0095200237267768,0.0212225497310567,0.0250603182695656,0.0117530939593371,0.0201726284073437,0.1616100877219365,0.1100707160067882,1.329427485515222,0.2640869671788119,-0.0808827987631209,0.14863233778797,0.4987196606382009,0.0180148503533477,0.0104807708007004,0.0143160009575511,0.0882523896607816,0.0525890812062974,0.5524791321067419,0.1223948801262339,1.2544457806776594,0.9888768823053774,-0.8356152130443675,0.2940246452832495,68100.0
2026-03-07 08:00:00+00:00,0.4937371621838237,-0.0097506521271824,0.0206013415532184,0.0267351317811199,0.0153436212102984,0.0196585003831961,0.1317408674151325,0.1119876718713236,1.3685425320412816,0.2678321754637132,-0.3819318990529502,0.1515247249072346,0.4985531294235141,0.017514832224115,0.0141542057820485,0.0182193988290735,0.0921230217208912,0.0527983198784952,0.5214607599794099,0.1221107754265312,1.346550258176051,0.9305604327609244,-0.8799182337610845,0.2914027410597819,67820.93
2026-03-07 12:00:00+00:00,0.4946580530570241,-0.0093323909447622,0.0140962514111981,0.0216371691807539,0.01198443818663,0.0189300253352802,0.1601438325138643,0.1123593610980944,1.31907913792955,0.1579006914593269,0.3623833152721509,0.1555032591762107,0.4986811338031751,0.0169301414100453,0.0108787939467305,0.0151142022640993,0.0884664056583155,0.0526096274082649,0.5473802936728421,0.1208123064185378,1.3394563064451934,0.8923958516863968,-0.7506619941696576,0.2889020914895981,68011.54
2026-03-07 16:00:00+00:00,0.4942130911946238,-0.0087236687824032,0.0135820075223218,0.0220988748696073,0.0139735181816538,0.0182043582964591,0.1421189431403494,0.1133824967007269,1.272464887487917,0.2239851459910646,-0.3451728542585325,0.1587595170181822,0.4985833198672413,0.0164508924332651,0.0129425320003628,0.0173667486877096,0.0905583976280257,0.0525052348290201,0.5286425102413782,0.1206752432139894,1.3608676719171136,0.5469226346149836,-0.5223822442853927,0.2864310357876391,67844.01
2026-03-07 20:00:00+00:00,0.4914548453185454,-0.0083382831253219,0.021304874921459,0.0309649182731728,0.0243814651221392,0.0177299998335255,0.0885921144505035,0.1202613596138523,1.213450404701211,0.3330878510151379,-0.7270718774548324,0.1633716557807366,0.4981237782273933,0.0160613639578341,0.023425804165944,0.0281580272492445,0.1018438361159035,0.0526662694921871,0.4401243149286946,0.121835642595931,1.354226394221781,0.3811725671401664,-0.6396153893536056,0.2840089992219969,67110.91
2026-03-08 00:00:00+00:00,0.4925769771262394,-0.0079093477976767,0.0148028127711183,0.0255017654724194,0.0206164122369558,0.0173049011561243,0.1533114928907084,0.1247612767682824,1.290205264909771,0.2887891565603881,0.4858772679298139,0.1711546626756515,0.4982589882731644,0.0154066897325385,0.0197579313553784,0.0248148416556088,0.0980259381537078,0.0521789459315216,0.4650277237572894,0.1213642450083707,1.3928116592037283,0.3028412551369561,-0.5148017197836803,0.2817932619723986,67304.26
2026-03-08 04:00:00+00:00,0.4916678277537338,-0.0074512797289777,0.016013764656855,0.0275967970429671,0.0242949429966234,0.0166791798975737,0.148624483678937,0.1231658078438691,1.3163919298419589,0.3745196576390961,-0.4483507920094552,0.1788930760730936,0.4980790796165481,0.0148621882207679,0.0235279187724422,0.0289716185547874,0.1022632569091883,0.0520743596920815,0.4297768331153936,0.1217951274435378,1.4160651390680543,0.300733336873995,-0.7700346716740128,0.279615817732406,67005.08
2026-03-08 08:00:00+00:00,0.4935604083469473,-0.0067490928875659,0.0079730972231333,0.0199750710418897,0.0181459490083095,0.0162881438759719,0.2195177357513328,0.1192778952516521,1.4159502609278414,0.3718397173809417,0.3793892795338524,0.1880454036632709,0.4983165752242696,0.0141913975102456,0.0174746140695212,0.0232522802444479,0.0959294796353833,0.0514812925883933,0.4735928764839578,0.1210950729906378,1.4592032520763865,0.293046032122944,-0.2763740404087929,0.277578204230604,67351.47
2026-03-08 12:00:00+00:00,0.4944843979986443,-0.0053915983368134,0.0050959351646471,0.0163622771484248,0.0154114066647812,0.0161147690522245,0.2583719066487666,0.1137248466343524,1.4234076900083903,0.3707145792205085,0.139354467962838,0.1900221079909304,0.4984229900450944,0.0137095225701313,0.0148050732058511,0.0207493056959775,0.0929597478946961,0.0510590112278575,0.492535195885789,0.1206724074034702,1.4834003052186937,0.3063842600337586,-0.3101392848317558,0.27558853330966,67496.97
2026-03-08 16:00:00+00:00,0.4935605840154934,-0.0046929649347905,0.0078950211452268,0.0191605014759608,0.0192907980571477,0.0162993319474765,0.2401310257981563,0.1086764433035466,1.3533330438171534,0.5291050951437848,-0.3743014745646683,0.1908329600893182,0.4982407546954138,0.0132516146344284,0.0187589707128315,0.02502226701078,0.0973052876588924,0.0509774237207111,0.4563521122179635,0.1210258820978888,1.4649972250461276,0.3254314188649292,-0.3985378407536202,0.2736224090942381,67190.11
2026-03-08 20:00:00+00:00,0.4942584070557761,-0.0041375574287165,0.0049818721595642,0.0162993491939866,0.0175236165581882,0.0158209965671605,0.267857521073401,0.0995204927959974,1.3744271951510256,0.6296272786005547,0.0855383523115075,0.1919665457599347,0.4982968482010081,0.0127041536776773,0.0170726807890557,0.0236625062294719,0.095647203495955,0.050620303065903,0.4646774189870918,0.1209347055283348,1.4816264572650204,0.3367480895110503,0.0845894683550353,0.2716795529215025,67251.26
2026-03-09 00:00:00+00:00,0.4894528964822772,-0.0041037418035048,0.0209269667024176,0.0330543561298146,0.0356133941632936,0.0164249645925027,0.0872680311358157,0.0920626777575135,1.34308130720828,2.02861111909724,-0.6473926628379436,0.194462525240998,0.4975121665874426,0.012332488956384,0.0352490482041123,0.0424135263841256,0.1155730292983838,0.0513413042919233,0.3136780953121282,0.1232432825191111,1.4687020352238556,0.5215526608567803,-0.5019108280254739,0.2699377147521156,66008.0
2026-03-09 04:00:00+00:00,0.4955429275800403,-0.0036545718025625,0.0001521647309106,0.0122768488927056,0.0159366574665125,0.0165609298629857,0.3161262927953789,0.0869056966539405,1.4396420343641194,1.5378060809802685,0.6558808089663802,0.1983588815517897,0.4983341905851104,0.0115332044550376,0.0156680157251007,0.0231365704420589,0.0948073190368377,0.0502758650885131,0.4645896617716946,0.1209491056059485,1.521529542875836,0.6366880175308254,0.0820707412928546,0.2684047161667146,67217.04
2026-03-09 08:00:00+00:00,0.4972682148695728,-0.0022806696822946,-0.0043265398928422,0.00634770749414,0.0103290700322689,0.0170259452392148,0.3957963934829145,0.0775915414094938,1.5907359683609072,1.1001126885472765,0.2862764304532886,0.1927139367062865,0.4985722129555213,0.0111137574293416,0.0101085258373567,0.0176847780971682,0.088705472958799,0.0498839893854673,0.5072500765289375,0.120260013543618,1.5797995522636117,0.7077843492375494,0.0792170832284652,0.266889859810703,67556.06
2026-03-09 12:00:00+00:00,0.4983327244652332,-0.0008488457728735,-0.005960724504588,0.0028980870841324,0.0068706245548828,0.0171871522825508,0.4624971517060077,0.0661521719177008,1.397673351228232,0.8802990042907206,0.1887638263821998,0.1847592214938814,0.4987270859253053,0.010813045121418,0.0066788523760379,0.0142528891733477,0.084710255792769,0.0496162276062654,0.53382751256752,0.1198521193561057,1.5005850967309085,0.7566280746519223,0.0943866768112235,0.265312878087804,67769.53
2026-03-09 16:00:00+00:00,0.5028952435973404,0.0012084214468846,-0.0181169539668196,-0.0123924418909322,-0.0092186037905127,0.0174450711618567,0.7730072108043271,0.0557139076277271,1.4057999048596643,3.755050433924519,0.6470860100753325,0.1757404379556232,0.4994700371599155,0.0105860551921064,-0.0094210495346888,-0.0022398349695612,0.0666124324655985,0.0488233238347159,0.6704783683835392,0.1180774595376132,1.5108814630684424,1.1180265463082375,0.4382337710518377,0.2633974436622593,68889.61
2026-03-09 20:00:00+00:00,0.5037914485384718,0.0024775522494068,-0.0187922745870497,-0.015358485504109,-0.0128614931041198,0.0174538078001371,0.9697351606348148,0.043568260222008,1.3750006735145834,2.4943149413159644,0.2103382709234188,0.1664945172563144,0.4996569136225141,0.010493017633124,-0.013076649731131,-0.0061914968424721,0.0619286439545014,0.0487192733371427,0.7026416763269089,0.1177879019329359,1.5165993572941892,1.3595239787925142,0.4879181753552689,0.2612832076246695,69163.94
2026-03-10 00:00:00+00:00,0.5006624213848272,0.0032887314038968,-0.0055914825162417,-0.0039169891003849,-0.0020251683033987,0.0176142422271932,0.7568766041199586,0.0404678706497156,1.1282531126217488,0.947664642594268,-0.9046636247218032,0.1583701248303486,0.4991875129090132,0.0105583193152068,-0.0022570581002406,0.0044255647219706,0.0728044374180638,0.0493212479494335,0.6116399934159834,0.1192457140286187,1.4520162428143095,1.244965597282215,0.6525857923144908,0.2591756889990828,68434.08
2026-03-10 04:00:00+00:00,0.5044467921454744,0.0043176722097351,-0.0160332429340815,-0.0167204654895769,-0.0158669565412559,0.0175387808836082,1.02992821940457,0.0451968648507596,1.0956635004331097,1.1272180063045152,0.4535485410877729,0.1540322761404514,0.4998455451377975,0.0104793987787629,-0.0161333158924527,-0.0099886513299037,0.0568622769307649,0.0486590994485392,0.7320472836570465,0.1179589075927428,1.4736186145628518,1.205418277109611,0.595868831377591,0.2569139825583607,69441.18
2026-03-10 08:00:00+00:00,0.5082752989189966,0.0053486024872294,-0.0257287216182843,-0.0289967749220994,-0.0294806584623199,0.0175709415136063,1.2065128071067492,0.0524837318836833,1.1647021585884456,0.7504263992937011,0.9535889674345448,0.1561248388482978,0.5005216360095129,0.010509381360403,-0.0298023580456312,-0.0243465757274029,0.0409110348986418,0.0479871717483753,0.8548042749026878,0.1169274361223005,1.5253659960530244,1.1697482857899224,0.8933245054934985,0.2543499070035235,70483.92
2026-03-10 12:00:00+00:00,0.5082213911315023,0.0065486437482075,-0.0216480699702673,-0.0279123606498854,-0.0301186481086785,0.0176210980126672,1.0832058604425965,0.0638134403375058,1.0429180776227436,1.0891845517299463,0.155851035079185,0.1629473241937143,0.5006072947031384,0.0108084625259377,-0.0305256457952286,-0.0258793093723986,0.0385471602136491,0.0479653557174112,0.8657053843059309,0.1178709986563613,1.481555043273468,1.1992352993267137,0.8084162895927596,0.2515425866024399,70628.09
2026-03-10 16:00:00+00:00,0.5104116102802041,0.0067131538958401,-0.0284088602856058,-0.0363202962343814,-0.039812035164952,0.0177595480636459,1.1513348563936527,0.0707861855768925,1.387449938623753,3.0579487343285416,0.3160170931370027,0.1647995793307328,0.501111973075918,0.0109218454801076,-0.0402829700881866,-0.0363696064872652,0.0266870741450362,0.0474098375678816,0.9543758951571932,0.1175693300148623,1.5793425982645424,1.1535873145809294,0.7122242564471184,0.2486961975490288,71426.03
2026-03-10 20:00:00+00:00,0.5044813342342146,0.006651038082738,-0.0060192852788476,-0.0152697332839363,-0.0200410814171172,0.0190802872817926,0.824845204127269,0.0790899128279295,1.0172454394184856,2.462319006431713,-0.6785569720199652,0.1653386579663377,0.5002258313779595,0.0113617444947685,-0.0205888274630835,-0.0172890588792689,0.0463207789018536,0.0483484750471362,0.7866386594785197,0.1208658344007348,1.502293029055613,1.1829236478445728,0.2648883646375579,0.2458164652826815,70068.95
2026-03-11 00:00:00+00:00,0.503453584751308,0.0054683515624507,-0.0022581980921706,-0.0110998452901455,-0.0163765300060345,0.0191505696933586,0.760622929175889,0.0818574125279283,1.229187177826135,1.1235998221837171,-0.2129305297326084,0.1623014694120503,0.5000885536179052,0.0114405222292617,-0.0169571736353535,-0.0140815064823034,0.049157748974028,0.0485007637811245,0.7573639338562923,0.1216057542407283,1.5862985072080922,1.2278375017325576,0.4167774037757934,0.2429708131282489,69858.0
2026-03-11 04:00:00+00:00,0.501951901495207,0.0043929051989666,0.0030159991039528,-0.0053296146268723,-0.011016370572054,0.0186653919217221,0.6796581037017002,0.083768062332666,1.1236830456515907,0.5477671863150896,-0.4830313781370788,0.1583145922019435,0.4998723712071779,0.0115167829951476,-0.0116265234749767,-0.0091415939952265,0.053845217585388,0.0486306365889968,0.714331762835724,0.1226098182515343,1.5114669107209666,1.1788020375194297,0.0335130040119009,0.2401588377655884,69525.8
2026-03-11 08:00:00+00:00,0.502368701028193,0.0033796853370805,0.0011463521393069,-0.0065447713942436,-0.0124858579934256,0.0181370114045554,0.6828981860022942,0.0837889421984557,1.1258619781469803,0.3853566435293376,0.1704434883530062,0.1539993304334512,0.4999656821118149,0.0114863392422414,-0.0131157935389446,-0.0110000220046763,0.0513167293659102,0.0483837364282532,0.7277702878264887,0.1227841145008247,1.5306826050986877,1.1516764806066042,-0.3218745420773921,0.2373801406476385,69671.19
2026-03-11 12:00:00+00:00,0.5004322801631482,0.0022873438896182,0.0070631143827752,0.0003377972271816,-0.0056602958609276,0.0176419852004161,0.5872412722103357,0.0829561810104569,0.9865465132864112,0.3593223076282199,-0.7077928226493664,0.1496143635367928,0.4996741084732038,0.0114881503797583,-0.006302311925163,-0.0044440340150764,0.0577740886025444,0.0485529946753762,0.6723536079588535,0.1238769655546356,1.390594241821743,1.0810984847570793,-0.5303396226415072,0.2346332245809461,69222.69
2026-03-11 16:00:00+00:00,0.5043085895982319,0.0019637269436199,-0.0070431166347249,-0.0136383960589548,-0.0199146375546726,0.017805210829798,0.7485109076543546,0.0807407548542352,1.1790323663665148,1.811296207698087,0.4969541761211237,0.1479498345804934,0.5003580353540273,0.0113395903970467,-0.0205737251240231,-0.0191438043971344,0.0415855296173739,0.047729200570516,0.7909334213569347,0.122374117112361,1.5165737242657635,0.997671174104128,-0.4175950839938869,0.2319281969813856,70278.32
2026-03-11 20:00:00+00:00,0.5051517316621242,0.0022335686956881,-0.0092393007815048,-0.0166089123459061,-0.0236169943816929,0.0181221651159309,0.7767805447299736,0.0817036111736736,1.4974116086807496,1.5355260052952224,0.2893833299506152,0.1506854122343465,0.5005691299755413,0.0114252372684988,-0.0243224727188933,-0.0234660774993799,0.0363423016821513,0.0473463680895012,0.8244013270095228,0.1225363062946238,1.5792927226095468,0.9184775347611986,0.2323803275379184,0.2292381738719919,70617.83
2026-03-12 00:00:00+00:00,0.5034150925872672,0.0020728844348038,-0.0023204449345839,-0.0099057375961556,-0.0174601538626046,0.0176973428165971,0.6859353680425911,0.080727172882378,1.1688007404815586,0.8509604219618,-0.5750137892994932,0.1532866050637414,0.5003182173582299,0.0115677188617704,-0.0182070034913768,-0.0178295208675798,0.0417083644255833,0.0474421791050654,0.7754381201557945,0.1238991179462695,1.4792064662746316,0.8989962632276051,0.1297744917442648,0.2266030841936742,70237.3
2026-03-12 04:00:00+00:00,0.5002873494646385,0.001046733490203,0.0078254314764805,0.001330915732387,-0.0061868579275243,0.0176729739001927,0.5282782878370957,0.0769342964570527,0.9304966100152088,0.4743083440181643,-0.6458260290302176,0.1495840821508191,0.4998205726702655,0.0116067288712205,-0.0069463507955686,-0.0068163719019004,0.0528743582763577,0.0478034169791205,0.6843856979889682,0.1256458941820188,1.3942489272814524,0.8971380240689277,-0.0415436506935153,0.223976944751765,69471.22
2026-03-12 08:00:00+00:00,0.5019090217722684,2.0571504160602372e-05,0.0006053582399094,-0.0044719103835947,-0.0116061848333021,0.0171030695407722,0.5862259090556888,0.0676599135865329,1.0284863314343182,0.2889757675106079,0.5780849306732679,0.1420280018987148,0.5000823999203441,0.0113857087559982,-0.0123525231979124,-0.0123754999617231,0.0465149418210646,0.0473706704601186,0.7277590620456083,0.125200378245179,1.4769653334324642,0.888884125197615,0.0798951945965504,0.2213709615296143,69870.22
2026-03-12 12:00:00+00:00,0.5040170805305146,-2.4156517922513223e-05,-0.0066913862694074,-0.0116119998931116,-0.0188234137275682,0.0167719452553875,0.7008709295646423,0.0554934479079597,1.177739645357765,0.5477444920140565,0.4492521801263359,0.1397804273845823,0.5004434437418862,0.0112663926795918,-0.0195796148317607,-0.0199252672111647,0.037969446069022,0.0468400984768827,0.7880346343169478,0.1247512689682249,1.56001289528891,0.9275812202809112,0.4873661544155401,0.218795818743881,70426.17
2026-03-12 16:00:00+00:00,0.5032728546226903,-0.0001129904585737,-0.0046238278015204,-0.0093935171947064,-0.0167303464193542,0.0168716051686145,0.661076137240866,0.047642972064864,1.07247018617024,1.7824786686852403,-0.0808504581176335,0.1391715304534527,0.5003681247210879,0.0112511163925326,-0.0175028071550279,-0.018167680145116,0.0392841498970863,0.0467258974288354,0.7718530404728059,0.1254296552145904,1.512146741312067,0.9464547647437188,0.0203216018581867,0.2162511514142724,70318.25
2026-03-12 20:00:00+00:00,0.5037522068077711,-0.0001281509557549,-0.0064537631412454,-0.0111442925487341,-0.018597148210748,0.016839494996485,0.7109141085838158,0.0399685441175454,1.8866761773218097,1.2749838627573653,0.1744658894062367,0.135935237155777,0.5004793893000122,0.0111965265329865,-0.0193837943981035,-0.0203708485440541,0.0364036052564604,0.0463755700923995,0.7881609760895274,0.1256624627654011,1.603327540487969,0.9240343579759942,-0.0982467528564681,0.2137470141976975,70495.53
2026-03-13 00:00:00+00:00,0.5034776730377439,-8.490363431084157e-05,-0.0051771935495809,-0.0098830739681152,-0.0174968040796947,0.0164535787110489,0.6862155669231674,0.0365558652252508,1.4305881279667456,0.6390535166041494,-0.0408318711660467,0.1331539757208335,0.5004548859695176,0.011182042756776,-0.0183012675353339,-0.0196223616784912,0.0366385694074624,0.0461262649748551,0.7806648865689974,0.1263171100153602,1.4955645732886118,0.8850227424394084,0.1487654208058221,0.2112620968059485,70461.99
2026-03-13 04:00:00+00:00,0.5067029098825352,0.0009308720292582,-0.0145378881163635,-0.0207018459298929,-0.0290888782248888,0.0168799574095043,0.9919342745180542,0.0363533205261868,1.1010425194593536,0.9638106693727072,0.5710279166743549,0.1400596979439833,0.5010477064708155,0.0112183476606504,-0.0299399159531735,-0.0318608447064683,0.02300614190477,0.0454447682480677,0.878005230135474,0.1258903020192268,1.4214179282058552,0.9634235803668882,0.6822508447876363,0.209268363438679,71390.16
2026-03-13 08:00:00+00:00,0.5074198144857983,0.0015247630110404,-0.015061666341397,-0.0222895310193746,-0.0314169497473661,0.0164027354539595,1.0496829988188934,0.0356458235345895,1.369314682962276,0.5505014705013351,0.5077730587386903,0.1470956300701998,0.5012075513039921,0.0113429258414852,-0.0323185302999688,-0.0348302239371037,0.0191816981204537,0.0451968473958325,0.8994222083340486,0.1266421343306739,1.5122132868843694,1.0017240698689678,0.6835289128729743,0.2073363847504147,71647.63
2026-03-13 12:00:00+00:00,0.5093480753419951,0.0024139534902324,-0.0192777969354109,-0.028101552239657,-0.0382544475128416,0.0161473000323505,1.1611310948858131,0.0395185945737644,1.525051552022532,0.8216167582574033,0.5100754738627689,0.1577217450773905,0.5015965870440716,0.0115127874736236,-0.0392219469094697,-0.0424581300648918,0.010366245727591,0.0447675459073809,0.9579151531216014,0.1272151648264861,1.578161916086828,1.041807958077512,0.5614056139638364,0.2055752503669452,72266.57
2026-03-13 16:00:00+00:00,0.5066848915031953,0.0035030063442675,-0.0088073560009734,-0.0198171264741143,-0.0314852013256433,0.0165915530110395,0.8863188918146937,0.0495819366058545,1.91028523171264,2.3847791931441598,-0.1654182328291658,0.1735515637301025,0.5013206446283615,0.0119544987525023,-0.0325543176624887,-0.0367303250803593,0.0155533540149577,0.0451237164956585,0.9062276948221268,0.1301501625853378,1.675204156136147,1.136974830808657,0.3681933174224334,0.2043280671016501,71896.25
2026-03-13 20:00:00+00:00,0.5034261424147973,0.0025124228197369,0.001719777733566,-0.0085730036828216,-0.0205687871668943,0.0180216926279675,0.6691520944603997,0.0512924449849941,1.9924462809034795,1.300434042613991,-0.5084571158102882,0.1792542603561266,0.5008310005007423,0.0121296499954311,-0.0216803873499072,-0.0263673235397653,0.0258273144379221,0.0457363527456015,0.8228454272979138,0.1325707407067085,1.6921620841630738,1.134644088561547,0.1704311180028379,0.2033201691195685,71165.76
2026-03-14 00:00:00+00:00,0.5020900164043361,0.0013333359721031,0.0053599419656715,-0.0036770819869741,-0.0156217756165897,0.0178803194796607,0.579034182509463,0.0515716374931251,2.039843528948749,0.5016028403664538,-0.3207104096808494,0.1817227449822032,0.500627487239875,0.0121467227040468,-0.0167524548069936,-0.0218057514459659,0.0300351525034254,0.046032469487097,0.7864043403245385,0.1339980599274349,1.6926430127904488,1.1019176749546702,0.1122832276841126,0.2023241990782985,70862.57
2026-03-14 04:00:00+00:00,0.502998071016703,0.000264678524771,0.0008182470560438,-0.0068057956897323,-0.0184351897685722,0.0172961892616811,0.6457132843644653,0.0510289161210499,2.2539594100258733,0.374689825444243,0.3572109138154884,0.1824249142282182,0.5007846279472163,0.0120156981259975,-0.0195654972449065,-0.0248668924976763,0.0262522613282505,0.0459041369770027,0.8082786076240951,0.1342529421339634,1.8506638613917952,0.9945856922891896,-0.081702597484748,0.2013187974453389,71110.01
2026-03-14 08:00:00+00:00,0.5007749049790455,-0.0005109501935578,0.007365729502875,0.0008272367472934,-0.0106222948204801,0.0170409392267236,0.4894127259965937,0.0508118202138868,1.9764172155757975,0.4566949880652441,-0.4796477712550336,0.1827212571640348,0.5004404774346871,0.0120108790748102,-0.0117637696438751,-0.0173639711263647,0.0335873438914045,0.046291239051154,0.7501259550717646,0.1359705553462955,1.7334153555028915,0.9699106138193851,-0.2819200531621313,0.2002642735578682,70592.01
2026-03-14 12:00:00+00:00,0.5015372592122463,-0.0013038582050012,0.0033623925731045,-0.0018137603449188,-0.0127635877230267,0.0165145918901531,0.5311746828755022,0.0497348428591059,2.0384593448419057,0.241468748212896,0.4416388642200619,0.1800213574671966,0.5005596832802702,0.0118217343358444,-0.01389202871832,-0.0196396648961523,0.0306802910393859,0.0462485104018048,0.7659456514561312,0.1361872659995883,1.8699577962080547,0.8701281277407623,-0.3987561562495003,0.199131077138228,70776.01
2026-03-14 16:00:00+00:00,0.5006752845713269,-0.0017012001870938,0.0051820072439436,0.0008847983316833,-0.0097325701320454,0.0158978049431816,0.4653217186711201,0.0485810986705526,1.9593120811885507,0.3041959449386276,-0.3902867675425546,0.1787114315958658,0.5004355596589639,0.0117149773439233,-0.010857973869095,-0.0168075129429862,0.0331318226724108,0.0463704749685651,0.7434154617344957,0.1371334997016196,1.882172566682854,0.5203394296566713,-0.6393766968270311,0.198011291500296,70593.9
2026-03-14 20:00:00+00:00,0.5012147870274292,-0.0020049266322717,0.002597556305393,-0.0008499713036357,-0.0110386207979799,0.0151382818239179,0.4845027852045662,0.0461661102316528,1.994452465597379,0.2034028619653439,0.5084382092015606,0.177114783692151,0.5005161592483084,0.0115355116183603,-0.0121517189638201,-0.018241016363001,0.0311184022824526,0.0459989670791688,0.7524625766407232,0.1373993290069717,1.921850181217737,0.3207097773874142,-0.3546729489145719,0.1969047579345466,70717.12
2026-03-15 00:00:00+00:00,0.5034861625413495,-0.0019604935173263,-0.0043769018589197,-0.0074100576484338,-0.0172667275087122,0.0143225822461303,0.6244915648231588,0.044338104761027,2.0341654901649577,0.3243635414987575,0.8030685022391628,0.1770271794335671,0.5008399425445264,0.0113309101269734,-0.0183682356114429,-0.0246049759832154,0.0239126643329143,0.0453350540480644,0.7981705803344189,0.1370360730775424,1.9530292943619247,0.2782263406665169,0.3136354376932794,0.1958113196096984,71201.29
2026-03-15 04:00:00+00:00,0.5040987283917003,-0.0015490668688566,-0.0057664607412381,-0.0089872786685215,-0.0188104021643423,0.0139463393960887,0.6667944661497789,0.0444254611891683,2.11341408283922,0.6398563779784292,0.206096492947987,0.1805935370522192,0.5009427691062194,0.0112436896041559,-0.0199180795852481,-0.0264165841030216,0.0214486552058454,0.044895211909786,0.8099387650156216,0.1367319938332125,1.9571758949012588,0.300343391869261,0.1802249860457068,0.1947813967035875,71361.87
2026-03-15 08:00:00+00:00,0.5046553793947016,-0.0009415873169067,-0.0063654454886233,-0.0101774300940268,-0.0201852139272527,0.0136273796019161,0.6989287625026646,0.0449226684956121,2.136541360753035,0.3962032910315946,0.3617059524077064,0.1865244030405453,0.5010449426123049,0.011216509139943,-0.0213108132714974,-0.0281535336868625,0.0190240154650198,0.0445084357740751,0.8210335878523544,0.1364204700562969,1.9530599931849624,0.2807151564758156,0.65138802387668,0.1939144222065906,71522.85
2026-03-15 12:00:00+00:00,0.5059913261307455,-0.0003480593950297,-0.0087534622518796,-0.0132490202261353,-0.0235141370054774,0.0131264687895577,0.7729369108127268,0.0434833144259526,2.024349339244464,0.3480894535748288,0.639786601005455,0.1931872775544351,0.5012506519492835,0.0111938686111293,-0.0246606585016806,-0.0318705438807799,0.0145059662111461,0.0440376762217699,0.8467116827942076,0.136360971040927,1.93037805395921,0.2871007174888362,0.7275590551181104,0.1931277467362088,71833.98
2026-03-15 16:00:00+00:00,0.5038569996699279,-0.0002335517651675,-0.0027837263356204,-0.0074115442556073,-0.0178071327820222,0.0128396104914765,0.6366677412302733,0.0397660840289477,1.9028147052636608,0.5129884017006238,-0.6450230365370279,0.1967441515681491,0.500994487396468,0.0112176536620051,-0.0189736799216738,-0.0265355528744914,0.0195098262230584,0.0439770864931455,0.8043580425948758,0.1374340321207119,1.8979732155564024,0.3038216141561043,0.6068383150016231,0.1923692702088871,71472.79
2026-03-15 20:00:00+00:00,0.5039159959664438,-0.0002002051263039,-0.0027474099323071,-0.0073735905539851,-0.0177930390240644,0.0124757732952469,0.6362634740040437,0.0378659537645203,1.9257100970553849,0.5355606872132714,0.0787502419991425,0.2005091709546918,0.5010237764495767,0.0111628230255968,-0.0189701731736235,-0.0268206385079877,0.0186337367999389,0.0436541518581096,0.8048888936627022,0.1370055322485256,1.9030554493112917,0.3387995428486853,0.6041123422568576,0.1916299324371961,71525.67
2026-03-16 00:00:00+00:00,0.5108657288367892,0.0003969244142053,-0.0203286216118863,-0.0256986655204486,-0.0363221472349853,0.0124313413574396,1.14027441717642,0.0368572675920267,2.468784598840372,1.966692291232461,0.8141055476736562,0.2086332005680502,0.5020098873500067,0.0109987264053256,-0.037507567412177,-0.0456361021395497,-0.0016968601875158,0.0425573300466462,0.9476118870776707,0.1339779824481615,1.9547817249059711,0.5216905998964645,0.7538078294840568,0.1911084730477091,72977.45
2026-03-16 04:00:00+00:00,0.5133789990167694,0.0012554251558337,-0.0256142981135081,-0.0323244758114679,-0.0435990498983275,0.0128157393845723,1.294949069144835,0.0384605866367295,2.353672997557488,1.783108464173973,0.3244322064955802,0.2221933517203357,0.5024413277964966,0.0110580047421487,-0.0448250672549999,-0.053456844885097,-0.010580891959682,0.0420459165114124,1.0080052857964088,0.1326215500136912,1.947932884145522,0.6398592015078475,0.7513346241043163,0.1909745812320075,73632.0
2026-03-16 08:00:00+00:00,0.5121107977726606,0.0026546494273401,-0.0199892424836108,-0.029107645736065,-0.0417263571221713,0.0137057315475192,1.115668984753875,0.0457022019033971,2.4513530506151,1.4888330162729004,-0.0053884191453947,0.241128522730836,0.5024052467484048,0.0113927395337819,-0.043038649156184,-0.0525058757118465,-0.0104188660685624,0.0420557814650744,1.0000355674062733,0.1321874415089962,1.9671600522939745,0.763260983443452,0.6637623462534602,0.1912731443895868,73626.3
2026-03-16 12:00:00+00:00,0.5109990872487639,0.0029723631711033,-0.0157627283232729,-0.0259190724088592,-0.0394056525423719,0.0138591732347596,1.012943148583697,0.0505905831987334,2.0157389084061887,1.0664619631543384,-0.0634866482647436,0.2513409135041075,0.5023394504956766,0.0116181946737447,-0.0407819046371568,-0.0509344255378519,-0.009543372541429,0.0421027251536135,0.9884662153158013,0.1313573086026898,1.8701493411670196,0.845001299126237,0.546026959075578,0.1915808286882703,73564.89
2026-03-16 16:00:00+00:00,0.5081937034908552,0.0032988243428986,-0.0080427635963634,-0.0193489848813583,-0.0338586341570228,0.0141627894818763,0.8595034059845846,0.0567797523074476,2.517026009277619,2.461549800153329,-0.1900693078218852,0.2615688407177325,0.5020913156879296,0.0119226030999656,-0.0353116691016025,-0.0462514984540147,-0.005462983933667,0.0422887696539063,0.9513943840072008,0.1311157674400157,2.022138905548633,1.076421891916146,0.557998316503545,0.191908541707786,73269.26
2026-03-16 20:00:00+00:00,0.5106083138901891,0.0033575134544851,-0.0143597992260853,-0.0263548196449044,-0.041594616690216,0.0143835688614469,0.9668513521522288,0.0614762353947977,2.231893416947156,1.5968642286438115,0.5784925895941613,0.2705474790057293,0.5025525120710826,0.0120472454220486,-0.0431012468742825,-0.0546611932730085,-0.0150318381827968,0.0418935563630582,1.0171336225216216,0.1300170551522594,1.9721979237931524,1.2134885429878088,0.7917536182021051,0.1922490900596337,73988.01
2026-03-17 00:00:00+00:00,0.5127564565942572,0.0036581480529831,-0.0192751995441842,-0.0323332132257239,-0.0485181675365113,0.0142123922085504,1.0446437052631548,0.0670490416855312,2.748830086996328,1.4716143777821642,0.6518737202990316,0.2808024274367221,0.5029879259908091,0.012245916956891,-0.0500921897097889,-0.0623755559233357,-0.0239203298227635,0.0414731371195545,1.0770615274711244,0.1293501549602313,2.1751847251235272,1.163216392258292,0.642897495687123,0.1926665441718918,74672.51
2026-03-17 04:00:00+00:00,0.510793812606274,0.0042351352839922,-0.0125956040377417,-0.0273079384566191,-0.0449052932584398,0.0147580572566753,0.924102138982284,0.0766954502007562,2.189451070522281,2.10077382354851,-0.1860672853168323,0.2953454158292027,0.502857372607929,0.0126713598023406,-0.0465823300713617,-0.0598642257598757,-0.0222351678406079,0.0415843573247179,1.0485810649186775,0.1314999558705414,2.066848141107326,1.1993024923621136,0.3128402269027248,0.1934849559143625,74559.43
2026-03-17 08:00:00+00:00,0.5090941875625026,0.0033967950842853,-0.0078566360278504,-0.0221838237984254,-0.0403400752048713,0.0153076228896204,0.8444294305750301,0.0795197224199463,2.341956326759357,0.7538828641043399,-0.251966181675186,0.3016563799961977,0.5026688382754196,0.0128871340979528,-0.0420775606156349,-0.0560672100710426,-0.0190805328264896,0.0417204870487496,1.014173715531802,0.1327217338842711,2.1250319944327463,1.1163505655712838,0.2741115944240914,0.1943621035603761,74328.76
2026-03-17 12:00:00+00:00,0.5072666083977496,0.0023843472671946,-0.0029929961227584,-0.0165079503573833,-0.0349790524711092,0.0150467928978642,0.7645167702857261,0.0803788307500367,2.10256020211492,0.8243804398830422,-0.3443691256052287,0.3043146630042891,0.502436896918503,0.0130453027215511,-0.0367650257322031,-0.0513846752343606,-0.0149724567031297,0.041883317254948,0.9738170026303,0.1339342412218841,2.027246651413762,1.0896958061812023,0.1523950001319923,0.195228870626816,74026.49
2026-03-17 16:00:00+00:00,0.5064837460992418,0.0014257047973025,-0.0022388622281781,-0.0147560545233238,-0.0333111170792188,0.0149630881089112,0.7362333378565508,0.0798433540968686,2.24651139469048,2.2859980099748163,-0.0167751774297646,0.3050153546924449,0.502381880611768,0.013107131580898,-0.035129658602766,-0.0502613412964385,-0.0145371252577117,0.0418781840791988,0.9611913530052446,0.1350329854085526,2.077576621864469,1.0779569760767636,0.2529147384191128,0.1960853799623637,74000.75
2026-03-17 20:00:00+00:00,0.5080854064972885,0.0011230619453163,-0.0073607750872828,-0.0195973249759755,-0.0383819055496647,0.0150962022209707,0.7940423893159371,0.0782004839682721,2.8573624412395686,1.8352634970436863,0.5299297783402074,0.3077255702919237,0.5026990018679828,0.01314747049399,-0.0402343239096526,-0.0558722861317398,-0.0211384725344505,0.0415185374196026,0.9991978521878084,0.1362779370672386,2.236025678273559,1.1228648223462,0.2059872111157286,0.196931752961853,74510.21
2026-03-18 00:00:00+00:00,0.5052484517136296,0.0007078152600575,0.0014049663479578,-0.0104973618621213,-0.0296548708879826,0.0148541307421212,0.6709575336785109,0.0768035603786559,2.4597706720905004,0.6762107288716408,-0.5931831558670926,0.3085532111226401,0.5022950760666886,0.0133430470343339,-0.0315612079946828,-0.0478871947896679,-0.0136293221755223,0.0417558963717024,0.9329550138299167,0.1394472331189668,2.1294754646741407,1.0463542441803166,-0.3558619532599489,0.1977681095834725,73953.18
2026-03-18 04:00:00+00:00,0.5072790138784864,6.093150510608871e-05,-0.0055631676689709,-0.0165003871062031,-0.0354664787516992,0.0147687807119812,0.7502537449994829,0.0718400569654978,2.3946525281711124,0.6148341457075841,0.4717004052095915,0.3022522917242423,0.5026453395738227,0.013259757547416,-0.0373824884861079,-0.0540406296730678,-0.0207180278892069,0.0413091189033504,0.9749344908326696,0.1401560453933452,2.180453513705083,0.8943501251906392,-0.0408104743842879,0.1985945683657687,74496.81
2026-03-18 08:00:00+00:00,0.5042636604106643,-0.0005825910196455,0.0028526150259118,-0.0071913145870419,-0.0261509071355529,0.0146904415625899,0.6115618518537476,0.0671847396340533,2.162185477882742,0.3216088369045888,-0.7547817855235675,0.2962267600007315,0.5022013319160504,0.0133488992580609,-0.0280996661342357,-0.045301711544034,-0.0123700740500468,0.0414096958278728,0.90603377521436,0.1429870012175834,2.098488217500734,0.857308657565172,-0.2957879575863032,0.1994112464444482,73874.9
2026-03-18 12:00:00+00:00,0.4998613350746234,-0.0012623050315673,0.0148018808372083,0.0057919000053665,-0.0130714335839527,0.0145464296280944,0.3945729683622787,0.0629037496221859,1.9924140749080637,0.5772821972222787,-0.5947613442488449,0.2874233916549838,0.5015581563646158,0.0134379792583751,-0.0150506912054486,-0.0327970632961716,-0.0001077116798277,0.0416841885288868,0.8132084250526482,0.1462159079149945,2.0416366898619605,0.8482518301168406,-0.4936404456384913,0.2001716322474194,72975.49
2026-03-18 16:00:00+00:00,0.4935614042634584,-0.0037524322705064,0.0301163794775469,0.0249381412608769,0.0074581821962658,0.0160596300182292,0.0542615276709207,0.0626134328205866,1.7777032086283389,1.956795890048808,-0.6996593756158039,0.2727876708957445,0.5005153560043332,0.0132304856378635,0.0055123169649928,-0.0123526980821808,0.0206145833463486,0.0425671857503119,0.670274248175815,0.1494755781048079,1.974084228549676,0.8658798637196702,-0.6299536269540524,0.1999488385832477,71487.54
2026-03-18 20:00:00+00:00,0.4921128763045364,-0.0058066802889913,0.0304567581742569,0.0291549377888924,0.0136183235321063,0.0164464728427144,-0.0294488007412952,0.0647734921318861,1.2408673886791552,1.3476376256885134,-0.41184707772681,0.2649165355832825,0.5001933415900041,0.0127175718638743,0.0117563745004978,-0.0057985472464991,0.0270603847257366,0.0429989685849812,0.6242857793927805,0.1501238215549142,1.847871866719988,0.8401111004454896,-0.8761270336976799,0.1991938534493419,71028.73
2026-03-19 00:00:00+00:00,0.4933223893656188,-0.0070958111900768,0.0221833817301471,0.0241045047601957,0.0106265422095077,0.016558965198645,0.0285965852559617,0.0666779041491521,1.2957807982302814,0.754292999877489,0.1847137072850927,0.26049259759943,0.5003130200706318,0.0120634448290531,0.0088705972448415,-0.008158382359795,0.0243326966027135,0.0430957582984196,0.6383100235213334,0.149500319717261,1.866847765260104,0.8741501745662873,-0.6501489880880513,0.1982392284695042,71206.19
2026-03-19 04:00:00+00:00,0.4935376509348618,-0.0076188409402171,0.0182464197862615,0.0224535593808665,0.0107699558254565,0.0159556957290685,0.0369515255667109,0.0685810283443693,1.2329487358776,0.3376037325803993,-0.0568692132838042,0.2560705669095328,0.5002820759138864,0.0114765224888657,0.0091087896898041,-0.0074670688288717,0.0247576526573953,0.0433103827400098,0.6317327263489825,0.1492244673396302,1.8318634300572585,0.8430016814252783,-0.8227819966660478,0.1972897305504076,71165.16
2026-03-19 08:00:00+00:00,0.490055288964402,-0.0083230733315905,0.0263101388221849,0.0330796811084863,0.0232944627346209,0.0162068365709005,-0.0806935003544651,0.0761494010520238,1.100518176623766,0.5955223164081888,-0.53811525661237,0.2531713507107602,0.499645295824094,0.0109359254166321,0.0217264194578159,0.0055507169750159,0.0379841225934847,0.0440422990449915,0.5427800430283959,0.1508841637815296,1.7438650333001986,0.8973569717697985,-0.7537778460465457,0.1962469707349799,70243.53
2026-03-19 12:00:00+00:00,0.4892607104436399,-0.0087437355143472,0.0255529710352313,0.0346658740891943,0.0269684413279474,0.0164070624928758,-0.0499186834963099,0.0856694390510744,0.9406374101794506,0.4045025093671342,-0.4720746074278118,0.2560082332357894,0.4994303371815103,0.0102402185859206,0.0255190069917408,0.0099883455682672,0.0424077165767657,0.0444942518825485,0.5107811903847429,0.150977090912547,1.6463319131629952,0.8793838593468715,-0.872792348429146,0.1947954854712851,69928.17
2026-03-19 16:00:00+00:00,0.4883052251747325,-0.0093833114421822,0.0266852248281566,0.0385471509494588,0.0332411678146344,0.016649447463774,-0.0286884449747479,0.0978638346494099,0.7350134780692905,1.7201458770800504,-0.3718762223477743,0.2626615834838667,0.499089665372748,0.0094520431117679,0.0319303316362771,0.0171965830736142,0.0497900657481285,0.0448353854361436,0.4590938360739628,0.1507976393937711,1.5370584249972898,0.8538313354621785,-0.6361390392712866,0.1931776222456476,69414.77
2026-03-19 20:00:00+00:00,0.4925629079494173,-0.0088300744864103,0.0109168590863162,0.0238849279135258,0.0205607957137126,0.0167060713601686,0.1434869947726383,0.1047536112804074,0.8613301644609801,0.9748150838830444,0.5263150868714935,0.2692556124352713,0.4996414313733077,0.0085966456450184,0.0193918374469246,0.0056054040079485,0.0377314471620091,0.0443305599312716,0.5312553249200764,0.1474221177706872,1.557928313608739,0.7923075361418983,-0.289774518250781,0.1913894998290196,70201.36
2026-03-20 00:00:00+00:00,0.4917025835354336,-0.0076162333333531,0.0131353608142708,0.0260327270179019,0.0239954197007794,0.016785617517913,0.1406327305014637,0.10882549156628,0.8352019505184489,0.4921925470130652,-0.2933859037838486,0.2693852751486913,0.4994458061578622,0.008032838242558,0.0229192863779847,0.0096669528768913,0.0417489228825163,0.0444690549971488,0.4997473964498691,0.1463446210380313,1.5394464217427952,0.7423025171150485,-0.4524414931248753,0.1896225388977102,69914.37
2026-03-20 04:00:00+00:00,0.4955817948030356,-0.0062354339573338,0.0002025924625568,0.0124988772592276,0.0115640495147089,0.0163575454928129,0.2751809077890656,0.1098037663845596,0.8412548480304409,0.4833713880986314,0.8191754051957778,0.2698975784093547,0.500008697538783,0.0073917299094744,0.0105885282808504,-0.001968579341535,0.0295642852444766,0.0439093342883742,0.5762005235669522,0.1431634671375977,1.556767840241423,0.7582802412059043,-0.1800632807633024,0.1878764890167057,70725.82
2026-03-20 08:00:00+00:00,0.4962891055777654,-0.0048098432798615,-0.0015221140994936,0.0098188973291362,0.0096373098129201,0.0160348109233334,0.3109218501008673,0.1086871830569524,0.8430074039490199,0.3825974825543113,0.1307300286337213,0.2669176361330214,0.5000784739307865,0.0069153954543343,0.0087353589783121,-0.0033609786040904,0.0279126030627201,0.0436962276447592,0.58274207138764,0.1405486861667103,1.5722371572416438,0.7130106084679834,0.2651134390791799,0.1861511027147597,70825.34
2026-03-20 12:00:00+00:00,0.4951499862071778,-0.0035834792472237,0.002916794739574,0.0133233008580708,0.0137512414554212,0.0161364994642677,0.2883198425142336,0.1038335945852833,0.9017390335633484,0.7071255681666815,-0.2680305953227198,0.2606962660962135,0.4998572382707323,0.0065154609418343,0.0129107982427361,0.0011680201016404,0.0323590802790763,0.0438100955014714,0.546163119780268,0.1374860757219799,1.5973654344611952,0.7453982060985566,0.2215411357510379,0.184637098773307,70506.79
2026-03-20 16:00:00+00:00,0.4931687668460216,-0.0032173290868108,0.0097281408200362,0.020279766193755,0.0217064509012212,0.0162256822496234,0.2309759495551163,0.1033774856369902,0.8521343450735308,1.6089509067417056,-0.4947441035411471,0.2574564294840344,0.4994463316595554,0.006029632148635,0.0209465143807801,0.0096826098864801,0.0409991396706832,0.0441037515358216,0.4786103830342,0.1354275527881661,1.556088603031939,0.6898929108464578,0.2153092022551197,0.1831480341428547,69904.35
2026-03-20 20:00:00+00:00,0.4948710653077732,-0.0029617217837218,0.003661477289242,0.0143995269605954,0.0168708897173848,0.0159832459617547,0.2950812554699381,0.1016456166366112,0.8070618168871173,1.0010218858199973,0.3264882604184305,0.2572181647624923,0.499641088909141,0.0054421815948932,0.016206528086494,0.0056179591230711,0.0367053479271664,0.0437675497185784,0.50332251617878,0.1325908600359079,1.5440656819343783,0.6713051000298942,-0.0135235254022928,0.1816434499153868,70174.96
2026-03-21 00:00:00+00:00,0.4966197934534766,-0.0019453589680036,-0.0014005314933501,0.0083141994613882,0.0112372315966127,0.0159297121312236,0.3647373091289499,0.0975291767847891,1.0439707456464171,0.7960099131902165,0.301051057430047,0.2512727485091474,0.4998879621145803,0.0050072773791625,0.0106383455554943,0.0005311625757837,0.0312770304952805,0.043372037267678,0.5385343728017904,0.1308123173160315,1.6065487900526156,0.7040272083015956,0.3045855518566445,0.1801348842788437,70529.27
2026-03-21 04:00:00+00:00,0.4974621612048857,-0.0009497671734404,-0.003231458035028,0.0052841223258508,0.0084462827116202,0.0154291901027245,0.4098397596853859,0.0895260684159258,0.9274050191608592,0.2153416601653106,0.431289477738419,0.2430557511400768,0.5000049581350001,0.0046516942944754,0.0078987711846392,-0.0018338061027777,0.0286281503812644,0.0430958380772427,0.5540463057298779,0.1295877237798606,1.559201101304901,0.6593988019100959,-0.0141112900198518,0.178644171720632,70697.24
2026-03-21 08:00:00+00:00,0.4974897924278505,-9.574121357117556e-05,-0.0023771207614466,0.0049689378045754,0.0082592397318448,0.0146896051941547,0.4300155747318253,0.0795135363167591,0.8938374433153179,0.2222476086838242,-0.034508388192823,0.2349621498267824,0.4999983734466737,0.0043466194199839,0.0077545029010728,-0.0016714531202599,0.0285716447009647,0.0429302071610702,0.5502210641352113,0.1286947043785114,1.5467090733832265,0.6320902375678322,-0.066847112050662,0.1771711009589895,70688.23
2026-03-21 12:00:00+00:00,0.4974580852539534,0.0004038249190209,-0.0017572829354504,0.0047856779456296,0.0082611978822468,0.0140471373850618,0.4503115402231783,0.0687285406731146,0.9264968164333492,0.2977164021222827,-0.091849797311719,0.2278378853680526,0.499980739210265,0.0040336951229376,0.0078012969873746,-0.001297293286057,0.02875050406221,0.0427120198281181,0.5442220164592785,0.1274056839642735,1.591670061053917,0.5703239251171468,0.1001944523141115,0.1757154632125619,70662.4
2026-03-21 16:00:00+00:00,0.4971225818277197,0.0008917219803438,-4.451903937574553e-05,0.0056190747015232,0.0091605753310817,0.0134933787032176,0.4597638402734415,0.0547159173417688,0.9020231711400302,0.3294032431886728,-0.1271457666569667,0.2192589840611922,0.4999211667162488,0.0037634709369898,0.0087377326922311,-8.684568557970618e-05,0.0297758570207335,0.0425290530537214,0.531612737161746,0.1262253517372979,1.5700079848575246,0.387157495990083,0.3933808102941835,0.1743146183040319,70579.37
2026-03-21 20:00:00+00:00,0.4962791839971416,0.0008841828195016,0.0022088240591748,0.0076646939085502,0.011508323418961,0.0133006241194507,0.4298940697672544,0.0351840192302311,0.92570061442116,0.4669234535603032,-0.4360255897641051,0.2122801774570711,0.4997825416635648,0.0034416553945846,0.0111336522818796,0.0026603529020108,0.0324312381246758,0.04240743112479,0.5058720567935304,0.1248725577437372,1.5687610830015228,0.2992573784248686,0.1553498787087069,0.1729752320204961,70383.09
2026-03-22 00:00:00+00:00,0.4880582387056818,0.0007570697975943,0.0247863223592836,0.0303460275725804,0.0346357444338325,0.0130564896908491,-0.322710643813435,0.0299566693561402,0.8302048604753611,0.8498150338418138,-0.830344656762319,0.2070600652943413,0.4986275275609399,0.0031707892349032,0.0343055088006647,0.0260460446616404,0.0563535609302601,0.0430708852214914,0.3147039727911456,0.1252684709507861,1.5428082061381858,0.2809156667051898,-0.6982603956575543,0.1716103937028732,68773.99
2026-03-22 04:00:00+00:00,0.4918191848960507,-0.0004605774886477,0.0125003519330177,0.0196862510978119,0.0251012341005796,0.0141390736689247,0.0399273110883436,0.0319441658215236,0.9841560566017128,0.9977219795211328,0.414542251436013,0.2168433166164562,0.4990438067127108,0.0025736240628159,0.0248710967892273,0.0174192889587205,0.047478136864024,0.0427037666363669,0.3755410276379149,0.1226680706300125,1.551866663469583,0.3575564997550666,-0.478599098909426,0.1699116295989229,69334.03
2026-03-22 08:00:00+00:00,0.4898521954925352,-0.0010415726338332,0.0162239109540955,0.0243963820657358,0.0307631282825622,0.0139435268074433,-0.0964243966705174,0.0334355132940392,0.869754372667451,0.3858899346962466,-0.6744140974416916,0.2260519119127492,0.4987240598815581,0.0020772522355521,0.0306177662698565,0.0237930990509349,0.0540263493136445,0.0429651560454774,0.3172595994640993,0.1218429384054324,1.5125443119040831,0.3686013300525702,-0.6339109015116389,0.168233121614225,68881.66
2026-03-22 12:00:00+00:00,0.4871918596595246,-0.0018350371225694,0.0216936412697787,0.0313182352414171,0.0389248572238813,0.0138405603605155,-0.24207979997941,0.037079920229598,0.9499166252309056,0.4584215653275347,-0.737975129047404,0.2377735632645359,0.4982803853342844,0.0015022426447255,0.038880853236358,0.0328023710078617,0.0633581149792841,0.0433428285339433,0.2360993308260836,0.1212215357197322,1.5517252753044115,0.3777106062886535,-0.815241955127336,0.1665765011398588,68252.61
2026-03-22 16:00:00+00:00,0.4909550609136087,-0.0020591070677011,0.01019648121512,0.0204657509666916,0.0289683630965855,0.0136045539214513,0.0626768197997027,0.0400731243687416,0.9777897652622428,0.5930286190571259,0.7075905728201825,0.2502743973688069,0.4987117536281814,0.0009504168554573,0.0290172193528333,0.0237411345553022,0.0540747310244462,0.0429585285725611,0.3010538221136339,0.1186314423073446,1.5573633294732836,0.3961926098200661,-0.6922027221055389,0.1649911081644103,68829.36
2026-03-22 20:00:00+00:00,0.4884134287933495,-0.0021653201326067,0.0158387928801371,0.0267198372201025,0.0361828591004991,0.0133338394786682,-0.0604765076149084,0.0441651549826302,0.923475417157939,0.536522470919908,-0.7471875041506771,0.2617713234033837,0.4983111449586005,0.0004325521485677,0.0363223693138401,0.0317526697067935,0.0623785777918264,0.0432155769041361,0.2331907719471095,0.119812521445045,1.5346385881027118,0.3932094518694325,-0.889197478991594,0.163424477478312,68266.8
2026-03-23 00:00:00+00:00,0.4878386390743764,-0.0025785418045497,0.0169564505015384,0.0289281473866223,0.0395945119566081,0.0136529586806805,-0.0698020165586405,0.0502252365686173,0.524064147186399,2.148962680074076,-0.2779205867736076,0.2774357903416837,0.4980981990396702,-0.0001706090167685,0.0398412138660584,0.0361318215944732,0.0670152895997873,0.0433903044675391,0.1959252524578839,0.1208739300392365,1.471541868870241,0.4982964514500222,-0.3704091405153807,0.162159990728551,67942.45
2026-03-23 04:00:00+00:00,0.4898210555314732,-0.0026199426220225,0.0113229524954983,0.023856988683047,0.0355008901931894,0.0137913837664382,0.0518815464669607,0.0553231211496523,0.6849165248384308,1.272179298896916,0.1475428333362184,0.2926730147079178,0.4982469987318206,-0.000739113207998,0.0358469494333932,0.0329979302174232,0.0639162730478197,0.0431587433223063,0.218086592723935,0.1209030323661197,1.4771412012203629,0.5091913961220913,-0.5590473706129218,0.1610207045595617,68112.45
2026-03-23 08:00:00+00:00,0.4919626950800215,-0.0021376535136983,0.005870135577265,0.0181390638703453,0.030360347981539,0.0139758338137275,0.1628714346820777,0.057871584197089,0.9305570399349856,1.3067215307818665,0.1801926304062715,0.3029740858180825,0.498454435915685,-0.0012004051740815,0.0307849630802652,0.0286660511547511,0.0595361789115167,0.0428222603026781,0.2487653546199735,0.1203678438813624,1.5144463749568318,0.5913746165533191,-0.3079528762852661,0.1598949012412509,68368.01
2026-03-23 12:00:00+00:00,0.5008022699403641,-0.000859631458692,-0.0176973311917788,-0.0071386997246225,0.0048123558464983,0.0145698215438712,0.6028994262914813,0.0578886803724192,0.6932219799771979,2.750571603263166,0.4672440230534413,0.3064360619769611,0.4996936830057732,-0.0014628990618268,0.0052732927990715,0.0036928284182411,0.0338057670302187,0.0416791341309033,0.4504533079422053,0.1164767140288082,1.4855578414508948,0.8061453656187509,0.4314025306473762,0.1587127917520691,70046.99
2026-03-23 16:00:00+00:00,0.5009021449147353,0.0020254202371628,-0.0131443318372999,-0.0068472288559229,0.0036055690588014,0.016683513567334,0.6228296617574826,0.0589770580114032,-0.1631991852923971,3.495534341983749,0.0455363545931931,0.2864583950913843,0.4997677482233401,-0.0013203230471026,0.0040273595914195,0.0023270460178306,0.0321160773001638,0.0418531907523208,0.4589734858040364,0.1150123220970872,1.3985801694800313,1.128518787232443,0.29530358677815,0.1574139537227697,70152.0
2026-03-23 20:00:00+00:00,0.5025697900827106,0.0036659431706756,-0.014879834247206,-0.0115870149967014,-0.0024167896163572,0.0169923668431322,0.727185258017424,0.0587946943107806,0.2525092733560535,1.3004192714237148,0.3943769680611707,0.2672210824104907,0.5000782994282712,-0.0012104254208441,-0.0020278510676648,-0.0037903503445818,0.0255581059430971,0.0418521548645644,0.5108048862895186,0.113762193055134,1.4157262612395944,1.2314992302945418,0.5186952299087941,0.1562032374248424,70590.01
2026-03-24 00:00:00+00:00,0.5044341643922913,0.0045285449270629,-0.0177498151684925,-0.0166243496550481,-0.0085837104748488,0.0164764365600689,0.8211900589441066,0.0596798535482876,0.1747367582768904,0.6576978263799586,0.6625150544899118,0.2492636824032463,0.5004006700220764,-0.0011119955998667,-0.0082247798471378,-0.0100380765538089,0.0188741485645698,0.0418292507737359,0.5649086866301152,0.1124620326961974,1.3774950413762663,1.1020964873653685,0.7067829457364334,0.1550068493154803,71042.41
2026-03-24 04:00:00+00:00,0.5020055340704505,0.0047708930948565,-0.008491466965907,-0.0086577644753221,-0.0013922083669968,0.016203999974165,0.6898331293387909,0.0610875593681394,0.1039759593586659,0.6280625980502987,-0.6204877694004617,0.2327784121924383,0.5000369587704272,-0.0010725683590303,-0.0010492736676155,-0.0028788149892932,0.0260165906041225,0.0423583116289439,0.4990329242040933,0.1126025332281997,1.3574424520483166,1.055291149546502,0.5603332878653725,0.1538246198281321,70536.11
2026-03-24 08:00:00+00:00,0.5052419233213861,0.0046363571820996,-0.0170428448217898,-0.0180594956046655,-0.0115646589485198,0.0156176836606342,0.8571300164180562,0.0605918006218855,0.1402345832754446,0.7235105506863838,0.5637402541093371,0.2184424087746623,0.5005611365230778,-0.0010315604278013,-0.0112398400671892,-0.013031251269857,0.0153585907268536,0.0421362130956555,0.5887927916755246,0.110746036158697,1.3883142987201915,1.0150640952899397,0.7401640203121476,0.152656381402977,71264.21
2026-03-24 12:00:00+00:00,0.50423364782863,0.0049996494640501,-0.0118477733317449,-0.0143743847424792,-0.008932280453121,0.0155791004021914,0.8068522878201075,0.0621101422314003,0.423115563829764,0.5503465978770462,-0.3061610841408748,0.2067913465554452,0.5004394312946403,-0.0008834199649429,-0.0086448122284479,-0.0105950855725347,0.0175738198829356,0.0422923740304918,0.5679403090395206,0.1109433193773424,1.4780944072757332,0.8168241351777461,0.4845258750318056,0.1515019684631762,71100.81
2026-03-24 16:00:00+00:00,0.4982392125502026,0.0042949112663099,0.0066758818216086,0.0042314627255486,0.0093575224551425,0.0159863048004068,0.5183985949367982,0.0627794741672909,-0.1887289693488493,2.105532668708902,-0.7869542185987353,0.1976054695346816,0.4995096479773944,-0.0009093936759957,0.0096441681085981,0.0077267767948892,0.0362246789760309,0.0428841763111267,0.4052742012002697,0.1128502945608292,1.4003777543225764,0.6720840990235327,-0.1790951345091508,0.1502263354384279,69808.34
2026-03-24 20:00:00+00:00,0.4963291335859083,0.002713567922415,0.011182073910291,0.0102900823362019,0.0157608765165544,0.0164655853068962,0.4212353161699094,0.0622796990300971,-0.6616206478368876,1.7173018375403772,-0.4394693504117077,0.1951109008271101,0.4991734703977974,-0.0011183022215324,0.0160819384739392,0.0144978248588303,0.0431244965792634,0.0430683703607365,0.3473644972839941,0.1127857631278111,1.3672208382748032,0.7324803355800052,-0.5053320000000007,0.1485672931306464,69328.0
2026-03-25 00:00:00+00:00,0.5015663257285533,0.0024016048368128,-0.0053238292491479,-0.0063083055110286,-0.0012618240133773,0.0164031059161226,0.7023931478044613,0.0602411769925046,-0.3068862420016224,1.0681564112105764,0.7497235626857522,0.1892617178112904,0.5000190879323833,-0.0011224237366703,-0.0009487942664476,-0.0024113512719954,0.025569362939126,0.0422702531682748,0.5005262147095857,0.1100763806143735,1.3798032231749038,0.8026735163944412,-0.2188080000000016,0.1468425936940325,70500.98
2026-03-25 04:00:00+00:00,0.5022702363315447,0.0025498801357173,-0.0064373537372769,-0.0081384057905258,-0.0037402568468892,0.0161351170403776,0.7402563189034405,0.0607183523494607,-0.305903729957841,0.6543300648444583,0.2817048776734934,0.1790572225736646,0.5001508689704679,-0.0010468576559723,-0.0034492564606226,-0.0049499571791806,0.0227300619786867,0.042079226296749,0.526716420613067,0.1091887101294184,1.3755662221026956,0.8294542293809115,0.0599639999999955,0.1451383051652326,70686.01
2026-03-25 08:00:00+00:00,0.5031950479282145,0.0029099703232709,-0.0076575977166232,-0.0104182911188211,-0.0068722678098717,0.0157792156894035,0.780228887838895,0.0623451312198096,-0.2217689568416287,0.5323076686800338,0.3732594745126671,0.1676181582831706,0.5003252211246716,-0.0009006917850217,-0.0066169866211751,-0.0082574587323221,0.0190550912244034,0.041853728868411,0.5605720968837868,0.1083254184814351,1.391579574627082,0.8326371493909637,-0.1342996382433088,0.1434541859919229,70932.63
2026-03-25 12:00:00+00:00,0.5064922336756346,0.0033506374482731,-0.0156141063223819,-0.0196278490596155,-0.0171195870053239,0.0153199396428394,0.9115793121571228,0.0644015096181488,0.1008053300296803,1.2718586357852475,0.6175094675874396,0.1583389237307905,0.500881656938086,-0.0006864192507622,-0.016913696459459,-0.0187759107801902,0.0079295764011264,0.0413541801397016,0.6638816661136403,0.1066393599041195,1.4229493756411915,0.953345999001028,0.193815279709929,0.1419030817689094,71709.64
2026-03-25 16:00:00+00:00,0.5019832309719029,0.0034487111002584,-0.0011773235128073,-0.0060280333325122,-0.0043581614645663,0.0154803354605579,0.6898718412577013,0.0675046899421168,-1.1776003665931154,1.6515093481699863,-0.627565358085664,0.1523379883969398,0.5002324287475985,-0.0005076788778383,-0.0041927284275676,-0.0063009799463429,0.020429358397535,0.0418999119053277,0.5495801293026544,0.1075741557742869,1.33206430618409,0.9532159596259928,0.3237396101601598,0.1405979045146317,70825.3
2026-03-25 20:00:00+00:00,0.50163342202534,0.0029439898390177,-1.3700339952738004e-05,-0.0047923785574234,-0.0036168697751318,0.0156523224271799,0.6603096160154872,0.0667731490471242,-1.991612646131067,1.2666954445116234,-0.0312070261647703,0.1426779290587431,0.5002036508884696,-0.0004100668371436,-0.0034764144714136,-0.0056869343553226,0.0207998435238283,0.0419191987709262,0.5452060233771703,0.107614202660826,1.2732138433571054,0.9322263353615832,0.5258833846065369,0.1393081733444962,70791.26
2026-03-26 00:00:00+00:00,0.5038200284012921,0.0025644133187797,-0.0062977723333036,-0.0110582375513786,-0.0103870121788943,0.0152311971388997,0.7464944764920552,0.0651808217653328,-1.6893322447803123,0.6961399584113062,0.5450388758883217,0.1346962378445988,0.500566727192851,-0.0003007567975089,-0.0102740236274735,-0.0125857639636719,0.0134518502962279,0.0414590780549881,0.6117056112894559,0.1068332620546423,1.2926583122669737,0.9000752936566608,0.4743932249176757,0.1380337054622478,71296.68
2026-03-26 04:00:00+00:00,0.5017018317455454,0.0021500102783916,0.0001692441060794,-0.0044821759002332,-0.0042301473674953,0.0149886632777639,0.6342015891230356,0.0633518340891952,-1.6596879484729974,0.4152610063262774,-0.5425261882980471,0.1283454319935544,0.5002572288061681,-0.0002064381195837,-0.0041407314424671,-0.0065730322052047,0.0193604939140448,0.0414866074456726,0.5564292152558529,0.1074693324462102,1.2847081037212684,0.8779396844944868,0.1277161832657523,0.1367743202349273,70875.62
2026-03-26 08:00:00+00:00,0.4979274956073818,0.0009920783721472,0.0099415368262156,0.0066029894231729,0.0070398497174957,0.0151295203205202,0.4222074906646811,0.0573668766964593,-1.6018328611013095,0.7522090197083392,-0.6998667699997402,0.1236293374485238,0.499672260942237,-0.0002737689693772,0.0071381160883461,0.0047982351219297,0.0308681961144936,0.0417916940824411,0.4512817166803423,0.1087059850025262,1.2772484990224455,0.9261985147865986,-0.3742208708871768,0.1353305119889096,70071.93
2026-03-26 12:00:00+00:00,0.4939559467158668,-0.0004892746606131,0.0193544006077035,0.0180688915952602,0.0191623429799305,0.0151853852872388,0.1363394363323518,0.0501698725295224,-1.969645090464173,0.6478038456979048,-0.9102423080549424,0.1241510687003232,0.4990416921024063,-0.0004754795444229,0.0192962510848007,0.0172408316020464,0.0435630479297097,0.0422519961496166,0.3384189338636009,0.1101465109138466,1.2213344603826266,0.8525845803514632,-0.8956432877045175,0.1339236178275449,69203.03
2026-03-26 16:00:00+00:00,0.4932743806898541,-0.0017283853774833,0.0193043864127562,0.02003709763677,0.0219278964320237,0.0150484618114165,-0.007593939702332,0.0441788169772429,-2.3085682224285407,1.8548082101526149,-0.1949407127854464,0.1270028684461585,0.4988818171952816,-0.0007244703756513,0.0221066294493514,0.0204354314783379,0.0468105971832812,0.0423696413288943,0.3078257676561786,0.11048065378288,1.2029708272779265,0.9066334557033144,-0.5987684005667403,0.1327440299484767,68970.07
2026-03-26 20:00:00+00:00,0.4915936292825373,-0.0031870970531223,0.0213117718630764,0.0246424101700879,0.02776779457848,0.0153689736760155,-0.1523178064871037,0.0446451261117961,-1.6779009157367122,1.4822708884686164,-0.4527087639923695,0.1339311056729015,0.4985569044099833,-0.0011065422666081,0.0280180595669641,0.0269210864662363,0.0535291243447024,0.0427021846974034,0.2464382831506095,0.111067105137672,1.220193033536715,0.9591653354312772,-0.6636161525160211,0.1319071358003771,68507.79
2026-03-27 00:00:00+00:00,0.4929710206010809,-0.0036754186317878,0.0154257328562967,0.0201915921644133,0.0241855359723981,0.0154981657840127,-0.015830617986934,0.048328912617052,-2.537356552238409,0.8614740083420469,0.1730454192732435,0.1392799164412446,0.4987034639955304,-0.0014014780217008,0.024490049639825,0.0238807101842271,0.0504388522312708,0.0426717083911165,0.2687431666272046,0.1104443230955571,1.1567307610874982,0.984889559394084,-0.7875222299718896,0.1312103177211968,68688.43
2026-03-27 04:00:00+00:00,0.4928353295877607,-0.0038354450568535,0.0140738250305558,0.0198745224962408,0.0246604695753447,0.0151098205005928,0.0216322199111733,0.0519626620584527,-2.417514592020362,0.5484166378054521,-0.1385795367387595,0.1437629489053809,0.4986458116393609,-0.0016872223146612,0.025017815195653,0.0248828263298475,0.0514993224970778,0.0427486965137742,0.2555727488122746,0.110306174738585,1.1295377467609382,0.999905998088026,-0.8210138893394884,0.1305217461163157,68598.1
2026-03-27 08:00:00+00:00,0.4925215550979167,-0.0039450431138717,0.0133596415923735,0.0201489843255913,0.0257759731482303,0.0148865223424609,0.0463752263695487,0.0559199833154283,-2.068525779954832,0.987518971883626,-0.1945095564370662,0.1487615420849647,0.4985540321521012,-0.0019960438775699,0.0261910282514001,0.026571517024529,0.0532904809672374,0.0427252933413747,0.2355272040413035,0.1101400187856701,1.1631691851835284,1.0238287951420215,-0.8029894889885832,0.1298413233930623,68459.22
2026-03-27 12:00:00+00:00,0.4847174056099091,-0.0052140782279765,0.0346855948560387,0.0442417199670268,0.0516610254717411,0.0159683276415052,-0.2443416071201429,0.067894589590196,-2.426781658144429,1.5873350802208022,-0.7546248834550485,0.1604224953712268,0.497259924643486,-0.0025895886663549,0.0521909120352743,0.0534447027430764,0.0810849821304706,0.0438382428452701,0.0007480657494645,0.1135202442916801,1.096564663038421,1.1650210076760847,-0.6991759038140354,0.1295881524817058,66670.51
2026-03-27 16:00:00+00:00,0.482954727035413,-0.0068702179362777,0.0374183381397539,0.0506109059858466,0.0604070015660191,0.016703515645531,-0.1945854257428852,0.0840292316385891,-2.9467069218181936,3.6150619823345114,-0.6401112398609404,0.1782258866435204,0.4967945946666097,-0.0033631733082637,0.0610873935568507,0.0635337655777155,0.0918187778551928,0.0444428592144629,-0.0813649354410534,0.1161532338584355,1.0547553754749113,1.467594108811846,-0.7965603993344431,0.1298754817019276,65979.99
2026-03-27 20:00:00+00:00,0.4843028786848534,-0.0079745153247014,0.0294930625068663,0.0458007106236377,0.0579468031766892,0.0166337003775854,-0.0590379975589381,0.0972633000583136,-3.5621030615884197,2.2717534993700585,5.406282098934544e-05,0.1965631101749546,0.4968350570276185,-0.0041537545968817,0.0587813297236263,0.0624963257308786,0.0911929210318138,0.0446055743465704,-0.0706528962189477,0.1179249415459751,0.992327214868318,1.639551565461728,-0.645816407347795,0.1303133909441735,65980.01
2026-03-28 00:00:00+00:00,0.4865635675830409,-0.0079215764568464,0.0185899968681322,0.036443381511918,0.0503721296357835,0.0160365439675567,0.0698661514802679,0.1064281637875174,-1.8169180186656373,0.6087969405016311,0.54453941734397,0.2137119877878496,0.4971027517935285,-0.0048106934353465,0.0513347365957588,0.0561647224260066,0.0850869161559759,0.0445084476207194,-0.0206536695905568,0.1185874964727183,1.2019725289582095,1.6081541168618625,-0.6539201101928364,0.1307761197203186,66314.71
2026-03-28 04:00:00+00:00,0.4864919911727295,-0.0072997412525655,0.0166920051828174,0.0352323643505765,0.0506470010756632,0.0156056078632731,0.1014708983171316,0.1145552494831994,-1.532790931042351,0.3976589622775529,-0.2502630239267092,0.2256548312611061,0.4970147087324488,-0.0054106600127023,0.0517269612441626,0.0575976745526465,0.0869242311882301,0.0447137731174513,-0.0339301894805623,0.119828344149594,1.29836189241278,1.5866637045049847,-0.7086927127082009,0.1312333723455516,66167.23
2026-03-28 08:00:00+00:00,0.4883178144908151,-0.0062235829571345,0.0095814363676693,0.0279357867954206,0.0443884795327718,0.0149657351912159,0.1776936476181825,0.1190872440237848,-1.489157358857668,0.2675356836974761,0.6018286163178922,0.2353013287722583,0.4972346455858374,-0.0058921485576769,0.0455627692521154,0.0523364997948621,0.0818508410139671,0.0446031521874684,0.0048223152427469,0.1200820915722255,1.2994655090275498,1.4789204725278575,-0.6542715100695102,0.1316852136272294,66443.03
2026-03-28 12:00:00+00:00,0.4878973820807721,-0.0051807848456653,0.00960842252818,0.0276426946999119,0.0450575178819476,0.0143737285762209,0.1921901849595548,0.1220816023066675,-1.2437970355640582,0.3050330340411404,-0.3593033499740153,0.2426396342103931,0.4971289416838347,-0.0063673466896298,0.0463254421697783,0.0539985932510178,0.0838861718695007,0.0445498617042373,-0.0088224321955951,0.1215249718357974,1.4228785328866085,1.286802426765966,-0.3125828885654146,0.1321317076057472,66283.97
2026-03-28 16:00:00+00:00,0.4922520217495065,-0.0036441323463085,-0.0015611360619065,0.0150591266862998,0.032736865732998,0.0140522857026265,0.3028438821226861,0.1197283774393704,-1.147870946298052,0.6773750683567183,0.6475749063670417,0.2447803183351616,0.4976737729310839,-0.006631984037759,0.0340571351710758,0.0423607717542471,0.0721788436666126,0.0438264743660536,0.079413971372119,0.1207748119090975,1.406942764118737,0.8209199217946307,0.5686332743160653,0.1323840234544779,66975.59
2026-03-28 20:00:00+00:00,0.4921708990935598,-0.002220779223521,-0.0004544996940876,0.0147083408981691,0.0325869908801252,0.0138373237183398,0.314061824584339,0.1151814622586232,-0.9441152321672728,0.4266647253297936,-0.1961630094043916,0.2421328118629624,0.497628338030325,-0.0068929609283923,0.0339594461894021,0.0428826301959901,0.0729399934073602,0.0436547027477899,0.0704986280380972,0.1210732991924396,1.4268626277237302,0.4789730000930319,0.6128993562317643,0.1324459297606312,66897.38
2026-03-29 00:00:00+00:00,0.4893703419854849,-0.0012909788144899,0.007521662304289,0.0217615674281737,0.0400283799463379,0.0134603889601585,0.2577690327677935,0.1100047061288439,-0.9314627609131684,0.5533196840131984,-0.7655659425650759,0.2410630879859435,0.4972102083086303,-0.0072144650023362,0.0414655587161845,0.0510983691196778,0.0816361095359798,0.0437589525120725,7.948926369991105e-06,0.1220641041995665,1.4127944308380422,0.4546985414017241,0.009839480277337,0.1325071034383155,66328.22
2026-03-29 04:00:00+00:00,0.4930403084551403,-0.0005415843570025,-0.0015108272570864,0.011711295630167,0.0300362033605545,0.0131074818867401,0.355811642260713,0.1031508848554072,-0.8213713004751748,0.4712122534721349,0.6487490594431845,0.2416893197317062,0.4976518382838732,-0.0074035760991041,0.0315122341521607,0.0416861833853801,0.0721984556646697,0.0431175713983469,0.0679059513525134,0.1209985115350966,1.4139812346952296,0.4582115293290146,0.600042091085118,0.1325675531578022,66880.02
2026-03-29 08:00:00+00:00,0.4919506047218885,0.0001621929204052,0.0018413600939219,0.0140916036861549,0.0325338623245912,0.0129036148010978,0.3381661796940114,0.09467908297095,-0.7671095959605957,0.2735525451459141,-0.6390223630555107,0.2385235742096587,0.4974767696356323,-0.0076285619894903,0.0340564381729437,0.044824094904488,0.0756550730498399,0.0429738937229486,0.0405157225641257,0.1220426561178048,1.411462093758648,0.454650244915101,0.1621270525904645,0.1326272874867539,66633.98
2026-03-29 12:00:00+00:00,0.4932964646770517,0.000681095250372,-0.0008625464059663,0.0104879582383861,0.0289128587818321,0.0123788505510189,0.3829231416839816,0.0828050079893098,-0.6602122621107556,0.3910670751509587,0.2584028970230786,0.2359886707234962,0.4976111964673089,-0.0077931373754568,0.0304704206326729,0.0417530764990041,0.0727207502230373,0.0425724661816292,0.0634868458120908,0.1226666372481757,1.4174137322902092,0.463397237115873,0.4689887640449481,0.1326863148914409,66784.86
2026-03-29 16:00:00+00:00,0.4917603195986072,0.001058855072688,0.0035240167056165,0.0141630959332084,0.0326644547875529,0.0121864686688897,0.3395324841936995,0.0735738649885392,-0.498269738693738,0.4650148116225852,-0.5914441625755053,0.2318664492503536,0.4973774698234625,-0.0079939762899438,0.0342647562623659,0.0461214237515121,0.0774444734427037,0.0424533640705743,0.0313210196795539,0.1246406028747041,1.4298171415160317,0.4186845396689186,-0.5989389426656744,0.1327446437379383,66460.8
2026-03-29 20:00:00+00:00,0.491258903411524,0.0011757832985261,0.0047759777638971,0.0150012858552019,0.0336185943641347,0.0119496783099726,0.325795292342944,0.0664824876613061,-0.5029790371881107,0.5035580372529133,-0.2888548358578341,0.2302363622613938,0.4972786520157337,-0.0081906527955478,0.0352612486689132,0.0476921963999397,0.0793089007071727,0.0422112079438117,0.0220364293069427,0.1265019829741762,1.416387187918366,0.4240804804860222,-0.5976854933688296,0.1328382271548094,66313.77
2026-03-30 00:00:00+00:00,0.4902903481219604,0.0011882954218621,0.0083711237796719,0.0183334721657904,0.0371205331039068,0.0121893758663644,0.2656094804075995,0.0597627348856763,-0.4830527975855024,1.3458098275361656,-0.1731075530220479,0.2314584110745648,0.497072856644206,-0.0084025055297938,0.0388090750300975,0.0518449864327426,0.0838406657323305,0.0421498293095992,-0.0055966161912687,0.1287932783545154,1.4105123282406649,0.5388918356410947,-0.1516789010999277,0.1331158951717351,66004.02
2026-03-30 04:00:00+00:00,0.4975680822232947,0.0017241312615817,-0.007888089517115,0.000816860135969,0.0189932825789964,0.0131452113174906,0.5770968672383944,0.0540810742203593,0.0622700148297907,1.6717041530260868,0.6679906414930039,0.2346492516068294,0.4979776238509121,-0.0083232437635883,0.0206699294166872,0.0338758099275307,0.0655117381251149,0.0413596523574267,0.1311928675168208,0.1280925361768863,1.431400562547308,0.7174242091109586,0.0933656324426618,0.1336782490743581,67108.95
2026-03-30 08:00:00+00:00,0.5005238601604561,0.0028250319033098,-0.0128152603661415,-0.0062610723570298,0.0108982283094822,0.0133410112780152,0.7697037765621574,0.0467596429362132,0.2938953907379216,1.03994447005209,0.7649230769230948,0.2301156686120022,0.4983858492714707,-0.0081438654123779,0.012543704169978,0.025781494590473,0.0572428442486319,0.0410505148881534,0.1940280122656748,0.1280786593296618,1.4414754932267948,0.8355041307857272,0.3455262514483788,0.1339212537507921,67607.99
2026-03-30 12:00:00+00:00,0.5005605643208334,0.0036403110450548,-0.0105802622739311,-0.005887121030111,0.010331018209905,0.0131375575431659,0.8488688923161545,0.0391458248253504,0.5663671934902609,1.196714957232863,0.009902335200081,0.2235763422292855,0.4984049853660943,-0.007988520247847,0.0119506526087969,0.0252593137497085,0.0567529287546688,0.0410767355894267,0.1998034276209958,0.1288587442792295,1.4655817413793482,0.9641854953414396,0.2748841231293246,0.1340460873396892,67614.55
2026-03-30 16:00:00+00:00,0.5000013704809964,0.004191778011798,-0.0071145654394415,-0.0040348827023509,0.0112369889084005,0.0131416231485132,0.9039675488017924,0.032438189861837,0.7353780554574405,1.86056146744068,-0.0788174637999134,0.2161502360807071,0.498358539115889,-0.0078156417832823,0.0128277035685524,0.0261789403497414,0.0577283826900412,0.0411915812265648,0.1943538083849525,0.1297260723368985,1.471973541705032,1.1996300977290624,0.3345786308204858,0.1340598973372223,67528.33
2026-03-30 20:00:00+00:00,0.4943226489892636,0.0035564899315422,0.0079641282352449,0.0112414827703435,0.0265007880789458,0.0137936210249099,0.4288048959679745,0.0304160840352029,-0.1618441284092767,1.5922126810854047,-0.7800597295985074,0.2137515540148321,0.4975520302629088,-0.0079350824371727,0.0281215342419225,0.041963144611917,0.0741428375960358,0.0419215993258387,0.0809692486853855,0.1330406378840318,1.359193173187262,1.3907069096331668,0.0483002002714165,0.1340398129681452,66467.88
2026-03-31 00:00:00+00:00,0.4956528483525433,0.0029129724782189,0.004132469341052,0.0076309623369121,0.0226707281725466,0.0137395940625848,0.5137384744441991,0.0298842594475162,0.0927707072503672,0.6661918265139735,0.3158615163756583,0.2153156311705399,0.4977198986209392,-0.0079218337939336,0.0242947157609234,0.0383945529467277,0.0706227436840369,0.0418341599079763,0.1094318312941604,0.1340208302421486,1.384380877610606,1.289441366415429,0.2729468800936191,0.1340199662869788,66657.1
2026-03-31 04:00:00+00:00,0.5015623112741823,0.0033578282182208,-0.0097247357740664,-0.0075940251816524,0.0063469554900794,0.0141503917538504,0.9904448574733896,0.0300757891595598,0.2039170894187731,1.2698119027771415,0.5648049621688062,0.2057042270286308,0.4985739102680173,-0.0076088318254802,0.0079142914671717,0.0218031545953028,0.053545095545761,0.041068350822526,0.2314415928390399,0.132696228974059,1.3964482930142306,1.2131474219205234,0.2766996978519016,0.1339201880659709,67713.37
2026-03-31 08:00:00+00:00,0.4991915312374144,0.0034494961675719,-0.0022755350111368,-0.0009435010669447,0.0123477109555127,0.0143202287754849,0.7458387093866723,0.0301771073842258,0.0391306515033716,1.2266277039383624,-0.558127109477822,0.1924156568324105,0.4982535389676695,-0.007483879985646,0.0138971830808516,0.0278999441885912,0.0598672500443184,0.0412236865187304,0.1877701743362515,0.1343118747783453,1.3483271384401143,1.2180829267967173,-0.1482821640783553,0.1337711742075818,67285.07
2026-03-31 12:00:00+00:00,0.4961859406362657,0.0024888070307629,0.0052480820654134,0.0073814866208081,0.0207636067580292,0.0148237072437722,0.4317155263883307,0.0297268940652758,-0.2724396432255799,1.3845839331019714,-0.4061163415829152,0.188512905553956,0.4977989305165305,-0.007561387273046,0.0223358733826173,0.0367494715425131,0.0691477410799636,0.0415198778902569,0.126315556735435,0.1368812764932145,1.2817575269718362,1.2200926432199584,-0.389314174821424,0.1336843911387443,66671.67
2026-03-31 16:00:00+00:00,0.4969086412715885,0.0022009495876832,0.0038394773944678,0.0059156674838221,0.0189392580388458,0.0151289587872396,0.4534165718096905,0.029131505090764,-0.4369436715476949,2.262619932615036,0.0563614497186373,0.1832245651089558,0.4978935244655836,-0.0074720490644373,0.0205008104351027,0.0350522099978929,0.0674980359655406,0.0414112528126987,0.1402310619401854,0.1377779208917842,1.262713364125439,1.2423574866032954,-0.3223708658491275,0.1336535455193992,66747.59
2026-03-31 20:00:00+00:00,0.5022995104625527,0.002695630293632,-0.0102036344190709,-0.0093855104698133,0.0025474226376462,0.0157721587018211,0.95603641509223,0.0297033886918659,-0.9941748678458292,2.5376976689542823,0.5937586165061949,0.1735999335988121,0.4987599602520054,-0.0071140566439026,0.0040439363708948,0.0182839045488272,0.0501971663821612,0.0407149187628772,0.2611024526407374,0.1361725677386246,1.228729420811355,1.3870444310915442,0.5230518879565642,0.1335496151937355,67824.3
2026-04-01 00:00:00+00:00,0.5036984030234128,0.0033815507170709,-0.0120972928381498,-0.0128828176318113,-0.0021533919147466,0.0155952885107037,1.0234741862512258,0.0328068180178561,-1.0975125967125907,0.9061983499504964,0.5878399077360882,0.1653743310405871,0.4990214083723179,-0.0067513814388014,-0.0007218263661999,0.0132315833463241,0.0449134852280801,0.0404927583714241,0.2988248488573844,0.1358956589151533,1.1846658210733318,1.433652974569712,0.5746236426456031,0.1334146616743678,68147.26
2026-04-01 04:00:00+00:00,0.503219256398446,0.0034929694074913,-0.0095031802593515,-0.0111427466034779,-0.0013084315099949,0.0151973980023441,0.943932682741576,0.0349451265269212,-1.556922201180553,0.9904285033660676,-0.079194735004719,0.1568046401257416,0.4989864954427475,-0.006476295177281,7.618651372287566e-05,0.0138795314582829,0.0455316030001506,0.040500298895277,0.2945937008931424,0.1364677018868394,1.0864875640494407,1.4259157779781335,0.1436983279861775,0.133281305258695,68086.01
2026-04-01 08:00:00+00:00,0.5058186965228463,0.0041222002821504,-0.01469824287202,-0.0180034991690448,-0.0095774423339299,0.0152020725220935,1.071669836719929,0.0395558173691552,-1.0641939121316435,0.9974548695948888,0.4411025137851496,0.151620859753728,0.4994551779791955,-0.0060097448000556,-0.0082786109079265,0.005046175830133,0.0362785274544463,0.0401785512639441,0.3592535061343238,0.1354904904843696,1.1596018184909722,1.4394255022545135,0.4141742309969449,0.1329518735223551,68677.17
2026-04-01 12:00:00+00:00,0.5055134123658246,0.004311820267136,-0.0120828082619729,-0.0165108512328089,-0.0092642323088155,0.0150976683851727,0.9947486526468936,0.0427702323312677,-0.9212187408447378,0.4697409534218165,0.0116744066047631,0.150779697495288,0.4994613425303171,-0.0056176104749906,-0.0080354980747446,0.0049408228666658,0.0360256657385624,0.0402539387242565,0.3608373113451731,0.1356864072066444,1.1845736381938248,1.3339367388373131,0.6860457956776675,0.1323527556814741,68677.27
2026-04-01 16:00:00+00:00,0.5060647487796204,0.004111433709243,-0.0132682450694523,-0.0182542977384843,-0.0120000706138305,0.0147735806714013,1.0095722586732696,0.0447460618487189,-0.6987536793126037,1.7129037924660309,0.197191697191697,0.1467773249292991,0.4996334148554257,-0.0052501797504083,-0.0108368609967253,0.001797173942819,0.0326566838235218,0.0401482365895528,0.3847339860928477,0.1355065423041988,1.1777390642539804,1.3260661878172129,0.8276546041289774,0.1317607280841225,68883.99
2026-04-01 20:00:00+00:00,0.5022234185247809,0.0037122960183127,-0.0015610680545236,-0.0067752106288041,-0.0012748184794147,0.0151052366950573,0.7389102690420262,0.0463458469825915,-1.520668703092876,1.4237883489770338,-0.585844859661892,0.1437762133620611,0.4990746467709017,-0.0049818089301845,-0.0001557444657582,0.0123358492108229,0.0433994691705004,0.040431287385123,0.3088806913328151,0.1372038614952319,1.1096557629991664,1.197686132729695,0.1910134060440769,0.1311757068210092,68157.31
2026-04-02 00:00:00+00:00,0.5017029729804439,0.0030741086469068,-5.627059599833117e-06,-0.0049804324291489,-6.875637740932916e-05,0.014863907319409,0.6902475735308679,0.0460316759340638,-0.8066620286922286,0.667308084840709,-0.1346632981967219,0.1408068125586558,0.4990217512051134,-0.0047163574924975,0.0010056160178071,0.0132996670761875,0.0442992223613585,0.0403041815385755,0.3029397963846335,0.1376596194351319,1.1624945420026165,1.1809479079913106,-0.0382015451033854,0.1305976089758652,68080.01
2026-04-02 04:00:00+00:00,0.4946079941955248,0.0016087385275387,0.0200732389112205,0.0166718251029711,0.0217900814467502,0.0156748792477847,0.1897701416014426,0.0453787478524822,-0.5097921039308358,1.3124715127092703,-0.6892007434944186,0.1356397653904456,0.4978898259459536,-0.0047319192956481,0.0228785628135557,0.0354875503173399,0.0671861889715921,0.0411135964757044,0.1494459894406146,0.1412122572419005,1.1863155038213593,1.2899697257335865,-0.5345137635095573,0.1302756280492666,66596.85
2026-04-02 08:00:00+00:00,0.4962247274040017,-0.0002240071164958,0.0118637265638743,0.0109897733793873,0.0167684741814297,0.0158974447454361,0.267269208990438,0.0437070166926454,-0.326135957898612,0.5462013643572765,0.3776433785192845,0.134254062909647,0.498119786257526,-0.0047932756950538,0.0178763963465735,0.0307165131991977,0.0624031318109739,0.0409955181504537,0.1846720438113809,0.1415423071480059,1.229615900553623,1.231814339200766,-0.6116788717298168,0.130350737412718,66868.47
2026-04-02 12:00:00+00:00,0.4931993017247482,-0.0015425972448881,0.018398387183683,0.0196128473753733,0.0261320211651907,0.0156906845724785,0.0481323575352675,0.0447653286187251,-0.8598524474361565,0.4577345096897477,-0.9196066532424988,0.1329538585695787,0.4976133530598763,-0.0049334541610427,0.0272773248185955,0.0405493339278468,0.0726852801237907,0.041449879366384,0.1206916289367207,0.1436476732231022,1.1002883420720475,1.2443302744210096,-0.82181927914604,0.1304496003496287,66199.0
2026-04-02 16:00:00+00:00,0.496714672805173,-0.0022864587463729,0.0061393811459107,0.0088868438546474,0.0159564183033318,0.0154661248796467,0.2824544407879782,0.0471221005966722,-0.3411411856729058,1.2832472216335762,0.4297596647280219,0.1330416994062877,0.4981191446353324,-0.0049748535123961,0.0171163856785263,0.030564636883154,0.0625412230814188,0.0411849376283954,0.1902627402758962,0.1425797542440536,1.145348568276785,1.1935566179748085,-0.6011580243630296,0.1307352020122214,66801.98
2026-04-02 20:00:00+00:00,0.4972629291315681,-0.0020691655882286,0.0042353441933518,0.0071617213964372,0.0142927121369287,0.015675723498634,0.3173876521689495,0.0476051923745536,-0.558902849991182,0.952147033239203,0.0853357623835548,0.1273376810873976,0.4981979458480108,-0.0049143327083309,0.0154484952872273,0.0289777615255311,0.0609647673166193,0.0412010813906527,0.2029933888308272,0.1429294226817097,1.1202982610210777,1.1143491473900584,-0.4336015756131898,0.1310638201558852,66875.99
2026-04-03 00:00:00+00:00,0.4975890754982099,-0.0018424900684164,0.0028768719516778,0.0059175263684603,0.0130975504496335,0.0151950393056732,0.3436760347434668,0.0479053397054498,-0.4089862274955271,0.4529732751495551,0.1157226045526755,0.1213095411307549,0.498244996724853,-0.0048541132155908,0.0142492977302892,0.0278605310725594,0.0598714657271535,0.0412094759188446,0.2123881121111351,0.1434334925709809,1.1155685318877848,1.0728091373832054,-0.3926511993069437,0.1313885492772105,66919.71
2026-04-03 04:00:00+00:00,0.4960314078519418,-0.001906548169097,0.0068307353306844,0.0103715743966017,0.0178229208843909,0.0148272152625762,0.2366003839166353,0.0483505802234284,-0.741127907990802,0.5047223511597718,-0.4907984833122581,0.1178387811998781,0.4979849209151979,-0.0048740474943037,0.018987703845597,0.0328338549226716,0.0650928634354093,0.0413163532837101,0.1808411304589379,0.144990170049283,1.0528500479243892,0.8927387805759751,-0.0181606691793236,0.1317094354007243,66565.0
2026-04-03 08:00:00+00:00,0.4986465756368222,-0.0017155091017173,-0.0012279618815156,0.002440445498991,0.0099607033874513,0.0143232735007986,0.3842265978299801,0.0479131630573599,-0.1553291983165618,0.3759705300219802,0.5630219437213596,0.1158351875509514,0.4983777935800262,-0.0048083082107164,0.0111190783162051,0.0249918573577077,0.0570843235754632,0.0408458808288138,0.2352757220301004,0.1446583388941969,1.147887477611447,0.8483233779222664,0.1010611304660143,0.1320265240062784,67043.01
2026-04-03 12:00:00+00:00,0.4986439844473274,-0.0013075286823182,-0.001061538583215,0.0023512953011766,0.0098029066417826,0.014099192094328,0.3873114744974053,0.047923580398222,-0.4641260190723171,0.2547941055418694,-0.0316567178784674,0.109539400386671,0.498373766522644,-0.004727006193806,0.0109532844765478,0.0248797532156384,0.0570132881268399,0.0406844145804473,0.2374962141566841,0.1453292416011341,1.0864753749305505,0.8021569212056704,0.4696457386574256,0.132339860035494,67022.67
2026-04-03 16:00:00+00:00,0.4976295436125378,-0.0010585734678175,0.0017774175179474,0.0050984796007262,0.012557533881101,0.0139919561835437,0.3318323592907483,0.0486101858839046,-0.559561396102078,0.6723506831389017,-0.2489777059027311,0.1027651614647118,0.4982169851317483,-0.0046743742697607,0.0137062513414569,0.0277459810307465,0.0600235338293007,0.0405894100714957,0.2199269334109898,0.1464239789297941,1.0764643533160596,0.656138860922841,0.0043802201166998,0.1326494878981317,66807.13
2026-04-03 20:00:00+00:00,0.4980465402784501,-0.0007709316018707,0.000677091716843,0.0037802527289918,0.0111507558899037,0.0134940998784974,0.3440063277150801,0.0476732832525194,0.0920987774662492,0.563139254936614,0.2019458490686952,0.0960310547301434,0.4982773251085095,-0.0045844220439011,0.0122895086174821,0.0263561344748168,0.0586318836392074,0.0402702724818946,0.2306818976070707,0.1468725992382724,1.1202918266007835,0.5535477421029468,-0.0052421662775205,0.1329554514783867,66870.22
2026-04-04 00:00:00+00:00,0.4984541073452404,-0.0005064725415395,-0.0003195541080346,0.0025427317508794,0.0097988123992633,0.0127897971749114,0.3635428403868147,0.0475353532771094,0.1664602946437714,0.3259913347360929,0.4112356533995699,0.0896102404890265,0.4983343057768444,-0.0044872459519027,0.0109261515678473,0.0250061357307211,0.0572753500824332,0.0399518855525093,0.2411637979142932,0.147245117522612,1.125369549620927,0.514591753429839,0.0119197957644839,0.1332577941411076,66931.49
2026-04-04 04:00:00+00:00,0.4978344198395752,-0.000316402749024,0.001234823130785,0.0039163489388513,0.0110823395327424,0.0120849054963503,0.3403321558303814,0.047675197167349,0.2028885886353651,0.2276371126283311,-0.7175805324353691,0.0835321455375204,0.4982484964091747,-0.0044023747965374,0.0122013140836638,0.0263288084364408,0.058674713736855,0.0397333861291775,0.234040855821433,0.1478740373191344,1.1282673061908803,0.4479920791711542,0.2625480226573823,0.1335565587379427,66818.55
2026-04-04 08:00:00+00:00,0.499137413279949,-9.055364526328658e-05,-0.0017520942804011,0.0006490748658685,0.0076395835675759,0.0114235392689878,0.4209785377021878,0.0466240499760007,0.6431532524617658,0.3103641934787286,0.7407056422219009,0.0783500970166029,0.4984206149848421,-0.0042821390705138,0.0087419896417406,0.0228259558508847,0.05508544751157,0.0393028301492342,0.2588139838331814,0.1476118089550218,1.2030084915646082,0.4194934590205813,-0.023460783181238,0.1338517876134143,67021.77
2026-04-04 12:00:00+00:00,0.5000699795997247,0.0001905179656155,-0.0034429137769207,-0.0014522355756387,0.0052870160350717,0.0108533246749783,0.4786524592603119,0.0457319499082181,0.6418225991445672,0.2847517989781916,0.4283743965895349,0.0749234248704602,0.4985399994507709,-0.0041421365238607,0.0063691212713314,0.0203845268422468,0.0525726048065928,0.0389112227052455,0.2766225059542371,0.1473143499688499,1.202415191210219,0.4106837655915686,0.1568210696546092,0.1341435226109186,67158.43
2026-04-04 16:00:00+00:00,0.5015153779798096,0.0005611968370002,-0.0058391029288474,-0.0044556395990409,0.0019041867443452,0.0104397412427213,0.577778766028087,0.0415076375865488,0.6271529421591525,0.5101970924454462,0.4207087900194847,0.0744194823456662,0.4987256270486007,-0.0039618044272401,0.0029576207713735,0.0168320289633419,0.0488865793117703,0.0384491347425184,0.3018941102293073,0.1468309296450982,1.200699085363038,0.3529327485595995,0.730075061690124,0.1343719510057608,67372.22
2026-04-04 20:00:00+00:00,0.5007925066156969,0.0009554390801808,-0.0033280693488237,-0.0026629094852447,0.0032438371878498,0.0101894847312795,0.5734738641024706,0.0369591609819766,0.6227185355042787,0.3891194406118877,-0.3307801124797114,0.077009522224359,0.4986511945686997,-0.003766648435721,0.0042668293274477,0.0180102772801924,0.0500537360987578,0.0381840515209425,0.2955806016979593,0.1469247351108959,1.196446035431432,0.299709748220461,0.531194412472541,0.1344306100154695,67276.35
2026-04-05 00:00:00+00:00,0.5007292693026429,0.0011416265629244,-0.0025224673938817,-0.0023380504669388,0.0031727509475318,0.0098458339905224,0.6102063681830617,0.0320482992706995,0.64139941110086,0.4473606468814596,-0.0082551594747155,0.0784162461140664,0.4986545109895675,-0.0035790699511366,0.0041663610508066,0.0177712560389193,0.0497622778199065,0.0378680180657437,0.2987811533007887,0.1464833009831758,1.200016873463976,0.2979617659878372,0.447891597781716,0.1344844870898988,67273.93
2026-04-05 04:00:00+00:00,0.4995751524909356,0.0010388523817717,-5.92307832509853e-05,4.740087812726834e-05,0.0053333936418598,0.0095793032871929,0.5814165827276375,0.0259966853470357,0.6838738619563199,0.3875525798449797,-0.4554709580665358,0.0770673598737059,0.4985264240890193,-0.0034392391391236,0.0063076820447014,0.019855500024136,0.0518883288192546,0.0376427361987279,0.2862965350822177,0.1460087198199473,1.2018657405471456,0.3060974827317441,0.3890472951763079,0.1345377265575796,67116.0
2026-04-05 08:00:00+00:00,0.4972760688175857,0.0007051928927284,0.0040605378932458,0.0044603094171575,0.0097065152045521,0.0093936382290932,0.4204911802843957,0.0200742540883089,0.9489671895403332,0.4194478247698463,-0.535301293836648,0.0744855417100438,0.4982681918799543,-0.003352937770527,0.0106727391950287,0.024255426924987,0.0564297071016821,0.0375137986699226,0.2575816812606999,0.1450206777962334,1.2316475503457196,0.304573408935899,-0.2323674080410589,0.1346668752100536,66804.46
2026-04-05 12:00:00+00:00,0.4986750232479607,0.0005238166405069,0.0011438046727954,0.0016798115221665,0.0068127007519875,0.0092013014723721,0.5772871722459877,0.0168912065724107,1.294143459493195,0.3226462168137427,0.5350448499845412,0.0720028509648273,0.4984235426804534,-0.0032340818996865,0.0077621653885273,0.0212666188389931,0.0533431280053782,0.0371393475101105,0.2788187255704394,0.1432336584734214,1.2688412439058574,0.2959631294968277,-0.1935201026518354,0.1348809518686286,66977.44
2026-04-05 16:00:00+00:00,0.501573474066848,0.0003856819867547,-0.0043589366893608,-0.0037096940568294,0.0013082830951722,0.0090602020879106,0.8807536587531595,0.0162834503464136,1.1848017160642967,0.931308287577808,0.3052871994119601,0.0712862366440187,0.4987405942860704,-0.003111585047333,0.0022393237143683,0.0156326702775133,0.0475286761039668,0.0366802996081984,0.3187841769302865,0.1406424495237646,1.2544465301068075,0.307787555039506,-0.0378877887788764,0.1350656978578497,67326.3
2026-04-05 20:00:00+00:00,0.5017720969393294,0.0006869932765987,-0.0040104070785383,-0.0038938580212379,0.0007343901179546,0.0094098777778789,0.8855432728619972,0.0157205664328334,1.3348897568119034,0.784926685728683,0.0887884864329665,0.0742939399529839,0.4987789851114594,-0.0029213239660755,0.0016349189494175,0.0148572713441366,0.0466674112232492,0.0364402687822072,0.3255211047954193,0.1383533507437344,1.258506594012522,0.325932804727325,0.0701485148514765,0.1350666032389371,67361.37
2026-04-06 00:00:00+00:00,0.5147245515295241,0.0014691474715905,-0.0267170909979974,-0.0279207112405726,-0.0241820823491503,0.0093528338225757,2.136184304667473,0.0183249948089167,2.653818213162414,2.710902886280993,0.9221742012461912,0.0828713892588233,0.5003087247117933,-0.002551582094929,-0.023355850412719,-0.010792652314481,0.0200742969931078,0.0353632340571217,0.5184019711015527,0.1318637918537258,1.31067093713447,0.4985084599598032,0.7024730769230798,0.1348471065034558,69100.36
2026-04-06 04:00:00+00:00,0.5134055883250624,0.0030901002063781,-0.0220211541883034,-0.0260042582448413,-0.0238524187219317,0.0105271484845551,1.413467900950008,0.0317928075330545,0.7900457820342476,1.848481945943813,0.0530610755722094,0.1050665676754205,0.5003425955579072,-0.0020166457912667,-0.0231254729246298,-0.0112478761934358,0.0192969547393331,0.035429474278123,0.5297257290029792,0.1275219639826123,1.2478741979698549,0.6115566718756938,0.6849003714961179,0.1336424801456845,69143.99
2026-04-06 08:00:00+00:00,0.5125380469073807,0.0039151422741589,-0.0178962136642742,-0.0237827656991674,-0.0230015360128295,0.0103978911038794,1.190056004678249,0.0398969242006363,1.2147542689812352,0.8027227471983185,0.0054508871410205,0.1246236581953283,0.500343078442535,-0.0015216762411118,-0.0223659612221801,-0.0111302852896494,0.0191176850606356,0.0355103741222156,0.5358593656750128,0.1243062383932489,1.2937882149171154,0.6362773751418582,0.8100637673942509,0.1324521098791562,69146.97
2026-04-06 12:00:00+00:00,0.5146733806140836,0.0047705334145515,-0.0196296762054517,-0.0276147295331021,-0.0284358589514498,0.0107594571893246,1.1563214548826306,0.0487111813524662,1.1520192339626905,2.3075722371322893,0.3884324924770526,0.1457107514181741,0.5007463543284991,-0.0009381353085135,-0.0279117051049733,-0.0175228073744971,0.0121603713667892,0.0354271317444844,0.5971863096044985,0.1204491682407651,1.3147286886120146,0.8001474257942296,0.7326992429227032,0.1310432362828104,69616.62
2026-04-06 16:00:00+00:00,0.5155482430112052,0.0049422707761241,-0.0206862041623026,-0.0298990395074373,-0.0320368053549584,0.0108036905408544,1.1366847744667443,0.054351892413582,1.6002293423759322,4.411890852446231,0.3976290676308424,0.1657379667732205,0.5010309580533174,-0.000418432435034,-0.0316110738126627,-0.0219801030488521,0.0072178746179263,0.0354241741790918,0.6452388986160167,0.1168573568943936,1.344175839584636,1.1193928417378325,0.8397372343079358,0.1295444664319214,69952.03
2026-04-06 20:00:00+00:00,0.5121433322795346,0.0050253998294156,-0.0128952106983126,-0.0232619805273394,-0.0267352797224322,0.0112100675528041,0.9687258064088432,0.0606464559863901,0.8262827898774939,4.051159323928884,-0.2690060061685045,0.1862332534913469,0.5007591180849273,0.0001122786256671,-0.0264073105625368,-0.017486277715615,0.0114654101632385,0.0356872553211183,0.6172891228016351,0.1135970239299601,1.3060999138607252,1.507572331310331,0.748103112364282,0.1281162370065944,69653.73
2026-04-07 00:00:00+00:00,0.5060961564876469,0.0043518111040906,-9.79713172583052e-05,-0.0105337800694909,-0.0148981808909972,0.0115763273465532,0.7444140331036313,0.0640495522436711,0.4254073988090132,1.750957596964396,-0.4648388723465566,0.2006357372823842,0.500075974981622,0.0005309851824605,-0.0146435498422212,-0.0062280405705343,0.0227313945268419,0.0361312494813704,0.5256828431881858,0.1108370429751791,1.246630973746638,1.4897841464469452,-0.1079609866697953,0.1267077882565171,68879.42
2026-04-07 04:00:00+00:00,0.5049824397400763,0.0029791412214296,0.0009600597529189,-0.0082652362123971,-0.0128749782534063,0.0120260605221316,0.7001441456455598,0.0638988277857649,-0.1121741492108513,1.4057254266224035,-0.1245740513224646,0.2018709053584437,0.4999828054481385,0.0007831896260901,-0.0126643603524283,-0.0046173405209544,0.0241613588734974,0.036116667593031,0.518216281966683,0.1070829435982537,1.1779911373325076,1.509409672900348,-0.1764884467783348,0.1252635777589326,68771.94
2026-04-07 08:00:00+00:00,0.5035749223121075,0.0018554688870469,0.0029634160114915,-0.0051477311125589,-0.0099264892008015,0.011873712923827,0.6420386698250765,0.0633005504097062,0.0013833155304511,0.5795633298585525,-0.3154067401095978,0.2031522873113384,0.4998307384806872,0.0010108027198694,-0.0097549254655748,-0.00204099179384,0.0265924884358166,0.036143650176646,0.5007377247319981,0.1032918261853497,1.188754625826415,1.5149640569947946,-0.261129848629314,0.1238161039511305,68597.57
2026-04-07 12:00:00+00:00,0.5015591170984094,0.0010522526229252,0.0064274010063778,-0.000842949672931,-0.0058182264056877,0.0119546663484567,0.5636475665512962,0.0625297759775206,0.0769986117291064,1.1028398580549768,-0.2102205666931839,0.2047194953488619,0.4996100178957595,0.0012425831592598,-0.0056863865832489,0.0016905790103971,0.0302010566719537,0.0362218568039926,0.4702571557680407,0.0996085285828762,1.202850204809561,1.463961780075662,-0.5482665147277215,0.1224013184541214,68346.43
2026-04-07 16:00:00+00:00,0.5003259608333511,-0.0001255478530595,0.0073281609543838,0.0016510564232443,-0.0030712865371061,0.012250529771614,0.5070459429999632,0.0607796399585741,0.0072556196334804,1.8480214518893436,-0.1932071631190264,0.2006980692026684,0.4994601892497488,0.0013457183566728,-0.0029543425295693,0.0042524502868266,0.0326825521774729,0.0363162055317502,0.4477768210383475,0.0981026176225127,1.155104755898266,1.319608441091664,-0.6685628843494614,0.1211488910313612,68167.98
2026-04-07 20:00:00+00:00,0.5059984472874031,-0.0005783405906343,-0.0068218534892775,-0.0116530241704655,-0.0162878410093113,0.0124742912739766,0.7217563911703099,0.0582476170317239,0.1157494185209843,1.5423441946501155,0.8918723408305597,0.198004887792084,0.50028597761448,0.0014807352405231,-0.0161986416951906,-0.0093576257763372,0.0184965838409165,0.0358054379741059,0.5926693561662607,0.0955629624230733,1.1520446293744055,1.0955803132946675,-0.2398557534695644,0.1200335377451798,69105.0
2026-04-08 00:00:00+00:00,0.5205662179550931,0.0011711782378354,-0.0407615646493894,-0.0478207424410913,-0.0536517507176476,0.0134714406819291,1.3026256500192928,0.0616700127747629,3.709844194853297,3.671933074098632,0.7741549890997246,0.2079206392316474,0.5027160756810506,0.0019507228132957,-0.0536669661221198,-0.0479018364610006,-0.0215709888995276,0.0345033973678894,1.0240040924904954,0.0914786347324567,1.3400783992893048,1.4828818609983443,0.6058315291953157,0.1190992181153105,71935.21
2026-04-08 04:00:00+00:00,0.5154775000881454,0.003120037355006,-0.0249453012309404,-0.0352667673434483,-0.0431266465122467,0.0151009635450859,1.0274989284048162,0.0718461951535516,2.5681454614667776,0.993686700263912,-0.7378828342519519,0.2277180175122855,0.5021246029023557,0.002683218065872,-0.0432801832697514,-0.0385579395246807,-0.0125544812603058,0.0352428446469503,0.9234373145832204,0.0926285646861225,1.294107753260915,1.484163382934076,0.4984714391073682,0.1190728347488269,71286.2
2026-04-08 08:00:00+00:00,0.5166765359256029,0.0042400671501986,-0.0241408514414936,-0.0367640995781246,-0.0463697323702674,0.0146088855625441,1.008415147566344,0.0787146751595639,2.7731415499724976,0.5259978215096905,0.5858758007821494,0.2466258884827958,0.5024367021245115,0.0033519859036663,-0.0466547913510755,-0.043031869188891,-0.0177387474098607,0.0354715858491731,0.9763800310351256,0.0929069536279189,1.3755009004849008,1.504614517935006,0.6093565373238464,0.1190467636155647,71671.14
2026-04-08 12:00:00+00:00,0.5160847504059873,0.004628151607155,-0.0201203917180753,-0.0341958147543275,-0.0453135378953246,0.0140255777011488,0.9536192898356136,0.0829549681863335,3.0219589705521344,0.5909920355288051,0.1027292791903661,0.2639901668408983,0.5024656028934925,0.0039768467745965,-0.0457201211201609,-0.0431182113530019,-0.0184048033012654,0.0358560250938198,0.978031056087256,0.0938242984323131,1.501082124027604,1.469789160549713,0.6704969904598772,0.1190210010204086,71728.39
2026-04-08 16:00:00+00:00,0.5121154907987936,0.0044620802102779,-0.0111000920491453,-0.0259277355062845,-0.0383463215500301,0.0145653005206673,0.8431329603815078,0.084707439927333,2.697372408363373,2.417253399848529,-0.1802014949029039,0.2783776747833943,0.5020811729170418,0.0045642086266393,-0.0388650367148035,-0.0372011220354276,-0.0128958925151975,0.0364645109222708,0.9118124819429896,0.095552612151485,1.5103032490424446,1.696145166771484,0.6598862336937359,0.1190331910380607,71336.15
2026-04-08 20:00:00+00:00,0.5113959711917692,0.0039047376426014,-0.0093688388056798,-0.0242412985554594,-0.037599835057125,0.0150242795189826,0.8207854521496244,0.0833756331001288,2.8180669196134507,1.950526914211184,0.0641777261266185,0.2873664607446858,0.5021047895781752,0.0050530493893741,-0.0382140553261486,-0.0374185898370551,-0.0136520892567846,0.03675458136985,0.9145567407615912,0.0964388715962,1.5389656306501365,1.891801230635646,0.6093062434897233,0.1190624213505207,71397.99
2026-04-09 00:00:00+00:00,0.5087349971722979,0.0031129003360974,-0.0026305422898749,-0.0171297271450419,-0.0312403698013423,0.0149208955362667,0.7338766398089698,0.0798795704333546,3.2020262566918527,0.6304083963956341,-0.4200391607095194,0.2953993300160346,0.5017704323844804,0.0055027211087005,-0.0319404895952462,-0.0319272165033169,-0.0085327137994537,0.036984295678435,0.8582905626033532,0.0975696015004277,1.6086189411432623,1.4372855569188372,-0.4134826092349484,0.1190913057376555,71035.46
2026-04-09 04:00:00+00:00,0.5079068320277225,0.001920622098671,-0.0017077952695369,-0.0149958815483028,-0.0293561075939304,0.0148246200281071,0.7057631187901452,0.0749382126593622,2.7322714900222693,0.4389925595779674,-0.0730930175314006,0.29777102721201,0.5017060459152014,0.0058059779268662,-0.0301152681690741,-0.0307237317016295,-0.0077414913428859,0.0369633026096777,0.8488301056807631,0.0979482377739991,1.5509780321807525,1.3570173708284496,-0.1271022803263343,0.1190151980948497,70982.01
2026-04-09 08:00:00+00:00,0.5074244943907006,0.0010004847219104,-0.0011308316851473,-0.0133697833036792,-0.0279289858560358,0.0143570040140452,0.682646959136092,0.0709372769338154,2.57915732698486,0.2474524713903255,-0.0482916238143982,0.2989787481978451,0.5016750054828977,0.0060875531923108,-0.0287435331947498,-0.0299565605577184,-0.0073968728260087,0.0369357692997788,0.8447213658144823,0.0981705140729833,1.6015856502208594,1.3144495761899804,-0.2968520128393719,0.1189012212788399,70960.88
2026-04-09 12:00:00+00:00,0.5081635353252774,0.0005424156860819,-0.0031722960140806,-0.0148406730438797,-0.0296880378974074,0.0139650016819141,0.7039450098463085,0.0710969630487155,2.357404000311948,0.4207288485260598,0.3115837640878042,0.3024317991135263,0.501850161439014,0.0063789334272714,-0.0305617102744852,-0.0324277337046865,-0.0103968163029447,0.0367833299877047,0.8744024516488222,0.0982141091180405,1.61005001922805,1.295199317222746,-0.2285801457803886,0.118788593318309,71181.49
2026-04-09 16:00:00+00:00,0.5136403880286309,4.309640994850311e-05,-0.0186807820201639,-0.0294689789119682,-0.0442564342029014,0.0136408878316492,0.9158034956209092,0.0697500187217253,2.622672302770087,1.8328508745789949,0.6261404512097949,0.3034344447269166,0.5028330474325375,0.0065342371248102,-0.0451678310010478,-0.0475930625773975,-0.0263524846356514,0.0360642551508456,1.037343924029192,0.0972231301827998,1.6554187922867076,1.2297578189383656,0.5312615921546906,0.1186971558358767,72352.98
2026-04-09 20:00:00+00:00,0.5114071988172568,0.0004817902071242,-0.0130130280688862,-0.0244801163238099,-0.0400655277502984,0.0143958222822521,0.838660509507495,0.0727753199066486,2.522213546738412,1.837555701129284,-0.2306631137103136,0.3076718591101049,0.5026213990899887,0.0069655533299866,-0.0410624480792359,-0.0443156376518172,-0.023560896525726,0.0360716328411878,0.9995922510425824,0.0989001867766411,1.6656980290030428,1.2516889795069472,0.3617020263125348,0.1188840265415858,72157.35
2026-04-10 00:00:00+00:00,0.5084761687756248,0.0007234714388567,-0.0052503159205419,-0.0172216361627638,-0.0335842142864027,0.0145978122348686,0.7357337935834986,0.0755935396239365,2.2665184926600634,1.0670702321402048,-0.2290810708780401,0.3130250677539587,0.5022669712734775,0.0074005868741294,-0.0346669850699817,-0.0387536488773438,-0.0184457468094159,0.0362202229474232,0.9408253209516944,0.1006722314564916,1.644312490374579,1.369458628116016,0.2828593504462334,0.1192419797162179,71793.26
2026-04-10 04:00:00+00:00,0.5084524681854317,0.0005078717452304,-0.0052808000982849,-0.0170232287366127,-0.0337518119665793,0.0148060663959395,0.7327281743164374,0.0768625507641651,2.0005354783817464,0.5799570909890986,0.1419858122034104,0.3176469576589816,0.502340900650247,0.0077024674279397,-0.0348971134418255,-0.0396841447986821,-0.0199221925169228,0.0361688462683603,0.951378024834399,0.1014546755097764,1.5805725392584156,1.3990560101049765,0.3527084289632517,0.1197411241705972,71911.76
2026-04-10 08:00:00+00:00,0.5058504823397234,0.0001526051888009,0.0016165905441474,-0.0097325979543804,-0.0268038198211065,0.0144664245821029,0.6350837484280057,0.0769624504107197,1.6749388768096147,0.3938790164464956,-0.4889476355138936,0.3214146645895739,0.5019641687799666,0.0080174553249059,-0.0280119115346881,-0.0334835984533709,-0.0141067626205531,0.0363842346771145,0.8899633528653714,0.1028889500290002,1.3958646481748114,1.4244627163354526,0.2035598987871956,0.1202343615137263,71497.46
2026-04-10 12:00:00+00:00,0.5088861845364195,-0.0002700382190431,-0.0065437583065395,-0.0171393814348195,-0.0341455171636623,0.0140821338276616,0.7330735011850081,0.0726665646528822,1.876099772541581,0.3297282063258245,0.7452284591471543,0.3209941236776933,0.5024963684658386,0.0081632534667994,-0.0353888869180443,-0.0413980191769379,-0.0226649765328007,0.0360694850121937,0.9712223031939377,0.1027849921681757,1.605560879002486,1.3974099738065298,0.3608608399752624,0.1207217616531509,72132.73
2026-04-10 16:00:00+00:00,0.5097690478834467,5.375201767111979e-05,-0.0090912395964219,-0.0200263629736636,-0.0374604585963692,0.0140681022911417,0.7785115580600329,0.0689871449821186,1.675037662004683,1.9294918130014111,0.2538009015203605,0.3256575102993636,0.5027655681619544,0.0084480573666705,-0.0387656395995995,-0.0454926718881391,-0.0274040464201223,0.0358612243622751,1.0117407597049046,0.1036129655728998,1.585462618375456,1.409965859937676,0.0760912864810458,0.1212245534146614,72498.15
2026-04-10 20:00:00+00:00,0.5129242075284495,0.0005233181984476,-0.0162876088297497,-0.02780884190243,-0.0457406125250653,0.0140593602569019,0.9091337465202948,0.0647786159390605,1.9332368685314127,1.6312668626813238,0.8399827546181137,0.3330083007570302,0.5033849216169615,0.0087289442475927,-0.0471092132574123,-0.0545839028564856,-0.0372696163836123,0.0353774684596453,1.0991465848946431,0.1044024408923038,1.638872218585221,1.345666597144085,0.5769089651123764,0.1217995744993136,73258.0
2026-04-11 00:00:00+00:00,0.510811564775836,0.0007592259858312,-0.0098301235569885,-0.0218527945854183,-0.0404664927343748,0.0137599317323614,0.8527373097182064,0.0553297444511562,1.8101952524371152,0.6745681695638429,-0.4032728187373304,0.3400176817076002,0.5031188136985755,0.0091144612223732,-0.0419145818478203,-0.0502264374289299,-0.03344099355748,0.0354183707001297,1.049922912255309,0.1067915287058136,1.6230463787331897,1.2400090137830526,0.5825970522694385,0.122430619696378,72985.45
2026-04-11 04:00:00+00:00,0.5097834312248357,0.0006293431079177,-0.0064016432505247,-0.0183797609070409,-0.0374017217124462,0.0133595860281279,0.8533971514587273,0.0422399239610087,1.7635976310852544,0.2345619432194216,-0.234688380573521,0.3441622075155399,0.5030009042437149,0.0094149693486191,-0.038913747782389,-0.0479644241125736,-0.0317188044329107,0.0353859377586389,1.0211496585696371,0.1090281111087893,1.672567438370967,1.155740089957133,0.4693400836623801,0.1230630670906283,72872.18
2026-04-11 08:00:00+00:00,0.508881049360841,0.0002232425694783,-0.0039498177911504,-0.0154387505869362,-0.0346384413320652,0.0128890755274625,0.8117144062151246,0.038274717843769,1.5803362050965168,0.2085212769189276,-0.2896619079079515,0.3472191087962597,0.5028959007126871,0.0096471687025425,-0.0362014315828292,-0.0459045011525686,-0.0301726178560446,0.0353484019409956,0.9962490643622578,0.111033407935211,1.5619272960734447,1.109615673940212,0.6225223816411875,0.1236880298036715,72771.34
2026-04-11 12:00:00+00:00,0.5096052936169826,-0.0001204897758637,-0.0053131373791878,-0.0162770453832821,-0.0355290455035988,0.0122324995817548,0.839482456358365,0.0394179069222753,1.5437584720688469,0.1698504570712148,0.589098103424734,0.3499633729252778,0.5030340105811444,0.0098203627717313,-0.0371330871181105,-0.0474262214511491,-0.03226200899486,0.0351326076816267,1.0048816617443426,0.1126217324559631,1.6194701227365425,1.0681594629870874,0.5140501941999804,0.1243055964127599,72944.04
2026-04-11 16:00:00+00:00,0.5089204512919588,-0.0005167792969141,-0.0040198784263124,-0.0143477453710306,-0.0335931671961546,0.0117959605756778,0.796028988606676,0.0404620769815997,1.5537624847785625,0.2988582627542953,-0.1019745445035174,0.3518832897407955,0.5029719557208598,0.0099824803190934,-0.0352354937553366,-0.0460974708031962,-0.0314380695310029,0.0349524654170605,0.9874515881383992,0.1144455257818838,1.685025101729341,0.714137981426254,0.3736128929551377,0.1249158544468817,72897.13
2026-04-11 20:00:00+00:00,0.513030167848351,-0.0003560754949624,-0.0130080497601055,-0.0233206095938426,-0.0426152640957641,0.0115765037314343,1.0095656421607304,0.0424953548327458,1.6129789021531695,0.4472614518625574,0.8225892381459728,0.3560010025483719,0.5036505552535557,0.0100946458456227,-0.044290237953097,-0.0556900396095549,-0.0417487007734719,0.0343275952145424,1.0684771374468214,0.1153023490641859,1.7520008863785634,0.4278316707456164,0.3511838550770721,0.1255793989708865,73700.01
2026-04-12 00:00:00+00:00,0.5083737137452479,-0.0003317088949436,-0.0025928923462558,-0.0129613047479152,-0.0326382826776712,0.0116076290656518,0.7646579651500487,0.0445632975471126,1.5273727091480074,0.375639800676847,-0.8645597892230876,0.3614967190506647,0.503042689457083,0.0103892161835094,-0.0343760359711526,-0.0465215689116123,-0.0330199204695355,0.0344254007552142,0.9787552905743128,0.1183794078915989,1.7378899772766832,0.3376407024708903,0.0541236294295331,0.1263604549327525,73053.57
2026-04-12 04:00:00+00:00,0.4996973135081982,-0.0015671150596547,0.014998040185068,0.0063475894318993,-0.0130343758304445,0.0124909165390888,0.3250041418635074,0.0451182651776544,1.53003056103708,0.7723951020730446,-0.7386387233838626,0.349898455349348,0.501777236154312,0.010546720242191,-0.014805019077124,-0.0274885391068592,-0.0141501769005008,0.0350068333923325,0.8112683828467688,0.1218247088619875,1.738943901083814,0.4097128393169339,-0.4768278698248226,0.126580976237962,71666.33
2026-04-12 08:00:00+00:00,0.5000496157885599,-0.0029193204508373,0.0112251233596138,0.0049903982203503,-0.0132882183958908,0.0125980625084085,0.3338220309661547,0.0441860132696559,1.5212240550126055,0.229026898236211,0.148450681592954,0.3308074560898219,0.5018154983666733,0.0103588754233439,-0.0150301795449118,-0.0278082980172923,-0.0148183691424202,0.034983098064684,0.8125810635878125,0.1224482108376741,1.7376666495206554,0.4011151356815819,-0.4150381588833085,0.1264076612099329,71721.75
2026-04-12 12:00:00+00:00,0.4982299990474799,-0.0038248168422062,0.0128277809918126,0.0085460743531491,-0.0087432069652718,0.012108975859741,0.212657480737338,0.0417751488418619,1.4783025917366064,0.1724485290344737,-0.6917699692422459,0.3122717907085501,0.5015414769075784,0.0102050088968445,-0.0104620925421228,-0.023368092371971,-0.010650267024966,0.0351312693899498,0.7749458526324423,0.1235816724383053,1.74434854219217,0.3950767054521931,-0.6002530744592508,0.1262363972738128,71425.94
2026-04-12 16:00:00+00:00,0.4951565271614426,-0.0048928437924475,0.0167980739823672,0.0148648432266862,-0.0011547337601621,0.0120680639092639,0.0278059035919999,0.0416752139322407,1.386666267884185,0.7174478711487887,-0.5877796047186645,0.2937036601051376,0.5010504295082377,0.0099695618991101,-0.0028337950195228,-0.0157420445674069,-0.0031810188868545,0.0354590450582034,0.714399270360625,0.1245525433147741,1.7176515661135892,0.4475497028018425,-0.6278446744310698,0.1258138340805497,70893.37
2026-04-12 20:00:00+00:00,0.4967911816650119,-0.0053261179755085,0.0106668363025401,0.0104483638401069,-0.004258541868522,0.0118048512813088,0.1162200453817181,0.0423016604811365,1.4040213864241535,0.4636535192072299,0.5505465456883752,0.2777295548657811,0.5012507211857211,0.0096353672747927,-0.0058817177257344,-0.0186550585879884,-0.0063835014457177,0.0354547772548701,0.7400779504367089,0.1242623246987001,1.734660847856051,0.4357468753467118,-0.8393002626622095,0.1251905439509571,71124.55
2026-04-13 00:00:00+00:00,0.4941587882995579,-0.0055679329769704,0.0149052521793058,0.0160930989862044,0.002509327519556,0.011761559690935,-0.0307438819472521,0.0431820972600209,1.3175715279762998,1.2076622838363706,-0.4901570930027883,0.2622262314049955,0.5008079063989718,0.0093862003635989,0.0009277380058416,-0.0118130526139068,0.000304078142574,0.0357549879440565,0.6861412995113692,0.1251975083341182,1.7196849579050748,0.5524133665867215,-0.9033255121378916,0.1245430860418023,70651.22
2026-04-13 04:00:00+00:00,0.4966202497677413,-0.0053507635457535,0.0081014323670416,0.0101334692487573,-0.0023353577629929,0.0116938089707644,0.1223172797398542,0.0453228406314653,1.3213721322387872,0.62929705658081,0.5256782729182288,0.2498764488963531,0.5011131598955884,0.0090511286481244,-0.0038618210828302,-0.0164440253534765,-0.0046286982315327,0.0354707215595166,0.7251990491637134,0.124770219904533,1.7193510093492523,0.5105059199510754,-0.5073154290441761,0.1238538786089648,71004.04
2026-04-13 08:00:00+00:00,0.495547374833806,-0.0051811949278665,0.0091393872301825,0.011987429484572,0.0005512382487247,0.0113985185306457,0.1023483502758442,0.0480249331286761,1.245885267416298,0.6182885655387125,-0.4237445230872692,0.2400065593706604,0.5009228401250209,0.0087639214111511,-0.0009276753354082,-0.0134058254939757,-0.0017765783264829,0.0353687318987597,0.7018295153184299,0.1252782279229769,1.693744621312755,0.5520151188723947,-0.704686470669341,0.1231728275824424,70802.88
2026-04-13 12:00:00+00:00,0.4964304746857965,-0.0049586457278115,0.0059402459205715,0.0095085734513189,-0.0008471676707854,0.0110876038399199,0.1676825956905335,0.0507157307092857,1.2486038934603794,0.5010888025257098,0.2244644663050544,0.2324593889382732,0.5010040549374851,0.0084212246489206,-0.0022688074442792,-0.0145527546006369,-0.0031385312326018,0.0350959010494244,0.7133086566923539,0.1249852256750507,1.7067099505759211,0.5854009480689226,-0.5127664764134827,0.1224998364354702,70900.45
2026-04-13 16:00:00+00:00,0.50292364255809,-0.0038323376363566,-0.008002341214531,-0.0050838470079441,-0.0148265323096089,0.0111786514150531,0.4617187520863956,0.0507873906306205,2.0929992370182746,5.902420919182584,0.5869475918255621,0.2220231842541991,0.5019130153318955,0.0081191042125892,-0.0162021186694573,-0.0283301041677634,-0.0173571624935852,0.0344076461279769,0.8274858160755951,0.1236299339026194,1.7862159542835854,1.2197047183096563,0.5184698809618944,0.1220640982538079,71931.72
2026-04-13 20:00:00+00:00,0.5110033367733007,-0.0020170265735038,-0.0246530779987236,-0.0236871748461391,-0.0334828598042522,0.0115402186763305,0.8495628117844034,0.0500021042357737,3.678784057321081,4.487691268942298,0.7976519488495565,0.2168063715798112,0.5031856528370261,0.0079688256269869,-0.0348434918082698,-0.0470146477731797,-0.036646019131289,0.0336779333951958,0.9833042959774506,0.1223541296407876,1.987554663454502,1.85536825109186,0.749039471983078,0.1221066484567482,73384.08
2026-04-14 00:00:00+00:00,0.5157166407519523,0.0005197777076879,-0.0329421360198823,-0.0354087777301883,-0.0461969855002794,0.012239930470289,1.0825243045074295,0.0533828161809603,2.7135271087596187,2.845789745806498,0.5837644609223148,0.2222590762031517,0.5041019680207998,0.0081131091168169,-0.0475996351602219,-0.0602302323969738,-0.0505562105469594,0.0333507131540564,1.091666205046991,0.122682380208599,1.8633806242857789,2.1713208875206984,0.8782698830214914,0.1228570600186492,74481.02
2026-04-14 04:00:00+00:00,0.5145343379862717,0.002517857907818,-0.0261521591771388,-0.0318243076951483,-0.0439535074197054,0.0126748389260995,1.0048337044502715,0.0587399940875065,2.4246980176319903,1.1024471091631702,-0.0599449000918339,0.232606839821671,0.5040259677621067,0.0084524445417706,-0.0454337045590923,-0.0588249591836739,-0.0497463207903049,0.0336660138226607,1.0725883252702326,0.1252187083450747,1.823880300691321,2.259637295484584,0.7886727376548821,0.1240098434551202,74443.15
2026-04-14 08:00:00+00:00,0.5145468384758509,0.0036928459743138,-0.0226000930820161,-0.0306255426150946,-0.0439186897368474,0.0122681167042327,0.9794287153694916,0.0635257980292566,2.107386939806636,0.608288138353132,0.1747849115271645,0.2422524015549526,0.5041120354362846,0.0087493960874785,-0.0454686814108078,-0.0595679710824528,-0.0511034944271984,0.0339009598557199,1.0728483038257024,0.1273703062005403,1.6002623032508587,2.261758383252239,0.8622446997415323,0.1251504816633641,74575.74
2026-04-14 12:00:00+00:00,0.5125824774422341,0.0042899669596355,-0.0156224564813385,-0.0253816292101646,-0.0397696110582322,0.0120809817454107,0.8914802591107438,0.0687370147781442,1.975979594783524,0.6614275565610293,-0.3005582137161038,0.2523459139724771,0.5039028466512854,0.0090650438258816,-0.0413925437403137,-0.0562446285307669,-0.048358887363138,0.0342637343638002,1.0405246732715343,0.1299797061263234,1.5862819853415877,2.2901620754158314,0.8303267593819418,0.1262857242403032,74387.28
2026-04-14 16:00:00+00:00,0.5163856323268065,0.0047690344453562,-0.0241750926044501,-0.0355100591945573,-0.0508624607216843,0.0122221749725823,1.0188853777780118,0.0743451727954329,2.847575264910764,5.656227038333311,0.5577435155659249,0.2644165281279946,0.504724855873283,0.0092748866475463,-0.0525402547398974,-0.0679694330262596,-0.0608199657022792,0.0340753398532939,1.1296078006824295,0.1308638266970781,1.9164227170500288,2.617722526596787,0.7858171908041316,0.1276685402039299,75403.98
2026-04-14 20:00:00+00:00,0.5091710589811126,0.0044851623031135,-0.006780733671803,-0.0187973307877176,-0.0351176519039017,0.0132024425947681,0.7888084274251709,0.079822127337222,2.966792793696446,3.716373901288367,-0.5899731184232343,0.2750807008810206,0.5036703339298523,0.0096447578142557,-0.0368777212530786,-0.0531876086601944,-0.0465197055184537,0.0347838738212989,1.0053654584504628,0.1352381751524135,2.026635554300208,2.761771990310795,0.2987464773148849,0.1292866634130412,74300.02
2026-04-15 00:00:00+00:00,0.5083626664564048,0.0035211084876755,-0.0053756021938167,-0.0168683378612422,-0.0334455412832455,0.0132079234507996,0.765293981180561,0.0820193333071042,2.4351647890614907,0.7462857554699173,-0.0422779593797083,0.2801657615344246,0.5035981022407117,0.0097499995277511,-0.0352380188859444,-0.0520258146935658,-0.0458702623830796,0.0348087322193891,0.9932249804687046,0.137162984248618,1.9965420545441692,2.432234017873656,-0.0916451062182091,0.1308801685198066,74272.73
2026-04-15 04:00:00+00:00,0.5083392484747418,0.0029270677162599,-0.0051954518974163,-0.0165139678266674,-0.0334365736263242,0.0130803495448198,0.7651412928163154,0.0843852334116774,2.2327420746872413,0.4353133348690197,0.1775735235450861,0.2864685024022688,0.5036535664036783,0.009870057988449,-0.0352648705583374,-0.0525496625920498,-0.0469436378366648,0.0347080101295932,0.9935284486205028,0.1390661946847861,1.92158895916006,2.332203809918233,-0.0270253621275315,0.1324457552986726,74381.66
2026-04-15 08:00:00+00:00,0.5043553649313156,0.001908719889293,0.0040657866617652,-0.0063859452519586,-0.0234244336866494,0.0129504749344316,0.6498318552343751,0.0863584303668985,1.959387800789848,0.3397706141744079,-0.7266413735451115,0.2893458899318533,0.5030191475470303,0.0099826969657973,-0.025286050068685,-0.0430978015090448,-0.0379210809589478,0.0349842154859992,0.919563201375824,0.1422218338714292,1.5404654716174844,2.2967816415489586,-0.3368200512745038,0.1339576588943939,73706.0
2026-04-15 12:00:00+00:00,0.506571922507679,0.0010544259741946,-0.0023188250453235,-0.011799663212665,-0.0286188335254798,0.0126814049457602,0.7092598562948343,0.0865268851707009,1.9680103422015531,0.333442106908809,0.8197177772812227,0.2871975938851965,0.503412049072879,0.0099148954137247,-0.0304800663344505,-0.0485066519255094,-0.0438270000512106,0.0347598778605992,0.9555413436036472,0.1431793619245861,1.778681522460155,2.2520813952277545,-0.0786505975571074,0.1352588000713221,74182.93
2026-04-15 16:00:00+00:00,0.5039640477650409,0.0004787291942804,0.0030868005030781,-0.0057704337046546,-0.0226004317840777,0.0125168155121143,0.631692179372676,0.0870139642653868,1.905108990506566,0.7411271872013034,-0.3992865305948015,0.2865911450411528,0.5030212298112009,0.0099659171775434,-0.0244838222195846,-0.0429388782423006,-0.0387069089137429,0.0349136644932422,0.9111306585909444,0.1458383803165168,1.8124251078653253,1.434395761364461,-0.7242966658941499,0.1365445429289535,73810.08
2026-04-15 20:00:00+00:00,0.5093191082358524,0.0002062480864115,-0.0112957895078144,-0.0196753161541747,-0.0362525402002074,0.0124102722661755,0.7879110520111102,0.0854782309327931,2.199261568799592,0.9552357412377248,0.7509931670109645,0.2850797040667329,0.5039760956301865,0.0098303718493379,-0.038123025599149,-0.0566505268883845,-0.0529571796240637,0.0342142997694944,1.005299635310379,0.1455656885329389,2.041949759614737,0.8783977503137799,0.3636928113798661,0.1378390637930733,74944.32
2026-04-16 00:00:00+00:00,0.5080660159975476,0.0003865922040385,-0.0078704249023091,-0.0165661993532921,-0.0334569003817549,0.0126924280748226,0.7457401149427458,0.0840003365065367,1.976442631520922,0.5720252505925979,-0.1204499398563156,0.2893076258501009,0.5038241272854733,0.0099373827551509,-0.0353612570162229,-0.0543798365944622,-0.0512082339934043,0.0341474869690419,0.9829028300343052,0.1480930494900443,1.989870617228758,0.8505787886293206,0.2940678541756988,0.1393332465318355,74833.17
2026-04-16 04:00:00+00:00,0.5078054016168437,0.0003829601074158,-0.0070961292556165,-0.015840302490488,-0.032902151705856,0.0126530337706275,0.7330168335065256,0.0811046649550431,1.868741041929073,0.3890078493995799,0.0697555449994573,0.2929116966955138,0.5038280061374288,0.009993254866716,-0.0348305964774966,-0.0542591806303153,-0.0516036968833025,0.0340196930755732,0.97650240905649,0.1501896139535963,1.9492227735926488,0.8482610577660005,0.2649688318067135,0.140850512335219,74891.1
2026-04-16 08:00:00+00:00,0.506350918571758,0.0004038364518242,-0.0028539065815799,-0.0117235460784528,-0.0290413195224753,0.0124047738760772,0.6775195989952025,0.0770391923916744,1.852252363780592,0.2702712085505271,-0.3466025469765558,0.2963960633321305,0.5036196683816689,0.0100900109614627,-0.0310019942443913,-0.050919296861036,-0.0487809076086172,0.034007250041143,0.9477986365204536,0.1528267418929376,1.973485215742317,0.8372852775032249,0.5342337191616101,0.1423498220983876,74696.49
2026-04-16 12:00:00+00:00,0.5058698032711243,-0.0001005202987375,-0.002137441758518,-0.0103229283203886,-0.0274885890503017,0.0121766559534282,0.6533677097433461,0.0707261000296874,1.7618921029373764,0.3234656984979427,-0.0574655113085454,0.2951471497700513,0.50355567646912,0.0100617081519263,-0.0294570220364717,-0.0496757498690424,-0.0479994408482038,0.033915209096655,0.9350469615979136,0.1544244953106827,1.954396146795759,0.8418997727116232,0.2566531105381794,0.1438313883216025,74659.76
2026-04-16 16:00:00+00:00,0.5059058486063084,-0.0006975250691446,-0.0039987111765366,-0.0112393006421644,-0.0280444180124818,0.0124734416676344,0.6641945306754035,0.0612139268526036,1.8183048307594964,1.103582484924046,0.0655384333149918,0.2861429410142713,0.5035900588858325,0.0099586652021149,-0.0300060030861487,-0.0504056468451881,-0.0491609386467235,0.0337817517178479,0.9367393744673712,0.1550318776194997,1.952430991177696,0.957323032187909,0.4461310625694181,0.145170011801905,74774.08
2026-04-16 20:00:00+00:00,0.5088644610910613,-0.0008670113673071,-0.0127483500409489,-0.0194827342775643,-0.0359432893174475,0.0128888077327421,0.8550110691855988,0.0467563300139818,1.8139981404264465,0.8633420995792345,0.4222423201725695,0.2732084935046024,0.5041390020575341,0.0098100548999933,-0.0378890870642582,-0.058349882484244,-0.0575586009092556,0.0334152231534628,0.9880359582540228,0.1542426026167282,1.981029820755151,0.9583099133279144,0.2322717337972228,0.1463815679803218,75465.05
2026-04-17 00:00:00+00:00,0.506768213468773,-0.0006230504091129,-0.0068240236514133,-0.0137832462279229,-0.0304063836471929,0.0131764946829622,0.7916706182085991,0.0335582233576373,1.6718836659581409,0.3545392306551769,-0.4713436120280168,0.2656857638625154,0.5038010647803728,0.0098695041833141,-0.0323777283397413,-0.0532824637565658,-0.052978518817179,0.033521161144033,0.9496925796475932,0.1559310859782876,1.949338540473688,0.9084134193838668,0.1311164637138123,0.1476163093837425,75127.78
2026-04-17 04:00:00+00:00,0.5040562803023876,-0.0007813819795198,0.000141335237884,-0.0064993757883122,-0.0230701684143734,0.0128843935334701,0.5742962923063653,0.0236892081936275,1.5354639455070245,0.2423983721225509,-0.7804517083842802,0.2568210906645555,0.5033422280677922,0.0098781712411321,-0.025057324697444,-0.0463509588595115,-0.0464968126405161,0.0336952070845298,0.9001328141389259,0.1577276929288699,1.866848344553266,0.8681010895529552,-0.1108300994692003,0.1488364382741507,74642.62
2026-04-17 08:00:00+00:00,0.5059853160050812,-0.0008828971296143,-0.0049420076381091,-0.0112106785335317,-0.0275063061975318,0.0123358920172166,0.8180298621394738,0.0208558031689244,1.5119690188373152,0.2746063625187753,0.762203027702195,0.2479947208313476,0.5036826591331389,0.0097555904625369,-0.0294830474772345,-0.050889389499743,-0.0514754665803895,0.0334647620974466,0.9274617415141916,0.1576174431347789,1.9096449039746424,0.8606362201769706,0.1621437173825743,0.150042127582928,75060.01
2026-04-17 12:00:00+00:00,0.508216109444507,-0.0003499652498669,-0.0103011479987643,-0.0171408406282921,-0.033563026336512,0.0126325476734376,1.0718231799971103,0.0234383758461157,1.4953823455517374,0.8706442777411634,0.4162879806888363,0.2494448622476767,0.5041228116421349,0.0097297920138543,-0.0355483782491345,-0.0571846320490888,-0.0582766301069253,0.0332631168206141,0.965843289108476,0.1576045197546112,1.9235687692472656,0.9636010112690028,0.31495433309483,0.1515103500463475,75632.55
2026-04-17 16:00:00+00:00,0.5167979160337149,0.0013932565593175,-0.0319975488693652,-0.0411744230863756,-0.058322188526808,0.0133624425841491,1.571417042426759,0.0364590453166362,2.0829476790282007,3.9570829081219903,0.8241545782749744,0.2588336540482228,0.5058656861436507,0.0097673094444901,-0.0603271762620513,-0.0821183232438382,-0.0838429250233305,0.0325393104030426,1.128579156549837,0.1558291733546935,2.13815512276814,1.5801714403731135,0.7057648856679449,0.1534733883560307,77785.24
2026-04-17 20:00:00+00:00,0.5137608707150325,0.0026966084996246,-0.0220871046611703,-0.0335992647210811,-0.0521224353249694,0.0140654876995214,1.1823630609689553,0.0484154527837886,2.3080510271789945,1.4557614969232613,-0.2458868856360805,0.2726415190548013,0.5054759791293515,0.0101683718719535,-0.0542212181122192,-0.0769482772474985,-0.0793926911270349,0.0329227639448837,1.0827292067444687,0.1595065179577075,2.2507268987697358,1.7024551562283925,0.518937624452282,0.1558155077542273,77454.66
2026-04-18 00:00:00+00:00,0.5115365935346641,0.0031161319854492,-0.0138318856476954,-0.0265899561544271,-0.0461327305525491,0.0138523211082338,0.9920543411082277,0.0557580575752108,2.049272110202967,0.5087452404689469,-0.4507941797178588,0.2842001225016846,0.5051410573172453,0.0104859652909944,-0.0483090766966417,-0.0718669356241975,-0.074996592078163,0.0332580172983929,1.0406732633710365,0.1627189531307152,2.108900559166877,1.7118833312035422,0.5225260256955652,0.1581370246856077,77129.99
2026-04-18 04:00:00+00:00,0.5103436626307427,0.0030316634393695,-0.0091023938305182,-0.022392836119027,-0.0426565429282657,0.0134331146537556,0.8962096761194431,0.0609178743759942,1.891196208131682,0.3481636300813032,-0.2875485949128157,0.2922860668580781,0.5049834940787107,0.0107176571844502,-0.0448934624398243,-0.069148755825765,-0.0729322946537555,0.0335076064207164,1.0162227090285514,0.1652182634781438,1.9891197321757128,1.70634833659414,0.6180707732634344,0.1604310676890271,77000.56
2026-04-18 08:00:00+00:00,0.5101584121644875,0.0025916923740683,-0.0074434509789729,-0.0206833981615894,-0.0413832436621275,0.0129220621815438,0.8564089814426828,0.0636906154588008,1.787208862295676,0.2591765116399252,0.0979106180008414,0.298797090239417,0.5049861376973259,0.0108651141274193,-0.0436640136921455,-0.0684844808904748,-0.0728851691812541,0.0336565053313574,1.0061385907966047,0.1671488953879716,1.9309827335258285,1.6756870628343443,0.5853748050279847,0.1626979619039266,77037.8
2026-04-18 12:00:00+00:00,0.505306282964803,0.0014062367181141,0.0039214863757794,-0.008169856675415,-0.02895013204048,0.0129954512342877,0.6554300983892911,0.0650109380321848,1.6018827911763254,0.5341974085840521,-0.6908067307165339,0.2965835708655964,0.5041673192738009,0.0109782733728135,-0.0312698551411981,-0.0567276566007457,-0.0617077247408491,0.0341407572602375,0.9280245755062776,0.1703656983948832,1.6480895608849575,1.573794621717156,0.1846780202047345,0.1649380286218937,76155.55
2026-04-18 16:00:00+00:00,0.5045492242822005,0.0002588870133252,0.0044064972149888,-0.0062205379874591,-0.0266538514630384,0.0128254051394105,0.6185901896247463,0.0635977358325111,1.55850829390001,0.4550163423899024,-0.1589771509861504,0.2884542566428545,0.504048364029371,0.0109113064176033,-0.0289757067478096,-0.0547161311246863,-0.0601897963691953,0.0341843885027847,0.9126362275265236,0.1715212592683357,1.7040785173698278,0.7702059777726523,-0.6622306107120174,0.167151585332199,76066.0
2026-04-18 20:00:00+00:00,0.5023528755903218,-0.0009470617506661,0.0081143454565957,-0.0007703401749982,-0.0206675807516127,0.0126755822457068,0.5194027394391308,0.0615170052130615,1.429931957976288,0.566081525851687,-0.5063129686412964,0.2788927629680632,0.5036671246207316,0.010803170808106,-0.0229842972800118,-0.0489885169011067,-0.0549271646436482,0.0342985365289597,0.8754001543486208,0.1729033537012943,1.6651534964023622,0.5038573615178865,-0.8182398515681318,0.1692001727254001,75673.01
2026-04-19 00:00:00+00:00,0.5025074195471423,-0.0018035106154076,0.0060675018149287,-0.0012851222854612,-0.0205035295456479,0.0122064962895935,0.5141535960809751,0.0589622375997558,1.4258949056385446,0.4022911738852577,0.1777174446370848,0.268369143208009,0.5036888282104924,0.0106101194104913,-0.0227974345525795,-0.0488771074355847,-0.0552308829569743,0.0341879372816237,0.8728851649833039,0.1730630703562005,1.683402370995069,0.4516238209154,-0.7097260592813007,0.1711027173196193,75727.34
2026-04-19 04:00:00+00:00,0.5016388423611202,-0.0025211050209151,0.0065115942038453,0.0006237858090467,-0.0178731299142055,0.0117844759239451,0.4656274477533541,0.0566318966771775,1.399073919548122,0.3140860127630717,-0.2926169073831007,0.2571700366762071,0.5035323277518424,0.0104057875734285,-0.0201426130199338,-0.0463040611500802,-0.0530614067570076,0.034156106363217,0.8554968336236616,0.1737011055924525,1.6935265106051798,0.4342517245153818,-0.7383482300977149,0.1729548885689529,75582.49
2026-04-19 08:00:00+00:00,0.4996970966714217,-0.00310660088672,0.0095207611784273,0.005009712830809,-0.0127423189051864,0.0115141598766257,0.3757428347122672,0.0559417803953627,1.3157684026514893,0.4183725208496098,-0.3830129458152206,0.2442703982872479,0.5032004729065339,0.0101947653189315,-0.0149867838179138,-0.041244570464857,-0.0483997013871717,0.034209677359843,0.8232396242088003,0.1750327264846503,1.6557322041652522,0.4549026950337901,-0.8369614290834139,0.17466148251452,75239.58
2026-04-19 12:00:00+00:00,0.5017693227915653,-0.0035901606288662,0.0027635311235922,-0.0003066882106735,-0.017027234942237,0.0113006100528982,0.4570892646859544,0.0548605084791505,1.2865331365777983,0.3315177514693463,0.522741539690706,0.2285084962493977,0.5034976069028331,0.009839144749749,-0.0192159700022135,-0.0452437694939539,-0.0526910693029563,0.0339023823285088,0.8454174691652988,0.1745718937041782,1.659317376451466,0.4149252541573395,-0.3746682274156427,0.1760540062823498,75605.99
2026-04-19 16:00:00+00:00,0.5026613724916328,-0.0032277930839206,0.0001551583869339,-0.0026914374513102,-0.0188972440802165,0.0114023380408013,0.4960820419916316,0.0538794243525582,1.306433346142987,0.7919234043078986,0.2480281196777309,0.221314066650631,0.5036283901460397,0.0096231667363954,-0.0210583441581111,-0.0470685347867868,-0.0548863925852981,0.0336358381328026,0.8543149428302533,0.1748287674702638,1.6793244613801357,0.4596202552661568,-0.1878249710522228,0.1774300502661366,75811.33
2026-04-19 20:00:00+00:00,0.4980680663872028,-0.0036659004679817,0.0096548480636613,0.008047098290288,-0.0073774411013376,0.0118920856177149,0.2754095626005572,0.0531133775929175,1.296301755073656,0.8046420175428892,-0.658847435458253,0.2099921806469224,0.5028341842566584,0.0093972495791757,-0.0095126675730452,-0.0356593440093013,-0.0438660577512265,0.0338526965624337,0.7852874741156214,0.1766214341113885,1.6787571149004346,0.4898434616806628,-0.4304347562931551,0.1786671144538542,74961.85
2026-04-20 00:00:00+00:00,0.4926025079588448,-0.0046376588617295,0.0211046109681567,0.0216165784566795,0.0074282727456442,0.0123133030344295,-0.0008046986046965,0.0539810246947282,1.2199479109479268,1.1114435986908964,-0.9045086534679444,0.199825857404525,0.5018247575456295,0.0090468371371372,0.0053421681786134,-0.02080653758265,-0.0293353878602345,0.0342929297499007,0.6978842047356496,0.1785330825459764,1.6534820487326438,0.5979715573801422,-0.7368605700815611,0.1794112739530824,73858.06
2026-04-20 04:00:00+00:00,0.4970679022944494,-0.0048578967824973,0.0077581169051299,0.0096292055135049,-0.003156656404981,0.0123372822625152,0.2007993487768382,0.0538647819107849,1.234379214452801,0.6890074903335693,0.773181858489919,0.1939685994780084,0.5024894948722047,0.0084979513180045,-0.0051469023755157,-0.0306635859170366,-0.039304347762333,0.0339327454139883,0.7534998762770913,0.1763607264077324,1.6633806373992597,0.6521542213967848,-0.3701627621874516,0.1798373932628668,74643.44
2026-04-20 08:00:00+00:00,0.498278374188036,-0.0046683498829565,0.0036123829615346,0.0062123085354015,-0.0055089990558456,0.0121774585176454,0.258647659194719,0.055100598599678,1.1472735918650834,0.6390298339135312,0.1255530108937195,0.1873451719814705,0.502620068366654,0.0080671552127516,-0.0074289923393687,-0.0325721112522168,-0.0414056277980918,0.0338501415735529,0.7633837686782615,0.1756227106244615,1.622144108490112,0.6817067984340858,-0.1626478715562337,0.1802584696754572,74826.98
2026-04-20 12:00:00+00:00,0.5001870805043456,-0.0038660409017115,-0.0011510757713063,0.0011986918831339,-0.0098718605975239,0.0124026590446485,0.3400197939044236,0.0542380677096342,1.093591643656204,0.6363448257201934,0.449396541939399,0.1754447290603629,0.5028986657936487,0.0077281322023549,-0.0117388308070022,-0.0365925752589363,-0.0456523182710476,0.0336903229365174,0.7861816936500533,0.1741379026680958,1.5950657320224202,0.7267577933002597,-0.1666134506450956,0.1806745628708808,75183.32
2026-04-20 16:00:00+00:00,0.5024017339240948,-0.00297100865351,-0.0065355721321073,-0.0047574285619828,-0.0153718061941743,0.0123146429978358,0.4445012745866353,0.05292844559775,1.3247365624650873,1.780330619511505,0.4193542447314932,0.1660830604768997,0.5032353466832605,0.0074328589952663,-0.0171937182139839,-0.0417902574050577,-0.0510847675287465,0.0334725977865475,0.816335701584616,0.1726985975324798,1.7039367905575982,0.8806695201582396,-0.0780423036494729,0.1810857318228835,75638.82
2026-04-20 20:00:00+00:00,0.5050800149186457,-0.0016761092714087,-0.012236089701573,-0.0118110452179023,-0.0223866491600213,0.0125614272976794,0.5895585332660245,0.0524353882020936,1.14742510343418,1.895216602727348,0.498893044004611,0.1598744483538583,0.5037073975353558,0.0072437028351506,-0.0241835549602491,-0.0486366207206214,-0.0582103809686671,0.0331902972507385,0.8565234731672778,0.1716118826644531,1.6498275171823733,1.061785465878879,0.4588800206712378,0.1816555012924651,76240.51
2026-04-21 00:00:00+00:00,0.5029400885914826,-0.0007882710099564,-0.0053553057505876,-0.0059959419770896,-0.0166826525972848,0.012631923308727,0.5065983936914584,0.0500170202615925,1.2460657849648922,0.7195596379142675,-0.4037768548753543,0.157711556244308,0.5033383604099241,0.0071578598006427,-0.0184795683145543,-0.0431157140910251,-0.0530950604627664,0.0334077040951178,0.8213400631476246,0.1729642290779179,1.7076950687052688,0.9953562755354862,0.7058624195188082,0.1824274216298205,75858.41
2026-04-21 04:00:00+00:00,0.5023517075879023,-0.000392543520335,-0.003262848170178,-0.0043920793943773,-0.0149693055044072,0.0124322058779136,0.508299706362827,0.0454052738955415,1.2151306963006914,0.565869080587045,-0.1082731958762751,0.1537989924463364,0.5032309565797276,0.0069968670129185,-0.016749829409173,-0.0414019047499621,-0.051717115435984,0.0334352096693802,0.8096559013468624,0.173367778292189,1.684849163903285,0.9599588311476772,0.4588689414078182,0.1831929737247836,75776.32
2026-04-21 08:00:00+00:00,0.5039886108778194,-5.254371299627004e-05,-0.0068264050688376,-0.0084100156108292,-0.01884596128005,0.0121356043868641,0.6445935867905896,0.0409551243674196,1.1251634974687097,0.6216068012855946,0.5051869165620644,0.1497083614952458,0.5035069648582504,0.0068045246499995,-0.0206014607958812,-0.0451341595388457,-0.0557249529195791,0.0332371551215721,0.8307272734998257,0.1730521674039,1.5976763017209337,0.9367199162442312,0.6653524963262996,0.1839494659146375,76126.46
2026-04-21 12:00:00+00:00,0.5054346775143868,0.0006689140023915,-0.009070444763899,-0.0117635583758974,-0.0224220951318778,0.0121645820302578,0.7921496054328386,0.0375726575053922,1.10979975493775,1.1636144200286902,0.4306251388237684,0.1526308982858309,0.5037725054801602,0.006716487401803,-0.0241729880837421,-0.0487287282081581,-0.0596528078740283,0.033026333969842,0.8507783772664087,0.1730190582301186,1.6168419991726743,0.9735358314491972,0.5889881440201079,0.1848214499958878,76476.96
2026-04-21 16:00:00+00:00,0.5022801869896633,0.0006015094210806,-0.001282940101046,-0.0040664969431035,-0.0146783285111393,0.0124303598475671,0.6338655423574859,0.0338226403530234,1.0077510668576302,2.058763525892214,-0.4614283202290982,0.1506494667526153,0.5032300606166837,0.006605185022138,-0.0164249054298408,-0.0411465274634287,-0.0524686747796255,0.0331967166786488,0.8037180603377623,0.174648464857701,1.5619667567779336,0.9402016809224774,0.1789238143321045,0.1857124468535312,75925.9
2026-04-21 20:00:00+00:00,0.4980604207017659,0.0001151745587882,0.0093129147844333,0.0070856180543856,-0.003218625475803,0.0129242056021165,0.3132793297341782,0.0325808362848761,0.7616436126461277,1.7525888830577696,-0.6046300564711327,0.1426781115352144,0.5024505692803387,0.0064342575741424,-0.0049509520884952,-0.0298124201064383,-0.0415264107396039,0.0334530188042137,0.7356354894604729,0.1766776322749688,1.4787031053110238,0.8517169659874345,-0.5480678962590668,0.1863797580000472,75084.57
2026-04-22 00:00:00+00:00,0.504221940397101,-0.0001324052798942,-0.0077989837014166,-0.0096492302746513,-0.0194249436694867,0.0129103270212104,0.8532055345734457,0.0312632208783205,1.0516012760662712,0.8253850741075611,0.8707746551052657,0.1344623924273408,0.503514778024058,0.0060987900781322,-0.0210974747953521,-0.0454184217737723,-0.05719733424003,0.0328324001888807,0.8270846298565341,0.1736774958748331,1.5811968796147915,0.8513385580469957,0.2362951021762894,0.1867646702011386,76358.71
2026-04-22 04:00:00+00:00,0.5096140237944469,0.0007823363172709,-0.0207326959668013,-0.023907044423059,-0.0339501666189929,0.0131759389498009,1.257147132561779,0.0344121016129752,1.2289976923948474,1.3841895660993129,0.7651935769629064,0.1340742925840032,0.5045123434171367,0.0059896363669416,-0.0356076558714575,-0.0597152867712603,-0.0716904267739351,0.0322962048104616,0.9135743228357016,0.1709659115212868,1.653067205263176,0.9697424285726456,0.6172497449423522,0.1872821046123142,77585.3
2026-04-22 08:00:00+00:00,0.5112035091850943,0.0022092066752418,-0.0219142562576495,-0.0274286111959095,-0.0384358428352614,0.013556418991012,1.216511451691817,0.0428739914131683,1.061169289149812,1.3306824591301132,0.4473706242964947,0.1428628031704154,0.5048686451759469,0.0061193393219935,-0.0401298452963955,-0.0645161330024384,-0.0769116559347601,0.0322323434687409,0.942465992986788,0.1700129083756213,1.612304706057098,1.087280172928566,0.534426328951977,0.1882560613691344,78066.21
2026-04-22 12:00:00+00:00,0.5117269146057628,0.0031757513922427,-0.0202590070885967,-0.0277167987325582,-0.0397138268069827,0.0131332710591191,1.1298535447653228,0.0507384018340356,1.083129947522932,0.8204693664525818,0.4944041137326149,0.1527719863789331,0.5050199477655668,0.0062853844305475,-0.0414529017403284,-0.0662253442680752,-0.0790949221953131,0.0323059938453775,0.9522131828750516,0.1695747055295449,1.6402386269492208,1.0744145745273148,0.5012945545987707,0.1893206590987472,78295.03
2026-04-22 16:00:00+00:00,0.5156700049858253,0.0041097300078545,-0.0285194533556505,-0.0380129848441433,-0.0510858392013661,0.0128288642212658,1.2257971295215688,0.059448411119895,1.5770229908571745,2.7738514031564074,0.8227046619551821,0.1660289118777281,0.5058601268104793,0.006461490748652,-0.0528663795972437,-0.0778727099094888,-0.0911268945351292,0.0320971154418118,1.0251541522884298,0.1675813307710265,1.750579441033698,1.255075343536899,0.7450395371096962,0.1905693315743574,79379.99
2026-04-22 20:00:00+00:00,0.5122793501390942,0.0046553669654294,-0.0176999597223942,-0.0289216522450663,-0.0432637157659476,0.0129417736650479,1.0126511196597845,0.0677369366471604,1.4093470185807626,1.663656016567873,-0.5796168742317808,0.1818204127718266,0.5053562597527015,0.0067699691635352,-0.0451219087662913,-0.0708782559936499,-0.0847932026263501,0.0326229421930591,0.9778426880550452,0.1694227556330511,1.7270613340339067,1.309591847251243,0.8372835818920169,0.192056744931409,78880.14
2026-04-23 00:00:00+00:00,0.509014209834141,0.004364561785079,-0.0079010858710102,-0.0196946136836434,-0.0348829705371088,0.012804990029376,0.8559450295542576,0.0733173744192959,0.7766499914510495,0.7273651825348592,-0.7237761784348099,0.19353089999831,0.5048271686550826,0.0069803760739069,-0.0367999634729727,-0.0631914316563214,-0.0777285100084668,0.0330775071167668,0.9280030901586374,0.1709492854188475,1.5408367974790569,1.3246904156530668,0.5812018946121931,0.1935269487090726,78322.01
2026-04-23 04:00:00+00:00,0.5056059216387586,0.0034334927841683,0.0003346586872687,-0.0109998759054147,-0.026575041290236,0.013016066624425,0.7270690256278864,0.0752697255326545,0.1925443663750909,0.7909218589237884,-0.5114433603260661,0.1951471766908273,0.504265266899515,0.0070737630738612,-0.0285279287653121,-0.0553994833790811,-0.0704994283385442,0.0333594577915517,0.8793436485610034,0.1718201458466404,1.221097623697928,1.273109159061378,0.0787151167379317,0.1949797534007641,77754.85
2026-04-23 08:00:00+00:00,0.5068063809019537,0.0025576310692076,-0.0031098998576526,-0.0137724825134933,-0.0294437218342331,0.012884338441464,0.7584862869931005,0.0728135589735245,0.3176016533924699,0.5235303544642639,0.4846752705458362,0.1954092553870008,0.5045033474677152,0.0070568960100037,-0.0314043704730736,-0.0584085195461133,-0.0738832146116248,0.0331368376868193,0.8978137575874778,0.1705987884358791,1.3032162773314324,1.173645204168264,0.0070439940682155,0.1964153649154851,78080.45
2026-04-23 12:00:00+00:00,0.5049719600192789,0.0013939495885183,0.0004848833073098,-0.0089561066567313,-0.0244941334763132,0.0128526441895793,0.6834509407665137,0.0692393694977544,0.2394847592584577,0.6192062152061789,-0.3178998516394388,0.1917519356017945,0.5041824318879876,0.0070007692555957,-0.0264594054167811,-0.0536814077458451,-0.0695993367039835,0.0332112622935631,0.868593096718945,0.1705510344412764,1.2583783331272105,1.157034223004236,-0.2307490314248811,0.1977120065039568,77759.01
2026-04-23 16:00:00+00:00,0.5076766716136341,0.0007787191674014,-0.0075858318071877,-0.0162771993879069,-0.0316415438807022,0.0126311927781174,0.7913399925645137,0.0647238979590825,0.6138710808202297,1.789273889601045,0.4981879387993393,0.1877060786840219,0.5046802588317079,0.0068948269853228,-0.033594234571599,-0.0607431650710666,-0.0769245427642079,0.0328938120804014,0.9130876040840468,0.1683390286315879,1.394136687377417,1.0405862937854202,-0.4149375807145969,0.1988767537718681,78416.09
2026-04-23 20:00:00+00:00,0.5036091137660939,0.0002562944864196,0.0021987018155527,-0.0059208076539383,-0.0213509524365405,0.0132508728675911,0.6219415191880526,0.0624669950208617,-0.2200886083120402,1.694632187067024,-0.4741052604760532,0.1860867101485566,0.5039666968364551,0.0069023717350684,-0.0233240939709037,-0.0508733055444269,-0.067603400905127,0.0331381031350145,0.8514984453025889,0.1690908167733813,1.2617221966394505,1.0715083497827933,-0.6124186583956703,0.1999257408931956,77671.75
2026-04-24 00:00:00+00:00,0.5063928276873245,-2.804221431608476e-05,-0.0054940405975135,-0.0131377241168422,-0.0284044748561329,0.0131094673640808,0.7373003198930884,0.0592860860804469,0.4320099490706848,0.4808124874169702,0.9260415622359414,0.18334373192661,0.5044789893870304,0.0067967166823892,-0.0303648542221626,-0.0578363182035286,-0.0748227420667487,0.0327512129645101,0.8957866093987928,0.1667858933624118,1.4049478254556855,1.0299744519982328,-0.002099864025192,0.2008900461408372,78318.35
2026-04-24 04:00:00+00:00,0.5032173458822009,-0.0002068507241834,0.0028073230005367,-0.00460845016444,-0.0199885107092638,0.0129288257909141,0.5878909560497851,0.0586301922452014,0.3503610011025215,0.5797236810199181,-0.5785793660939853,0.1825132338700699,0.5039296912004997,0.006808289326879,-0.0219690492956144,-0.0498112731412105,-0.0673291106679635,0.0328739536924562,0.8455390690245551,0.1670635849837921,1.3731171195315048,0.991295734629467,-0.0142572735044239,0.2018429393446776,77730.0
2026-04-24 08:00:00+00:00,0.5026465213108793,-0.0007783843348906,0.0033915414066572,-0.0030966255057069,-0.0181473579233586,0.0128875178235386,0.5526626067516808,0.0568035504375231,0.1316021856262651,0.4138119927361465,-0.1362443685330916,0.1773744265594551,0.5038250263106092,0.0066785504759608,-0.0201160396247959,-0.0480099904455616,-0.0658872453719839,0.0327850948521868,0.8349663277483843,0.1658714323639502,1.2710775123337346,0.9670532103412008,-0.2471815349661792,0.2027845555602336,77647.45
2026-04-24 12:00:00+00:00,0.5054814115797643,-0.0011089555042406,-0.0047432396673771,-0.0104773002763619,-0.0250939571403764,0.0125146673960205,0.6795016031348442,0.0534348086642882,0.0677362759876003,0.7087702165167664,0.6304321101481343,0.1727273880816166,0.5043086418940953,0.0064914801962435,-0.027033491712627,-0.054726679071561,-0.0727978662590198,0.0324054402490093,0.8790304836369273,0.1631851119498373,1.2189820565109477,0.9772393525065338,0.289729599476758,0.2037150282447113,78264.0
2026-04-24 16:00:00+00:00,0.5039196597728199,-0.0011487779334626,-0.0012067813873116,-0.0066694291851346,-0.0211706194713963,0.01253129742981,0.6015037053509817,0.0504767748752179,0.3143124433478542,1.9214487904924136,-0.267786780006202,0.171254177623643,0.5040417281855669,0.0064160371102033,-0.0231102081689332,-0.0509606737031549,-0.0694452907244631,0.0323836625282708,0.8555890004902462,0.1624658039602282,1.250358627083786,1.0014448795964024,-0.242554028229257,0.2046344892759215,78021.37
2026-04-24 20:00:00+00:00,0.5015946177095181,-0.0015604796124011,0.0038578198336995,-0.0007701691745473,-0.014894030122861,0.0124848392655229,0.4723848450273593,0.0489366725092191,0.5606559830125472,0.8054548328910544,-0.6444354406934119,0.1677777869883853,0.5036187171209869,0.0062705432076511,-0.0168215925417083,-0.0447765113791305,-0.0636691016465914,0.0323977403734325,0.8165192098277447,0.1619275086319862,1.2982144275537852,0.8389573099320278,-0.0781142913090228,0.2055276764138155,77576.02
2026-04-25 00:00:00+00:00,0.5009207348377063,-0.0019290415987781,0.0045901667383714,0.0008421943748369,-0.0127697483956732,0.0120674441453884,0.412715918723418,0.0448857552178576,1.08230054834738,0.4613832265534244,-0.2449438202247254,0.1624667237373584,0.5034895488664181,0.0060706365798964,-0.0146716703166486,-0.0425698442647386,-0.0617716643913903,0.0322569246372023,0.803202814636521,0.1604731949752862,1.416309805547309,0.8294817900863152,-0.6556607351446475,0.2063634007056297,77453.93
2026-04-25 04:00:00+00:00,0.50207954256925,-0.0020967625110635,0.0009938226583152,-0.0020659870000626,-0.0151345876817486,0.0115673623817407,0.4404196506528304,0.0369503939991578,1.6882066138217402,0.2145538127129239,0.5593042800419006,0.1562355311598237,0.503671835335931,0.0058435182767759,-0.0170021826428714,-0.0447097365647279,-0.0641264049280374,0.0319737894270725,0.8186587694104968,0.1580078097793368,1.669608474437963,0.7633618854348262,-0.03838150289017,0.2071377426983137,77683.53
2026-04-25 08:00:00+00:00,0.5011888580289586,-0.0021699973243465,0.0025645597788981,3.532874371914296e-05,-0.0125862594898892,0.0110459347569786,0.2959414478702536,0.0268081184977604,1.865939806513005,0.2575846601392619,-0.5499687695190613,0.1511107953801842,0.5035214865395123,0.0056488384313099,-0.0144292230962572,-0.0420800005892402,-0.0617989559160507,0.0318473247321379,0.8030285960304593,0.1560199394024151,1.7750272331279289,0.7347691966141059,-0.0564079273327929,0.2078934121501406,77524.9
2026-04-25 12:00:00+00:00,0.5021092507849086,-0.0020242506615778,0.0002662723731678,-0.002019503864457,-0.0142431680316824,0.0105503311433582,0.3309079293604909,0.0223543537421274,2.229268763334169,0.2957620876263536,0.456313940270755,0.1473385557903516,0.5036594259491056,0.0054512810147888,-0.0160578340802578,-0.0435581790196505,-0.0635058673011077,0.0315833338726184,0.8151002986439075,0.1532563089685647,1.9128356632916368,0.6643611355711073,-0.4591081750619289,0.2086496472646722,77701.53
2026-04-25 16:00:00+00:00,0.5002380638188012,-0.0019477657621527,0.0039967505961278,0.00199013843673,-0.0098814746947748,0.0101424250867101,0.165382256572129,0.0225509708593529,2.435536962466067,0.3659053821125128,-0.6813095002528493,0.1445738963983814,0.5033760373344017,0.0052752226660711,-0.011676458264488,-0.0391716021390291,-0.0594562186918902,0.0314916518831277,0.7873617494550689,0.1512051461572772,1.9670897277428263,0.3945909869315322,-0.740964005791022,0.2093938374669611,77401.43
2026-04-25 20:00:00+00:00,0.4999809513020918,-0.0021441312895233,0.0036211688492651,0.0023076486587854,-0.0089663458497383,0.0099388249912406,0.1771617889444683,0.0235770095751129,3.1870055085768327,0.5863371339479514,-0.1349127182044839,0.1366854447300509,0.503319704243002,0.0050191495702461,-0.010723276570942,-0.0380274131584222,-0.0585391836381062,0.0312472342732274,0.7813545074139561,0.1486924740061368,2.025028498672863,0.3457699420536735,-0.3993223025318143,0.2100504130820362,77358.15
2026-04-26 00:00:00+00:00,0.50155215832295,-0.002020016778146,7.81255894919397e-05,-0.0009691739094926,-0.011762532631246,0.0095540679826399,0.3360538093425971,0.0217214276418112,3.2094550791820944,0.3321347441196511,0.7117757850054817,0.1307719293252315,0.5035298045314611,0.0047810888091652,-0.0134818700088972,-0.0405342923777517,-0.0612084160548108,0.0308883022694088,0.8007554415136907,0.1460391474803276,2.05586066687857,0.3027091616054843,0.2087608793671094,0.2106843790388753,77611.36
2026-04-26 04:00:00+00:00,0.5001045822144385,-0.0019092960363171,0.0025805280433699,0.0017602948112627,-0.0086296652130302,0.0091421093762393,0.1985823097495835,0.0178588889433552,3.009308153357626,0.2616268936804512,-0.6647178364858727,0.1264456915081451,0.5033219140706509,0.004571059603688,-0.0103214368955927,-0.0372763455726929,-0.0582292649329418,0.0307185077026202,0.7780697089539568,0.1452450020285831,2.074965741697828,0.2988783809853245,-0.3648635723947503,0.2113108423431202,77398.75
2026-04-26 08:00:00+00:00,0.5048092444261078,-0.001393963387802,-0.0058612781156546,-0.0070439540597634,-0.0171820254824959,0.0090674700193764,0.784210690676537,0.0152535396088725,2.561597310510376,0.6023762467210991,0.8743840570915515,0.1265372992341807,0.5039470356964412,0.0043791561958442,-0.0188401694642259,-0.0454704803992712,-0.0664873543047228,0.0302188666730618,0.8381983162842772,0.142800223577639,2.054257085855613,0.3264074184258629,0.574834729378355,0.2120429140708553,78119.11
2026-04-26 12:00:00+00:00,0.504747351045219,-0.0009212464385928,-0.0049538725058866,-0.0065843797313036,-0.0166492083976846,0.0088062949797307,0.8028097892261084,0.0148050907025747,2.4584703774570054,0.3335502952721927,0.029900556211057,0.1287639454118292,0.5039391230420249,0.0042530306599221,-0.0182937460913508,-0.0448746957376654,-0.0661566689226335,0.030017780873674,0.834362051989417,0.1420630460394888,2.069813773457929,0.3177071527346948,0.3937853214130529,0.2128216236553784,78127.99
2026-04-26 16:00:00+00:00,0.5039381441483921,-0.0006547297053065,-0.0032027313710771,-0.0050658589428626,-0.0150094459541177,0.0085437125103608,0.7359720812258821,0.0146304036919972,2.225370582611,0.5037226080070393,-0.2037368950870676,0.1286749504132812,0.5038351860342267,0.0041165007839237,-0.0166390990246959,-0.0431756262421002,-0.0647338156443054,0.0298545271004142,0.8225624942652585,0.1413088629682212,2.037155239691255,0.3181152100024794,0.6082181941898067,0.2135923061457328,78045.01
2026-04-26 20:00:00+00:00,0.5051719828521217,-0.000367076971824,-0.0049910181158513,-0.0071613528735259,-0.0170111785991123,0.0083375469463887,0.8908006132054173,0.0148581876787416,2.099950855487485,1.0253960360713954,0.316799152093287,0.1297387887077154,0.5039961549671786,0.0039832241334758,-0.0186233578924228,-0.0450379022063539,-0.0667979481732609,0.029591321438434,0.8369883073893982,0.1401891181721881,2.02945121808404,0.3422605999905573,0.7448216244971334,0.2144009874563301,78254.24
2026-04-27 00:00:00+00:00,0.5083542000695522,-4.490736793138566e-06,-0.0106381473972754,-0.0132788097395871,-0.0231092409088464,0.0084618247074574,1.290062776428912,0.0156993937544738,2.3894884531870093,1.2076540617364655,0.5135236242564803,0.1353876939759458,0.5044372655880135,0.0038679796689957,-0.0247037467364298,-0.0509288890626863,-0.0728129252242228,0.0292489346529766,0.8827435672957062,0.1381949826517735,2.0633683249528016,0.4239772570503416,0.7445319937866438,0.2154143821281456,78800.05
2026-04-27 04:00:00+00:00,0.5095443549909155,0.0008340319543533,-0.0117487434837229,-0.0156661628280502,-0.0259308953545345,0.0090388403042371,1.256933546429042,0.0206068077411708,2.2167748167417023,1.9184168179463192,0.2876618318062037,0.1467115343565566,0.5046615565477317,0.0038867334115635,-0.0275365045324531,-0.0538225121995843,-0.0759672559005767,0.0290907529582636,0.9072519395852182,0.1363751515863029,2.050783898179237,0.5792716796094323,0.8165364949416486,0.2167190766594667,79112.18
2026-04-27 08:00:00+00:00,0.4995328259826188,0.0003678267266703,0.0065064874515408,0.0030243735623609,-0.0071771904060407,0.0099167171136234,0.3703379174387002,0.0220678853123658,1.5503459534217554,1.667095788423082,-0.8568841007245223,0.1455644143311845,0.5032811521998932,0.0038004847711905,-0.0087920406527961,-0.0354623350915166,-0.0582544897367774,0.0295797785521573,0.7692727796480765,0.1368797585774824,1.9517847403152428,0.67134727811744,-0.2280297766749359,0.2179217372734885,77659.64
2026-04-27 12:00:00+00:00,0.5005553348744346,-0.0002215849028076,0.0035454795583516,0.0008847354456653,-0.0088370172866096,0.0099198777569942,0.4737135510999709,0.0215493248373147,1.4886313132070932,0.6920199540373103,0.3648799553322114,0.1387405935890153,0.5034005135432531,0.0035736699642489,-0.0104156807612855,-0.0368315602935261,-0.0597652425516557,0.0294769010354979,0.781773799843565,0.1342938319684873,1.9311240440261288,0.7035375513588086,-0.1541389578163826,0.2189803435183157,77817.4
2026-04-27 16:00:00+00:00,0.4935649007673327,-0.0008257775295696,0.0164480731096363,0.0146885539594954,0.0053987818330478,0.0099988819801948,-0.1516239844971325,0.0223973681848962,0.8643993123596205,2.9720492716411337,-0.6274145724415247,0.1331927384851966,0.5023560271587603,0.0033692271389263,0.0038378855790095,-0.022693614786137,-0.0461132059605513,0.029876403379333,0.6747113111186114,0.1330314731078056,1.832314503762448,0.9441896773959406,-0.445525331519889,0.2198740327294064,76734.72
2026-04-27 20:00:00+00:00,0.494701484487392,-0.0019732713110114,0.0118669473776609,0.0120294672510989,0.0038638008592191,0.0106016817095577,0.0067575155611818,0.0254799778886974,0.6544154252259515,1.9734076043458173,0.2162495557088612,0.1297346992429654,0.5024230079998023,0.0029520700603066,0.0023765121268968,-0.0236272641363995,-0.0470683632262889,0.0299414389606624,0.682571959763854,0.12946805576668,1.799776746602805,1.0503061008695431,-0.4640231721278418,0.2200690293089946,76836.4
2026-04-28 00:00:00+00:00,0.4980023998545279,-0.0023671664032332,0.0037746703821939,0.0049637787249736,-0.0023256297723396,0.0103700818005978,0.2858597253471525,0.0265880884905915,1.191286429658073,0.8653506416780716,0.6643971751173502,0.1251200250196004,0.5028361814413418,0.0025875554353778,-0.0037451186204703,-0.0291776064632912,-0.0525536256914546,0.0298733820571832,0.7273434790126274,0.1270163468589943,1.9203023835049045,1.015318328504584,-0.4901672631368322,0.2201972188558828,77307.73
2026-04-28 04:00:00+00:00,0.4949624312443157,-0.0025020621467223,0.0089491487247128,0.0107991252486363,0.0041662741530026,0.0103846128997302,0.074651026920329,0.0279175496785725,0.8801914308742911,0.9060354122168688,-0.6163882063881949,0.1176536204095624,0.5023469641928288,0.0022833114657736,0.0027914016511603,-0.022419944760472,-0.0460325863242082,0.0301647558789037,0.6725883404274778,0.127085287801864,1.7943294458947698,0.9191887368876376,-0.8451808929009925,0.2203238913471212,76805.99
2026-04-28 08:00:00+00:00,0.4955773085398585,-0.0026703095741717,0.0066227649107091,0.0092355480955448,0.0034039338266729,0.0102567236510885,0.1356088294305109,0.0296093010955094,0.7653036852834149,0.9446402666733336,0.0643921257472634,0.1132307235135014,0.5023686526103411,0.0019277892525078,0.0020905955455139,-0.0226593573631915,-0.0463084395668821,0.0301083381468757,0.6741213727059253,0.1261893122557242,1.7529992105120882,0.8535091315655096,-0.4356881174496465,0.2204454067167147,76853.06
2026-04-28 12:00:00+00:00,0.4918013923968902,-0.0028993283523165,0.0128971666935238,0.0163793193898305,0.011376651747766,0.0102426964433001,-0.0713813390443329,0.0323147449477519,0.4899316319634521,1.0245971042872206,-0.6973932248385459,0.1115931316876844,0.5017693736767311,0.0015589909460998,0.0101194773737485,-0.0143323436290344,-0.0381965586872816,0.0302901535109544,0.6061774114360812,0.126296037072012,1.6471164356579775,0.8904399274135005,-0.7313666526978932,0.2205145207528642,76227.83
2026-04-28 16:00:00+00:00,0.4914036426143314,-0.0033791863199687,0.0125067361305986,0.017299105700181,0.0134266001926586,0.0103195359146309,-0.0425098706290769,0.036999713692444,0.2615285563225596,1.9250551121489377,-0.2487895956734547,0.1155797661398476,0.5015665734809385,0.0010951940350354,0.0122499228365184,-0.0116304684458703,-0.0355103292359111,0.0303510246232566,0.5829838411201884,0.1254750996392052,1.5831050343212958,0.8004916499840431,-0.3811642059875024,0.2201429756400851,76034.62
2026-04-28 20:00:00+00:00,0.494101357992914,-0.0034332360756588,0.0058232202632675,0.0113873218567828,0.0085163798377703,0.0101364050421721,0.1384812667690377,0.0403017085376604,0.3779083929153278,1.2810550955424551,0.6250585875250925,0.1211719917298525,0.5018601260106164,0.0006548508547431,0.0074225231865203,-0.0157494656699954,-0.0394819478538575,0.0301447355832792,0.6150586263599315,0.123672250986529,1.592947441487603,0.7296356643815356,-0.2555249297273622,0.2195997311019855,76368.24
2026-04-29 00:00:00+00:00,0.4939224090248427,-0.003096270267038,0.0054476303934354,0.0111868663051779,0.009034101154171,0.0098648804251331,0.1554007826346922,0.0422920433214065,0.6788070481780277,0.8734331219683805,-0.2120711974109994,0.123282578317302,0.5017879960208661,0.0002847379425074,0.00800446188931,-0.0146615812148463,-0.0383968448804703,0.0300977355420207,0.6048632334877336,0.1224164692504434,1.6681848675684736,0.7425137058939631,-0.5485467892912614,0.2190629155763575,76302.71
2026-04-29 04:00:00+00:00,0.4986759022139807,-0.0024974033473679,-0.0037711947047778,0.0016702735485067,4.835822431137338e-05,0.0095456381194947,0.3788115674363985,0.0432317706292677,0.7596939111526766,0.9808957776480284,0.6996558381599858,0.1226030935976639,0.5023931056497394,-3.4053560223383526e-05,-0.0009175568094141,-0.0229261897065976,-0.0464565007912078,0.0297334985497821,0.6737000896319975,0.1196451391902944,1.7045777862536216,0.7695728565828384,0.1083523837921933,0.218532452979231,76969.51
2026-04-29 08:00:00+00:00,0.4992380326060323,-0.0014395277467039,-0.0036799929361128,0.0006309696658377,-0.0009466535931375,0.0097714893727776,0.4097985208936007,0.043239546325135,0.2567939877472779,0.8750345416429162,0.1426504280718651,0.1165011837867713,0.5024484758064655,-0.0002197871777063,-0.0018822449453015,-0.0235828645172482,-0.0471591884470848,0.0296197453943617,0.6794761205083671,0.1179391274405226,1.5790881843908535,0.7845116960057813,0.1106902029616623,0.2181511936140512,77052.33
2026-04-29 12:00:00+00:00,0.5026950355554435,-0.0004028296492234,-0.0088064467012124,-0.0058114946336237,-0.0075149547649151,0.0096917094318969,0.5696359244482172,0.0430315829181401,0.2251663944401529,1.058822785131717,0.5455798957048261,0.1145617915389073,0.5029196670446434,-0.0003478915809729,-0.0084256646182264,-0.0297686441314668,-0.0532823791094356,0.0293814225381371,0.7343743026345528,0.1158298590519559,1.5958150317803703,0.8155687886617905,0.5976681415929186,0.2179333947985389,77578.56
2026-04-29 16:00:00+00:00,0.4915135526779812,-0.0004184162781103,0.0134052333234433,0.0165027668282553,0.0151196801481601,0.0104123096894089,0.0683657237683558,0.0442648681157624,-0.4006430517586207,2.1925442291586936,-0.90580136227164,0.1114653151241323,0.5012470322042821,-0.0006167643372103,0.0142327784921818,-0.0071979272761842,-0.0312649867661607,0.0300446743378789,0.5360143195192889,0.1167842605625278,1.5042105979097318,0.8999413105553998,-0.0881012952522338,0.217837382983474,75837.79
2026-04-29 20:00:00+00:00,0.4909277998560197,-0.0013628739643662,0.0137293467622252,0.0183233337293045,0.0179846474742124,0.0111262678133359,0.0544609798028082,0.0473187244050188,0.0343934207778694,2.2425086707270694,-0.1992439420859637,0.1131791381009176,0.5009796907621327,-0.0010724068714034,0.0171778365006649,-0.0036405803726734,-0.0276735642492916,0.0301995507152424,0.5027568194264342,0.1160169950248716,1.5498706736240586,1.0825663996148325,-0.2658712126274734,0.2172990962980511,75572.53
2026-04-30 00:00:00+00:00,0.4928505949034072,-0.0016636972824682,0.008479487994693,0.0137872608981151,0.0142465846052872,0.0113162277777895,0.1604985441603464,0.0484914069930346,0.4367083462111371,0.7554411276483421,0.3853946324695971,0.1182898116726255,0.501187338180974,-0.0014619438882787,0.0135138731911761,-0.0066234317755116,-0.0304836181039496,0.0302168800704077,0.526411848547642,0.1145354111282862,1.624173971603904,1.097270549948114,-0.1654682508921298,0.2164466878909627,75807.49
2026-04-30 04:00:00+00:00,0.4939817641470329,-0.0015739917865168,0.0059565556818697,0.0114392910843237,0.012467006664907,0.0112575733435324,0.2146279730715586,0.0481224483926516,0.9248760362500408,0.713145650687456,0.1028622540250421,0.119900644555526,0.5012613658712562,-0.0017937914463751,0.0117955279595935,-0.0077706800906628,-0.031523896020166,0.030287124641621,0.5343140377410451,0.1130867415791165,1.8478854161061125,1.0943038069457118,-0.3553414148434302,0.2156043672876084,75906.04
2026-04-30 08:00:00+00:00,0.4954061341267997,-0.0016546109580623,0.0021827352674532,0.0080935857721866,0.0098121619444213,0.0112977848087825,0.2886083225287804,0.0469512517399745,0.9747818843156328,0.5745989741532636,0.177358793877535,0.1222432971764986,0.5013954504446773,-0.0021600538764692,0.0092098986969371,-0.0097082582158637,-0.0333004965346812,0.0303335793542979,0.5492855331424098,0.1114698918172001,1.8895572845644244,1.078616653673462,-0.3313942609695135,0.2147720151041545,76060.5
2026-04-30 12:00:00+00:00,0.495588367321904,-0.0012479019244286,0.0019096474106847,0.0075174768255725,0.0095845707363277,0.0111790452162125,0.2917442218201533,0.0389450369479708,0.9466454056896184,0.4530981008442541,-0.0244152046783672,0.12136261013181,0.501372323935894,-0.002436874289747,0.0090319573615844,-0.0094023082483739,-0.0329302502077767,0.0304319284422946,0.5443467480739854,0.1099722206001986,1.8888686874169007,1.0154163997095491,-0.5712247946228548,0.2139495133696102,76048.81
2026-04-30 16:00:00+00:00,0.4980533993394364,-0.0006326943101406,-0.0024636269166268,0.002423194711403,0.0046008205803824,0.0109803454672968,0.4357469795269045,0.0340327923032174,0.9712497797274432,1.2570805961122655,0.5905633409453084,0.1182179775112532,0.5016865130234179,-0.0026354496555016,0.0040878012199074,-0.0138591611246162,-0.0372384718477726,0.0302436400334544,0.5843392904908354,0.1084368381580879,1.9162254260745044,0.912966863367953,0.3284939292172577,0.2131367455091107,76408.28
2026-04-30 20:00:00+00:00,0.4981113549435424,-0.0001855110901055,-0.0020137991510655,0.0022992735397036,0.0045836334030817,0.0107383978637324,0.4537690925135277,0.0307764714981283,1.1223858668026032,1.0028870709897832,-0.0381663312584775,0.1138870319135905,0.5016564962345696,-0.0028364407655279,0.0041059809910761,-0.0134510292308536,-0.0367942535208115,0.0301421161936984,0.5795659195578325,0.1076810809536999,1.9391982971460489,0.73706659490833,0.5986748178789781,0.212333596327393,76391.98
2026-05-01 00:00:00+00:00,0.4979319105671926,0.0001753860840187,-0.0011229583044011,0.0026505375681262,0.0049958190084755,0.0103755498616586,0.456114563720835,0.0273577430164726,1.9425108455666424,0.6790496810592297,-0.1222475322703149,0.1093989656593643,0.5016001801011449,-0.003019600539586,0.004549967296908,-0.0126447056533826,-0.0359644045460354,0.0300153356766044,0.5710672607583025,0.1070331601387458,2.0958390957581017,0.7246316367797159,0.3956949884687263,0.2115399519924677,76345.3
2026-05-01 04:00:00+00:00,0.5026632197547339,0.0007492241307692,-0.0097686964805495,-0.0069567949973955,-0.004803885020427,0.0101084180956919,0.8167330028238862,0.0271110508012405,2.2464728240650835,0.7810297483685366,0.6922771252460423,0.1049133405839381,0.5022898276736387,-0.0031008149309583,-0.0052269400987995,-0.0219776870740106,-0.0450683070757479,0.0296075937606659,0.6601150982049204,0.1052342527451624,2.247110242737687,0.724263015789136,0.5560166751664504,0.210858969750748,77094.42
2026-05-01 08:00:00+00:00,0.5023842615631341,0.0014604642203305,-0.0076168173985863,-0.0060700263080069,-0.004337652791492,0.0101809426576919,0.8025264257658685,0.0272734086713108,2.219021198136605,0.535530825908072,-0.0706545296922184,0.1048814205868826,0.5022493627628135,-0.0031320374324743,-0.0047579128967927,-0.0213486449453075,-0.0444888571658055,0.0295563420982062,0.6541035236633466,0.1044616679859263,2.266617636968887,0.7096824563852606,0.6382280350706647,0.2105490498117355,77071.6
2026-05-01 12:00:00+00:00,0.5046168746618903,0.002089112881477,-0.0102733588026595,-0.0100261640153015,-0.0088383240980643,0.0099723927919778,0.9624119752571744,0.0278437760736186,2.184276529209529,0.5708328631467258,0.6582602855931067,0.1082395718822685,0.5025857822082077,-0.003101786612478,-0.0092623038362708,-0.0256732658967826,-0.0487701314021232,0.0293184871299008,0.6971551781702966,0.1032167786366164,2.2922877176689287,0.7213579740180708,0.905348672727158,0.210287007232559,77444.07
2026-05-01 16:00:00+00:00,0.5105492824633133,0.0032726930232319,-0.0198876319020608,-0.0219260680710169,-0.0218556927982377,0.0103764367364601,1.2537274559706415,0.0340724193547425,2.7174465060333137,2.837301581831598,0.6952961195057079,0.1212187670736518,0.5035629772589865,-0.0028710532401157,-0.0223133457491807,-0.0386455749031184,-0.0615957767026266,0.0289498708440852,0.8292653869357857,0.1013749693193794,2.366996477006189,0.9503900518840028,0.7351147887762115,0.2106174080775009,78535.08
2026-05-01 20:00:00+00:00,0.5087562686722918,0.0039994303459239,-0.0141895133277105,-0.0180259478087121,-0.0190049369237422,0.010436117641826,1.0620792285375886,0.0400161345403009,2.320795276210485,1.2710914693566662,-0.2887068829736969,0.1362647254603996,0.5033640935829387,-0.0026813770928528,-0.0195044521153827,-0.0360389510545093,-0.0592215802039822,0.0290960298063206,0.8035264867278288,0.101467322327668,2.3247123021806426,0.9934290542543962,0.7065687955422191,0.2111419834317816,78370.1
2026-05-02 00:00:00+00:00,0.5075083295232872,0.0040309264020715,-0.010178604333951,-0.0148995403620956,-0.0166237700251329,0.0104366222919508,0.951909949268343,0.0430107312823454,2.445077504505476,0.8158458136655328,-0.2012668137499019,0.1454005595104308,0.5032060466666168,-0.0025554824105462,-0.0171519415777755,-0.0337976323009565,-0.0571693396587394,0.0292230829624587,0.7816098210689352,0.1014247139473234,2.389841343446128,1.0120790959490438,0.720728332008074,0.2116603507135303,78230.61
2026-05-02 04:00:00+00:00,0.5084412134044789,0.0040087738322122,-0.0104677477060802,-0.0159943970049173,-0.0184818678362934,0.0101311999657611,0.948641876273914,0.0458599335255614,2.2900673857322054,0.3133364550706461,0.5836120879435123,0.1531728865955882,0.5033776781326774,-0.0023963760564128,-0.019040507354238,-0.0357609120321369,-0.0592356033711063,0.0291683389785964,0.8038776946699286,0.1002049341202082,2.346485084551368,0.9431661254392788,0.6356505325859136,0.2121725833920103,78434.74
2026-05-02 08:00:00+00:00,0.5064979791727712,0.0037078011427659,-0.0056272583394495,-0.0115232587322788,-0.0146139889068145,0.0098506006213945,0.8346527244683201,0.0481999982813181,2.1541327895006157,0.2482186835976079,-0.623669410316444,0.1586375925020699,0.503113154574101,-0.0022853828779124,-0.0151994624649935,-0.0320504676078898,-0.0557488989394375,0.0292330981519844,0.768369092287404,0.0989140737417333,2.295220364631513,0.9011350944331904,0.5698781072841584,0.2126787540670142,78176.36
2026-05-02 12:00:00+00:00,0.5060685463566216,0.0033276717883988,-0.0039350479631253,-0.01001457204184,-0.013632880028805,0.009423217218954,0.7921207462510096,0.0501354542708509,2.0925220895709367,0.2135420275329253,-0.0967227811535173,0.1631080321407728,0.5030711062064208,-0.0021747918301173,-0.0142418797700043,-0.0311683243292801,-0.0550193530212133,0.0291647776812993,0.7621248240138274,0.0971809603373849,2.352228330245548,0.8496813664466736,0.4481145602977395,0.2131789344791546,78147.22
2026-05-02 16:00:00+00:00,0.5080119984940705,0.0029662736912989,-0.0066632549104767,-0.0128548722706453,-0.0169538633885392,0.0090436778566138,0.8423847860123209,0.0520545381891914,2.105722864706518,0.2932904882916068,0.7933196793850561,0.1668685081533933,0.5033589379739551,-0.0020536809191849,-0.0175837374215183,-0.0345173160440542,-0.0584187986885732,0.0288785206402868,0.8031556513457657,0.0943399057468467,2.4337408668211307,0.4783088241710175,-0.0764129537953904,0.2136731955200317,78460.98
2026-05-02 20:00:00+00:00,0.5076863957514464,0.0026629273244885,-0.0052682706834171,-0.011595315771953,-0.0161861876924347,0.0087053374517895,0.8149950724707429,0.0540933187320968,2.0443123467719597,0.320015241228919,-0.0310463779225873,0.1720028068742364,0.5033351547654366,-0.0019331271541698,-0.0168409331262702,-0.033867631311055,-0.0579252369998346,0.0286752395237959,0.8018534165365729,0.0917855732960827,2.414851251905051,0.3243032189670118,0.0916993059850274,0.2141616072422813,78452.08
2026-05-03 00:00:00+00:00,0.5089922508119361,0.0024768577804951,-0.0069256731879436,-0.0134842575685134,-0.0185955525747376,0.008572637897413,0.8383981366371663,0.0560064912954689,1.9810599525589023,0.6212275264539373,0.338360496229636,0.1807902652928142,0.5035514028943705,-0.0017857216541613,-0.0192769145752869,-0.0363744690216718,-0.0605238499895668,0.0283942588483509,0.8378704236850999,0.0887675992375797,2.411271139135193,0.2773598907488499,0.4210239845813453,0.2148220610464465,78702.46
2026-05-03 04:00:00+00:00,0.5046276085061454,0.0018866418467151,0.0002432046652374,-0.0059380974595877,-0.0113141241800146,0.0087038331564661,0.6930623872140892,0.0544074008958757,1.8879544813834108,0.4302807581477653,-0.812511335469457,0.1872618835984184,0.502999682658176,-0.0017320392660671,-0.0120138212998128,-0.0292513320485269,-0.0536917299761738,0.0284208836928701,0.7611343525077486,0.0863534404373766,2.3822001083753266,0.2803237931019783,-0.2408005567849325,0.2155925608039719,78164.87
2026-05-03 08:00:00+00:00,0.5060787232940303,0.0013327723074541,-0.0023001537163376,-0.0079865499612367,-0.0134927422600626,0.0083785201065904,0.7234646260482992,0.0519615898582001,1.8397753849584275,0.239939624831607,0.5387034906022297,0.1915706102223167,0.5031940482863068,-0.001681829905766,-0.0142000254786146,-0.031386621928005,-0.0558733398653379,0.0281737595782011,0.795219076086805,0.0826530492621753,2.376837753857441,0.2695893665534119,0.1840867290825165,0.2163464497760509,78375.53
2026-05-03 12:00:00+00:00,0.5082145773691754,0.0010902227862514,-0.0054293490675846,-0.0109763211886003,-0.0167258146078539,0.0081418069204923,0.7778918841468512,0.0498419651506713,1.7708418518894045,0.3502587080858184,0.6036776678978493,0.1981661073866788,0.5034794608906704,-0.0015937778955452,-0.0174468366705797,-0.0346161363219228,-0.0591427235627909,0.0278955152224889,0.8484152305907942,0.0785185762635515,2.3681661412105237,0.2749999051855534,0.4919638813667412,0.2170802354109105,78679.53
2026-05-03 16:00:00+00:00,0.5075382025160552,0.0010426506317475,-0.0039554318478756,-0.0096323727062992,-0.0157464132155292,0.0079915258129168,0.7524471189396147,0.0460333436759844,1.7035249751102894,0.6014672853016538,-0.0823489932886179,0.2072706814690818,0.5034299665876464,-0.0014808974170239,-0.0164903263432302,-0.0337628846090024,-0.0584531593190464,0.0277367871214333,0.8480376282453356,0.0755216669891589,2.346217973342087,0.294927390741539,0.1792900119224667,0.2178053370799554,78654.98
2026-05-03 20:00:00+00:00,0.5081134996707349,0.0009094952981754,-0.004449226982168,-0.0101057469543303,-0.016502767373408,0.0076622987072291,0.7655956466408576,0.042728448301316,1.6545050659607654,0.3690006508442279,0.3800550066211998,0.2155621668095318,0.5035237494385515,-0.0013798750634007,-0.0172653260685899,-0.0345946998313249,-0.0593989434383392,0.0275321540599071,0.8674692628501038,0.0734812754231562,2.3341305435202435,0.2899698742995067,0.290973114354107,0.2185218575533385,78766.91
2026-05-04 00:00:00+00:00,0.5046895626177849,0.0009205325417514,0.0006797499464192,-0.0051763758284243,-0.0119704669623145,0.0077668398823781,0.6453361656242498,0.0403619903253817,1.4791551609308984,1.166653904572235,-0.3103138188618265,0.2274453159444779,0.503165205299007,-0.0012594010845397,-0.0127609222198468,-0.0302807875355326,-0.0553494569623846,0.0274997949093882,0.8097911467015426,0.0732480250771687,2.3029131113507315,0.325055167762547,-0.1764692864361637,0.219319366417112,78463.24
2026-05-04 04:00:00+00:00,0.5172357466558147,0.0012516346356458,-0.0204757792145694,-0.0268503101711371,-0.0340555393995783,0.0084368694471763,1.2169821296588124,0.0377962500208869,1.4946888395253417,2.8412908906704035,0.8621992159180645,0.2367533291957648,0.5049573437127328,-0.0010471187450943,-0.0348638244833146,-0.0521862875166113,-0.0768763267120511,0.0268080813751163,1.1249647865524357,0.0718362503994411,2.2927955032126377,0.5596509660579257,0.9168243726688065,0.2203919161082926,80330.4
2026-05-04 08:00:00+00:00,0.5112470440977976,0.0018829182107077,-0.0092136733116845,-0.0168449605142155,-0.0250152600847716,0.0092918133656496,0.951036762669652,0.0374499851873025,1.3713886292080992,1.2709875269332294,-0.5680304638899332,0.2499960630226768,0.5042517939404858,-0.0007674694801506,-0.0258871081729594,-0.0437187564163801,-0.0688873741928146,0.0270723609518807,0.9992314570698408,0.0732219604351579,2.243855446134477,0.6729257951374481,0.5579004860065144,0.2218122132434607,79683.02
2026-05-04 12:00:00+00:00,0.503676843670693,0.0014662968314406,0.0034781540308428,-0.0039734937561244,-0.0125344244326326,0.0098417632998512,0.6005913496357989,0.0341503976690169,1.182579962154131,1.9627727222550555,-0.5531009501257269,0.2520174358108796,0.5032439584227795,-0.0006459273332312,-0.0134425031851276,-0.0316408470805675,-0.0572995476391339,0.0274286848612321,0.8297531253619892,0.0743308557664626,2.1756638290392964,0.8574209203848663,0.0249086378737524,0.2231956524108337,78739.5
2026-05-04 16:00:00+00:00,0.5114245812082693,0.0010979613508584,-0.0125697649067791,-0.0196209941991465,-0.0282582426545796,0.0104573775035057,1.102379055800322,0.0310073903580392,1.3061840085141538,3.474254695596098,0.6431647398843962,0.247866109829384,0.5044836740433397,-0.0005253633850978,-0.0291727852630981,-0.0471944642616872,-0.0726006188708699,0.0270080244257396,1.0490804937211704,0.0734505630203318,2.198818431296246,1.2131823860252815,0.5895805647840558,0.2245257169102375,80074.69
2026-05-04 20:00:00+00:00,0.5097822354183754,0.0015277247141368,-0.008686561678436,-0.0166112164585738,-0.0260032218193705,0.011269384829742,0.990293170991077,0.0321760416872098,0.7758164999037116,2.064215737467469,-0.0803468360899935,0.252249334428789,0.5043273554833134,-0.0002664656338331,-0.0269700484492936,-0.0453580681976789,-0.0710663941290629,0.027085547013846,1.0198925791557778,0.0744015334969542,2.09197248234437,1.4703585811976383,0.4785461689587403,0.2258756091249006,79984.81
2026-05-05 00:00:00+00:00,0.5081536479881213,0.0015478205303262,-0.0047713355522159,-0.0130386865504843,-0.0229915215040562,0.0111377695371975,0.864609599807569,0.0347636072963368,0.7197012671765907,0.7301291370714849,-0.247513695425821,0.2566874570316149,0.5041264014957032,-5.4607698951874034e-05,-0.0240022243318716,-0.042714839661483,-0.0687264928587928,0.0271959038418373,0.9825281627245483,0.0749021220875756,1.9819264372961436,1.461857935122088,0.5350687622789784,0.227240266394863,79824.98
2026-05-05 04:00:00+00:00,0.5136835890801219,0.0017087685540764,-0.0149593533973275,-0.0236752188585545,-0.0341446979081764,0.01098085878706,1.1288713174377054,0.0379964641751755,0.7926350928585418,1.086761023113932,0.7895797173320124,0.260666810513235,0.5050755650220095,0.0001903571716646,-0.0351909462084439,-0.0540081829548222,-0.0799680992447271,0.0269176167460835,1.138103652300553,0.0747276961753962,2.0491664172937942,1.3071412787224084,0.1786293155621075,0.2286211091451557,80843.98
2026-05-05 08:00:00+00:00,0.5128427313823165,0.0021090642794818,-0.0120793514276745,-0.0217377112513993,-0.0330694134733182,0.0110066510198262,1.027164582757788,0.0426419943069771,0.5482691095766855,1.1924004002174289,0.0417186167071217,0.2686345352459163,0.50504128096966,0.0005047619175805,-0.0341775748633897,-0.0534390908171273,-0.0797192825555458,0.0270336889298703,1.125402368817018,0.0755945497215325,1.9353632862935928,1.325222897761063,0.3802615087239016,0.230184233822457,80869.4
2026-05-05 12:00:00+00:00,0.513042818703803,0.0020506776880573,-0.0113942494792099,-0.0213668500103968,-0.0333073370356958,0.0107791914865142,0.992502311530116,0.0456307841570363,0.5363125094518151,0.8198554202483462,0.2019735460844195,0.2747093584486534,0.505126401645374,0.0007617143329627,-0.0344648592765631,-0.0540765696598001,-0.0806184017191243,0.0271119856061739,1.131611374003314,0.0760790538009965,1.9254462108172188,1.213295124403388,0.7958137909859972,0.2317722602053486,80994.49
2026-05-05 16:00:00+00:00,0.5148619325404509,0.0023380302601488,-0.0149546279725796,-0.0257147441097886,-0.0384521848256562,0.0107735432775154,1.0474471919335246,0.0497639300610347,0.4353737809722217,2.644788747618648,0.6986831913245445,0.2825331412905031,0.505578795475731,0.0010898874680549,-0.0396679183587098,-0.0596423536361099,-0.0863592890562706,0.0270038057812622,1.201334100724979,0.0767710812974282,1.90814172257806,1.1425756256312352,0.6970044289736891,0.2334803683371672,81553.73
2026-05-05 20:00:00+00:00,0.5142875228650012,0.0023575821976723,-0.0132299329299686,-0.0244711743630466,-0.0379484859921689,0.0106433944110634,0.9958501607396234,0.0529480633170674,0.5510318544229591,1.739046410295918,0.1230452864355646,0.2906502089448957,0.5055892159547488,0.0013965051530461,-0.0392241894747166,-0.0596511109860469,-0.0866933216357104,0.0269493034156499,1.1935443360755145,0.0779232327972797,1.9232627075111968,1.105843574898187,0.8217286614912723,0.2352187739379029,81633.91
2026-05-06 00:00:00+00:00,0.5090656071292702,0.0020618419534275,-0.0028138748408202,-0.014157747310629,-0.028306078592423,0.0106268920482555,0.7892163066914234,0.0553429261091975,0.1612182068572414,1.3154853720627189,-0.6818324197337449,0.2960951706822113,0.5048308930457929,0.0016703664201189,-0.0296449688479827,-0.0506659114362403,-0.0782754346657651,0.0271606991554228,1.0652986502899853,0.0800126690071852,1.808061030961552,1.2110607496877213,0.5533903785881332,0.236964439104872,80937.35
2026-05-06 04:00:00+00:00,0.5120585062439671,0.0016160316544826,-0.0092183061437279,-0.0202058973591696,-0.0346279888689124,0.0106162377765257,0.8933718530926655,0.0558119271917568,0.297360353412497,0.7474457468988988,0.6058228764019218,0.2953287885542463,0.5053914802500477,0.0018731935181564,-0.0359996564606857,-0.0572169325402825,-0.0849229519422222,0.0268522522968792,1.1456021125107376,0.0805762535900323,1.8495731660564216,1.1942967339619317,0.5664229270488813,0.2386910188195644,81573.67
2026-05-06 08:00:00+00:00,0.5100996847451943,0.001252883201078,-0.0051684444428694,-0.0159337873691312,-0.0307527576601907,0.0105598982149362,0.8099084577245259,0.0568599019268533,0.2568424209495509,0.4741557367941614,-0.3707330249518977,0.2958583779537862,0.5051237956060185,0.0020886854964835,-0.0321704140865261,-0.0538055203156613,-0.0819025975656078,0.0267934996925877,1.0944464138488958,0.0821032146674042,1.8197402673360925,1.1226554751004505,0.3761895890581103,0.2403971653743431,81354.06
2026-05-06 12:00:00+00:00,0.5159118977136117,0.0014692255836887,-0.0166109021817344,-0.0277886648321961,-0.0430876534227687,0.0105284687977195,1.0115439043497052,0.0574570562660162,0.6021821048371702,1.6264349225491452,0.7890490799596371,0.3007475873331702,0.5061969373832114,0.0023603070003856,-0.0445454980176441,-0.066367979950993,-0.0944406925058344,0.0263271573513089,1.246728991561634,0.0825669325225346,1.971099545462741,1.293302134657879,0.7283230160269001,0.242266107943391,82534.58
2026-05-06 16:00:00+00:00,0.5097777387523602,0.0012096139494462,-0.0049027242266679,-0.0160758796202848,-0.031949069209715,0.0110928618419725,0.8028270434272892,0.0570496046257705,0.2238250514724576,1.565332906693178,-0.586359410654418,0.3049030830323499,0.5052795406737844,0.0026181671136407,-0.0334690026880528,-0.0559261455255711,-0.0846328451656217,0.0265869871939655,1.107015327430514,0.084560045876492,1.867068062989518,1.222199856722063,0.0701277328251174,0.2443822043366769,81702.02
2026-05-06 20:00:00+00:00,0.5078729955294896,0.0005460873488439,-0.0016706655805697,-0.0120899480104418,-0.0280767188373896,0.0111281369140891,0.7314256732222106,0.0547406532385429,-0.1109421820307768,1.0419447942817048,-0.3183265436647503,0.3040828509494444,0.5049929962647958,0.0027629154981845,-0.0296292239289138,-0.0524317148651864,-0.0815142015017467,0.0266533274596535,1.060258608444388,0.0855994689446318,1.779808751055696,1.166655368296624,-0.0760627456173108,0.2464732578456822,81473.07
2026-05-07 00:00:00+00:00,0.5073166575897472,-7.537048432493852e-05,-0.0012137669153358,-0.0107783961914198,-0.0267257293801489,0.0108651290321988,0.7061087851035834,0.0520482843183593,0.17176228674798,0.6110229755414212,-0.0333030878725229,0.3017579387369781,0.5049211050121355,0.0028652425718108,-0.0283000408954774,-0.0513446891804467,-0.0807126537376193,0.0266527383085189,1.0432234797945474,0.0865849213046839,1.8696789773423588,1.0800919960532764,0.2422383747050217,0.2485395648397291,81449.58
2026-05-07 04:00:00+00:00,0.5035311224573066,-0.0008643258854702,0.0055042396217004,-0.0028918615948706,-0.0186548850450443,0.0107669685249927,0.5403775240686823,0.0481790757909504,-0.0293949777298736,0.5822332380707149,-0.9058291884022722,0.2959880143370088,0.5042835738298965,0.0029110852059748,-0.0202471270154485,-0.0435917598194044,-0.0734103055954727,0.0268227506688478,0.9487807058622268,0.0876785698318713,1.7821534117292164,1.0746175675383445,-0.3634925353581654,0.2504895230515178,80852.24
2026-05-07 08:00:00+00:00,0.5067367733684727,-0.0012997943778355,-0.0022902103021062,-0.0097302307008154,-0.0251189017099876,0.0105077396412015,0.6839542032764825,0.043669924753199,0.0300903294316788,0.3621343815013387,0.6186524181506134,0.2897403680630434,0.5048326383648368,0.0029154082329354,-0.0267059450685178,-0.0500071145095452,-0.0798356299537501,0.0266101279365146,1.024654966279139,0.0874653550175268,1.8157409967386116,1.068767229605195,0.0516537528296417,0.2522526367997685,81461.99
2026-05-07 12:00:00+00:00,0.502950797496322,-0.0017956559608148,0.0045703638690299,-0.0019013997601001,-0.0170274432223146,0.0106778538451113,0.4883674145538526,0.0398359426548996,-0.16443533689231,0.4104085962591864,-0.5883912186501764,0.2855059143559838,0.5041938828777686,0.0029229742171897,-0.0186252538315384,-0.0421768167191872,-0.0724398263230434,0.0268038321439765,0.9298889810651096,0.0887859020896692,1.708974063176897,0.8750024715041704,-0.8478190597409933,0.2539252888506638,80856.0
2026-05-07 16:00:00+00:00,0.4970749926821715,-0.0026093363018956,0.0154544053277203,0.0104779883854495,-0.0041237516163024,0.0109385362985424,0.1611140315849719,0.0395246956275239,-0.5390187467323216,1.8651759305297095,-0.6636073555051127,0.2747844203794857,0.5031535529439243,0.0028433353739763,-0.005720474634337,-0.0294992130403336,-0.0602925445327811,0.0270929739736174,0.7832778456359943,0.090651192010853,1.6334421720071175,0.949426372586867,-0.8332980882147821,0.255154018248717,79849.99
2026-05-07 20:00:00+00:00,0.4990207764221023,-0.0034901175489967,0.0087564821389058,0.0057247142441112,-0.0077989299929553,0.0111514399537095,0.22717210633003,0.0361114206545832,-0.4614880636636883,1.0314261283564048,0.3802179176755419,0.2568363327643856,0.5034152269193839,0.0026138262658062,-0.0093480835288616,-0.0328126326190852,-0.06356412837304,0.0269919175210137,0.8220134889667589,0.0908204925499711,1.628039313109452,0.9615862271272996,-0.5809637089078988,0.2556664807430192,80164.06
2026-05-08 00:00:00+00:00,0.4984046107671271,-0.0040347813853928,0.0080934467713751,0.0066161248877691,-0.0059455118309843,0.0111202879457598,0.1309987936101598,0.0324115868908199,-0.1758312263414124,0.4899623807139385,-0.166266669965599,0.2395340021302704,0.5032521314089401,0.0023917944462989,-0.007454440655857,-0.0307185890733991,-0.0615886084819203,0.0270504655284884,0.7990646723580621,0.0914459783158466,1.7015659146634874,0.94372837758097,-0.6301876911196223,0.2560980643161104,80029.66
2026-05-08 08:00:00+00:00,0.4963803114248333,-0.0041768832771523,0.0118865517255033,0.0108956984645856,-0.0013688188383341,0.0110734752420061,-0.0001682982476164,0.0329570335196043,-0.2529846395120175,0.3547820173850219,-0.4351627515011058,0.2333478619263862,0.5028883482048453,0.0023173617478656,-0.0028684753363089,-0.0261455943339909,-0.057178171888526,0.027178205557772,0.7480571057022242,0.0920218170417764,1.675600214031867,0.8958135718199476,-0.6835569442163705,0.2562568084365722,79667.83
2026-05-08 12:00:00+00:00,0.4998017760153256,-0.0041806590898344,0.0030961489172696,0.0030403924446082,-0.0083044529248597,0.0107532051227407,0.2255163541168788,0.0332421608976601,-0.2906765477168841,0.5101167820957895,0.857923579086084,0.2180001879098739,0.5034205679370702,0.0020928375939274,-0.0097542884387501,-0.0326401298358594,-0.0635177199802979,0.0269968134940156,0.8215641822743333,0.0918266167780053,1.6931940519032531,0.9205801684335414,-0.3801532951352998,0.2566814057928896,80241.67
2026-05-08 16:00:00+00:00,0.4994648721765635,-0.0040767019219178,0.0028327629912534,0.0034748318249404,-0.0071109367954275,0.0107719352241857,0.2005988590660026,0.0336536585380028,-0.4202368507895425,0.7360371680197915,-0.0831377010186665,0.2047246214561252,0.503287720596572,0.0018907299441626,-0.0085239135648973,-0.0312064692017418,-0.0621776637273706,0.0270150701434562,0.8059162722963511,0.0923231988407883,1.663999328668517,0.9816267572973316,-0.497341904996767,0.2571009782635293,80161.29
2026-05-08 20:00:00+00:00,0.4993206915273998,-0.0038089198398308,0.0025017758427157,0.0035382499098954,-0.0064084158170899,0.0107354879338593,0.2079620319616527,0.0349403472582146,-0.5180649005366235,0.6699075225978715,0.1533386884517459,0.1920916083922606,0.5032112874147683,0.0017099525525685,-0.0077881633233335,-0.0302780893876678,-0.0613259224821036,0.0269684788104222,0.7958642742309716,0.0925556318742764,1.6477506953594447,1.008352556588871,-0.5344301822565831,0.2574966902279927,80121.37
2026-05-09 00:00:00+00:00,0.499741437709249,-0.0033195132173789,0.0013396140584234,0.0024093138794119,-0.0070236731236681,0.0103997364256842,0.2525120696918428,0.0357432547839848,-0.2587111459396324,0.4140866640109018,0.2149345561134056,0.1805443065935518,0.50325681527946,0.0015553600822078,-0.0083740110411767,-0.0306766725023435,-0.0617769980193722,0.0267876534799661,0.8005546585802814,0.0926838551175399,1.7150069250914737,0.6719922937038629,0.4754166707065191,0.2579066142375181,80195.43
2026-05-09 04:00:00+00:00,0.5009571548684466,-0.0027769558688675,-0.0011932446851533,-0.0002683565237933,-0.0092713607063947,0.0099701080209451,0.3382293741624911,0.0360675895495688,-0.2043283572438637,0.2472916052451365,0.4842504217605604,0.1711810760949989,0.5034396844930332,0.0014181037327133,-0.0105939681980489,-0.0326948118562619,-0.0638016410539938,0.0265457312595047,0.8233965175031244,0.0925070949596858,1.727254135270846,0.5251313934913856,0.5429447255741654,0.2583170890587678,80404.97
2026-05-09 08:00:00+00:00,0.4998462925767352,-0.002341505707224,0.0010917689488252,0.00189204503186,-0.0067528638735832,0.0096971684195908,0.2947385863635371,0.036014360317714,-0.2048116126347447,0.2163949297084353,-0.3261824760919984,0.164371707721202,0.5032441892130067,0.0012903693349036,-0.0080546405819221,-0.0300596305898319,-0.061319767578577,0.0264579850614685,0.7943806002520271,0.0927498230004734,1.7349353235560174,0.489590854614705,0.4801696749642136,0.2588137900190224,80228.3
2026-05-09 12:00:00+00:00,0.5004733743501084,-0.0019988431413853,-0.0001983165657095,0.0005404316616544,-0.0077087138185507,0.0093023502916274,0.348753766140825,0.0354060109078418,-0.0928818067345919,0.3530851636816299,0.3607166266113151,0.1561118124621185,0.5033276175713896,0.0011506138661527,-0.0089836427330881,-0.0308010745080736,-0.0620965495852774,0.0262805041579683,0.8031422220747221,0.0925310492855649,1.7628960464041616,0.4497819331676392,0.0970132318542,0.2593059471250459,80330.17
2026-05-09 16:00:00+00:00,0.5017401434007095,-0.0016478495990627,-0.0025031152684388,-0.0019065570715489,-0.0098089988013309,0.0088582541186396,0.4313978208845803,0.0351903092230767,-0.0848904782194791,0.3528758686378315,0.5158273570284012,0.1487193453430965,0.5035010458237139,0.0010208471951003,-0.0110578062625105,-0.0326734203724303,-0.0639689817559016,0.0260677462747114,0.8248733874853514,0.0920434797001999,1.7582727892800507,0.3711363640690721,0.5187149520465417,0.2597922798114004,80526.53
2026-05-09 20:00:00+00:00,0.5041542202491702,-0.000984465825771,-0.0061329198820542,-0.0062225714463192,-0.014044623043813,0.008767398444061,0.5806161257892852,0.0342142912101296,-0.1000681385585328,0.5196162069079616,0.6506074640891363,0.1483484366439705,0.5038589798294314,0.0009642183380026,-0.0152793031040905,-0.03674584843341,-0.0680097643940526,0.0257881599396448,0.8714391980978798,0.0915137605584503,1.747881611420124,0.3205095171020285,0.8009596928982755,0.26040997464267,80914.24
2026-05-10 00:00:00+00:00,0.5023736329735218,-0.0005841525934336,-0.0022888166889351,-0.0028227122515058,-0.0105826078493911,0.0085083160144532,0.5055037339080194,0.0330903473937742,-0.2975853181193011,0.3024119738928473,-0.771120090920567,0.1493661992931569,0.5035953616365386,0.0009041797467846,-0.0118106441879207,-0.0332792137794679,-0.06474742485103,0.02570264839601,0.8324857305405423,0.0919074646676664,1.7156521889967244,0.2878849409238566,0.4995421004431726,0.2611021277766134,80669.99
2026-05-10 04:00:00+00:00,0.5030931156574676,-0.0003703756335934,-0.0032097021375608,-0.0039727424394141,-0.0115762863479366,0.0081529378630184,0.5940872546041246,0.0274779003337992,-0.111019430275419,0.3034204362204382,0.3579116664604684,0.1480234720312414,0.5036893139074305,0.0008230205963659,-0.012788800743769,-0.0341370698874008,-0.0656560740785635,0.0254999955129326,0.8437126153484935,0.0912073135577502,1.723935536746546,0.2825035439128761,0.4046895261580349,0.2617860896434232,80785.72
2026-05-10 08:00:00+00:00,0.5025006482177834,-0.0001972483537597,-0.0018447579363506,-0.0028242152632814,-0.0103113012539782,0.007838829160673,0.5940234023956226,0.0246355543386736,0.0189903105103595,0.2128006912953582,-0.3144032161175872,0.1470712882585203,0.5036023054104212,0.0007492160529768,-0.0115121072243137,-0.0327938938818662,-0.0644356648879322,0.0253563293094508,0.8314567757245609,0.0900797440322819,1.7333806415060746,0.2716715177334882,0.537456369018677,0.2624619571824242,80717.68
2026-05-10 12:00:00+00:00,0.5031008769632664,-3.741704299060539e-05,-0.0024771564773654,-0.0036834237988148,-0.011069345336516,0.0075167916232777,0.6732014198150585,0.0226229432049199,0.0281015358488286,0.5248572514040564,0.3473360655738215,0.146742366433876,0.50368064488311,0.0006818014650245,-0.0122575056442093,-0.0334377858454203,-0.0651390050266452,0.0251550263479506,0.8414237561872141,0.089009935164467,1.715416746331751,0.2717298484127539,0.5708880245361332,0.2631298261857149,80815.99
2026-05-10 16:00:00+00:00,0.507627965048398,0.0001910371908016,-0.0091787555722482,-0.0107347663155807,-0.0180588407753893,0.0072242140788393,1.0525400098356132,0.0211420265811485,0.2299778563834502,0.9961772886189886,0.8988122130729526,0.1484162886380663,0.5042850687299968,0.000634130686025,-0.0192315192994865,-0.0402076222627691,-0.071777838894924,0.0247911240660984,0.9238286890639428,0.0875135863327513,1.7147683539780618,0.3179678226430965,0.9264981034077326,0.2638066936558538,81432.71
2026-05-10 20:00:00+00:00,0.5070210809328963,0.0006393538190963,-0.0073680253112493,-0.0096704393010769,-0.017211164418732,0.0072965191537142,1.003545023657792,0.0224264781317756,-0.0258463208980661,1.2068645097413455,-0.0347441566645743,0.1571475339667512,0.5042293314006429,0.0006548128707961,-0.0183900369186188,-0.039415280713499,-0.0711383462859626,0.0246445372129781,0.915553227603635,0.0873293733321334,1.6891954622843175,0.3635748337532353,0.4960502728365056,0.2647155885950562,81417.87
2026-05-11 00:00:00+00:00,0.5120167948936364,0.0009826563433785,-0.0160998614568611,-0.019031074033179,-0.0267104309557505,0.0079229249152475,1.4076505504763894,0.0236301371735629,-0.1041413666597842,2.4634327191919274,0.3912891633810326,0.1556787266862661,0.5050070530522563,0.0006723724630733,-0.0278837792882471,-0.0487418445983305,-0.080283888133793,0.0243197780124082,1.0287481548376922,0.0863395119289581,1.6676743984242406,0.5715607815408795,0.7349527144393289,0.2655409860336548,82269.36
2026-05-11 04:00:00+00:00,0.5004976677901689,0.0009384495099877,0.0038675535642334,0.0007242616780189,-0.0071681323836499,0.0090251954880728,0.5853195017814494,0.0255225058869698,-1.1082861673609763,1.663365000578305,-0.8786778893207644,0.1570866192078732,0.5033350023363723,0.0006735427924925,-0.0083638336349201,-0.0296293383418956,-0.061914240745827,0.0248189762900393,0.8006734719908555,0.088285027592274,1.604014528672154,0.7156632564796428,-0.0401950242171924,0.2666083381544917,80698.25
2026-05-11 08:00:00+00:00,0.5006572360171869,0.0004300269725228,0.0029171788586528,0.0003415263910835,-0.0072667294856207,0.0091959474486115,0.5882137073717315,0.0250362681831698,-0.7588576316359618,0.6655636653437923,0.0851862687731666,0.1505889446160496,0.5033379429222743,0.0005661543663673,-0.0084425294997502,-0.0295627679838338,-0.0619005206625423,0.0248336374833404,0.8006818640665714,0.0880158363451581,1.6143380508963123,0.7618577752902125,0.0071272987951185,0.2676630587261552,80733.19
2026-05-11 12:00:00+00:00,0.5037647452100182,0.0002038504611036,-0.0029410957824754,-0.0052512009354078,-0.0126375990174804,0.0089393669058068,0.8036015936952831,0.0244888375156943,-0.5755857474150953,0.7206910689003322,0.7442147192716124,0.1451167304657049,0.5037860990408665,0.0004809132559097,-0.013792123264586,-0.0346858448917369,-0.066913572173185,0.024714608587652,0.8621618516928514,0.0871968962335212,1.6327671086000637,0.7749713499522046,0.1783065427775738,0.2687052972363638,81204.01
2026-05-11 16:00:00+00:00,0.5046491063164243,0.0001205560347357,-0.004890181364103,-0.0071221212332018,-0.0143880406705049,0.0089339676914399,0.8769831971139154,0.0236205304449028,-0.0152457493096371,2.3608903893854865,0.1761206609302471,0.1404274513209055,0.5039113811500995,0.0004173481545085,-0.015529363902755,-0.036298253095706,-0.0685412012514825,0.0246846437612282,0.8820752935918098,0.0869186648015567,1.6567156271552026,0.8875488764330179,-0.0225215289457455,0.2697352014037295,81383.71
2026-05-11 20:00:00+00:00,0.5081143211540654,0.0007006424267625,-0.0104858029244653,-0.0136142772718849,-0.0211827933733746,0.0094141863796273,1.112994860730474,0.025077568950917,-0.8968927332804667,4.020832844682849,0.7753409804960265,0.1402759055164051,0.5044866582854953,0.0004798742986284,-0.0223300602130075,-0.0430421601800399,-0.0752012437095144,0.0245193659105202,0.9619305838858828,0.0867658250785445,1.6136498031461004,1.1779244754814615,0.2734842427417351,0.2707529171986915,82013.0
2026-05-12 00:00:00+00:00,0.505370554301544,0.0009558787945655,-0.0046253325622822,-0.0083112799492255,-0.0161738015463476,0.0093161388334296,0.8857038622891429,0.0258317946591867,-1.4942775072341965,0.961585715574544,-0.7079859804756288,0.1413369232556129,0.504080774400142,0.0005274431437258,-0.0173367607066096,-0.0382158304385222,-0.070668902475046,0.0246323895790476,0.904193506847269,0.0872832024008326,1.557578196419794,1.030701535048398,-0.3275286234087707,0.2717585888642064,81655.47
2026-05-12 04:00:00+00:00,0.5009945885424133,0.0006005935855122,0.0032048055039961,-0.0001731757405932,-0.0079842693200055,0.0095111935807983,0.5569198298413687,0.024828694370492,-1.768881810638821,0.7119315872674717,-0.6061731923406732,0.1353319576989832,0.5033888541344222,0.0004777388829173,-0.0091473393221782,-0.0301263249548647,-0.0629267224028028,0.0247824984642115,0.8100090815917046,0.0874478866961385,1.4768863791553053,0.924921171519883,0.1872531114521264,0.2727523589361904,81019.17
2026-05-12 08:00:00+00:00,0.49997370253221,0.0001727326739507,0.0045430657110498,0.0016805142131,-0.0059128263229892,0.0093507835030559,0.4638239268418163,0.0237668504203699,-1.6559685480942203,0.5713898851466925,-0.3075568426407735,0.1271913310834993,0.503218294921312,0.0003906268501399,-0.0070620793008558,-0.0279622973791696,-0.0608871671873212,0.0247823341120434,0.7855917920188528,0.0871798952962712,1.463502241435718,0.918329366424142,0.0920161276205991,0.2737303007649785,80879.88
2026-05-12 12:00:00+00:00,0.4992575639614825,-0.0004682636604983,0.0047412223863108,0.0028110447378479,-0.0043238590105929,0.009199354726444,0.3884263113477645,0.0228673548618735,-1.557666137747744,0.8622681556779523,-0.2451840349183964,0.1232182962060084,0.5030754086424338,0.000234073631772,-0.0054451868517352,-0.0261582971423454,-0.0591514658150387,0.0247751495726845,0.7648938223918232,0.0873373423262314,1.461063627155413,0.9467343101028236,-0.246792272279051,0.2747007366669677,80764.54
2026-05-12 16:00:00+00:00,0.4961392665504918,-0.0009959096861612,0.0096932636780457,0.008639470615587,0.0019749057288565,0.0091446705317282,0.0984190152740807,0.0223210151285476,-2.2645817709928533,2.346067297360189,-0.587245005999854,0.1221388811295825,0.5025181662082944,5.965184325248165e-05,0.0008799427622472,-0.0197128789368995,-0.0529154710585126,0.024897553346038,0.6904729304352163,0.088143642233876,1.3897497665758292,1.0008193806928063,-0.5800856906617198,0.2755766107939179,80265.36
2026-05-12 20:00:00+00:00,0.4999862891188649,-0.0013994917157492,0.0012567779799448,0.0010572694408079,-0.0049896561231386,0.0093168818438803,0.4071001913199981,0.0218045516109532,1.6100797398788262,1.7525192051880278,0.5316415094339563,0.1259300110614978,0.5030598393658503,-0.0001397570584613,-0.0060389790267819,-0.026199289824362,-0.0591519032322003,0.0247608643466772,0.7667797557676935,0.0877472605018443,1.5750823264801457,0.8066616637248629,-0.4953677277716846,0.2759052452069841,80828.79
2026-05-13 00:00:00+00:00,0.497970835290814,-0.0014921861284132,0.0044818144554898,0.0047009092116461,-0.0009533224233448,0.0092314379745815,0.2085821764464037,0.0211231773138896,0.8828891515498127,0.6221131727780645,-0.7036504742742125,0.1278245434189642,0.5027119102488516,-0.0003026123979445,-0.0019759753039453,-0.0219731884606251,-0.0550540894032622,0.0248743343424592,0.7191097445236964,0.0884220816759487,1.508804906929052,0.7853620582236325,-0.6158168353168026,0.2761606575790816,80510.55
2026-05-13 04:00:00+00:00,0.5026205932727646,-0.0011905457145311,-0.0041205507510277,-0.0040288423303114,-0.0094467565729058,0.0091211401329964,0.6220340389772543,0.0208983153341517,1.3735958447154553,0.5926018037265925,0.7990571663235205,0.1258418287733171,0.5034063235757507,-0.0004029715682189,-0.0104412962726859,-0.0300999361995137,-0.0629195177468467,0.0245980892971338,0.8148164484591166,0.0880973461293248,1.5585177500348684,0.7898555054161135,0.1235871144840959,0.2764130472805202,81220.75
2026-05-13 08:00:00+00:00,0.5013660500823047,-0.0008877942289027,-0.0015190295748799,-0.0016578596290709,-0.0069790488576093,0.0088975443758387,0.5084475861852262,0.0207669013662514,1.1922305104205126,0.2981608254742953,-0.4390641196505031,0.1216174577148495,0.5032005303024247,-0.0004851272196785,-0.0079608237560018,-0.0275270014288907,-0.0604566467240825,0.0245765745040786,0.785462348429371,0.0887574487146811,1.49999114312516,0.7741009544060664,0.1093784928027103,0.2766624500830129,81042.85
2026-05-13 12:00:00+00:00,0.4973944550714938,-0.0007763254054004,0.0056339890300993,0.0054797795923327,0.0003042759093678,0.0087807974164259,0.1580023481831558,0.0207323268839385,0.7838921280594514,0.6151487165100986,-0.6636196803568241,0.118982752345668,0.5025837647758106,-0.0005903387678637,-0.0006653801246608,-0.0202027739034954,-0.0533884071217584,0.0246769044080567,0.7018564688531421,0.0897069300661269,1.4258204510191783,0.7681941467753224,-0.1964771828190578,0.2769157389756472,80471.5
2026-05-13 16:00:00+00:00,0.4880059357846802,-0.0017440747603473,0.0218564364927882,0.0232857659123828,0.018945430400038,0.0095858403027854,-0.5094696171275538,0.0253750549610409,-0.1082013300214195,3.124799496673773,-0.8226610450497864,0.1283037868125842,0.5010087154990623,-0.0009132481893638,0.0180181446241056,-0.0014179319363658,-0.0351201832051808,0.0251105011827864,0.4922472568493836,0.0913920424723178,1.3862765955628156,0.9414758201983884,-0.5077303284259973,0.2768783455308214,78972.99
2026-05-13 20:00:00+00:00,0.493228180119916,-0.0025836642020362,0.0097609124855746,0.0128513101086693,0.0096558802365283,0.0100499738944544,-0.0126034069389214,0.0310304480298996,5.410870214979876,2.9763941730295347,0.5498591909882231,0.1436816955005651,0.5016950990102145,-0.0012787634051292,0.0088096853284218,-0.0098876604024704,-0.0431353421497987,0.02498560585372,0.5851242916813514,0.0903862854647304,1.515700783507801,1.2240544173336656,-0.4519370880074011,0.2759635218707428,79656.42
2026-05-14 00:00:00+00:00,0.4919871829220755,-0.0029725564467455,0.0105598252402721,0.0147650742156149,0.0125008499107046,0.0100194579875779,-0.0201276107521482,0.0351895596286084,4.365319286924591,0.5165363409049677,-0.4777709000873754,0.1577446222482222,0.501411190038545,-0.0016231398074934,0.0117185734216036,-0.0065037222288142,-0.0397039154471092,0.0251582014622381,0.5471448763408765,0.0905752138628057,1.5326476945119645,1.2363055245661667,-0.4304190277938368,0.2750579508440047,79393.99
2026-05-14 04:00:00+00:00,0.4900347554966606,-0.0030607767932495,0.0134654019543805,0.0184063559197646,0.0169576620722753,0.009842867632022,-0.0788790779680711,0.0380904452621372,3.628672735137449,0.6001878928529585,-0.4931742365922322,0.1715751098849082,0.5009972335348909,-0.0019502208967853,0.0162343157078819,-0.0015577686775006,-0.0347628136209063,0.0253699741130164,0.4917891627488247,0.0908496560537026,1.5128501335096538,1.266030320289654,-0.8523765467792305,0.274163096772554,79009.6
2026-05-14 08:00:00+00:00,0.4951530943958646,-0.0027127207006006,0.0032406388182835,0.0082777537958134,0.0074371276611489,0.0099009855017223,0.1942269740128298,0.0383081090035844,3.3970438263052767,0.560536616262247,0.7067983513186501,0.1834865916120847,0.5017221979742567,-0.0021958541992756,0.006772139659777,-0.0104099954087808,-0.0431815125375869,0.0252288583850658,0.5902976070958837,0.0899828010188308,1.5851132040322102,1.32483613761241,-0.5068154658648529,0.2732788328268795,79728.12
2026-05-14 12:00:00+00:00,0.4920147494169775,-0.0024319849633488,0.0088945910939277,0.014047774813485,0.0137494906444937,0.009767177877892,0.058488021492566,0.0392676693409565,2.801282828895775,0.3417774903046413,-0.7275780707841792,0.1933944036384532,0.501163566827534,-0.0024646015746817,0.013130349626639,-0.0037199132785513,-0.0365702475301782,0.0254469918160741,0.5153778970803251,0.0904639709354799,1.4403237644608835,1.2998702866494756,-0.6776906339048502,0.2724050336784305,79203.9
2026-05-14 16:00:00+00:00,0.5071062525978729,-0.0014725959855143,-0.0186875430458682,-0.0145299167121649,-0.0147179271942033,0.0098296780202514,0.797105524239392,0.038925154337626,4.426335030524388,3.565536334754848,0.9899848492083853,0.1979767958313202,0.5034767326323939,-0.0025284109311755,-0.0152933157513748,-0.0313922062453738,-0.0632490994333229,0.0247052878375191,0.8313749810498807,0.0878969943621537,1.6641290347297832,1.4655143660828187,0.8959557319004356,0.2717764789418138,81486.91
2026-05-14 20:00:00+00:00,0.5061257103625428,0.000371682441345,-0.0145151962666647,-0.0128940666133411,-0.0138887691578799,0.0108023104640705,0.7718346887263927,0.0403313368937023,3.1631056653336,4.72599869438918,-0.0248719675175007,0.1866806266387153,0.5033875196990283,-0.0024036827282241,-0.0144888386564172,-0.0306782104955397,-0.062627036318077,0.0248650089186718,0.8228831176327538,0.0884400738470661,1.6213675080244236,1.980551862200175,0.5701898893360167,0.2720994137779948,81470.08
2026-05-15 00:00:00+00:00,0.5034986661560472,0.0013294858358871,-0.0072922227280342,-0.0072314676953137,-0.0087853661494539,0.0107548752123992,0.6501949651104237,0.0410240529060926,2.262227972953879,0.7127382754348015,-0.6359049151746784,0.1762303380033616,0.5029695773743995,-0.0023435670602902,-0.0094019811958803,-0.0256812499854836,-0.0578337335530863,0.0251498891195794,0.7651563309327131,0.0892269646840034,1.5190592135493266,2.046431764601567,0.5334444164989931,0.2724811387929085,81090.76
2026-05-15 04:00:00+00:00,0.5027408570526213,0.0017615761139368,-0.0047293670939355,-0.0056375729649491,-0.0075923376091312,0.0106530397052059,0.6456300725858066,0.03940393430989,2.164407363716905,0.4378333201038495,-0.0691574185569696,0.1655017482451415,0.5028563194149234,-0.0023047645795846,-0.0082169525984633,-0.0244819902898528,-0.0566957960790387,0.0253362689273961,0.7516141553405407,0.0895023260881238,1.5386466248213524,2.0257118242362835,0.6465068580951174,0.2728583462936828,81026.97
2026-05-15 08:00:00+00:00,0.5011396382310186,0.0015071556565745,-0.0014302531251454,-0.0023356733194785,-0.0043057054276354,0.0107620754440488,0.5876624895628935,0.0371359172142629,1.8420891041912573,0.3273574404463343,-0.3199284740718557,0.1578378436530452,0.5025638685697565,-0.0023712445439112,-0.0049198939356372,-0.0210675700710567,-0.0533561894543207,0.0255383098606523,0.7128306944115689,0.0897022426155387,1.3647457504958254,1.986082857547497,0.3621251154425702,0.2732310897427155,80771.12
2026-05-15 12:00:00+00:00,0.5003209122188115,0.0011838513571784,9.512527745614284e-05,-0.000642566389732,-0.0025437495098924,0.0106003175976752,0.5557318127476044,0.0360705828072116,1.734477524363056,0.306375912037332,-0.3316197251729846,0.1521981877095723,0.5023988281811921,-0.0024541495072785,-0.0031425150476194,-0.0191181254701366,-0.0514180474498644,0.0257013164889763,0.690824517013184,0.089762477102315,1.341454815228007,1.9809544849031264,0.4995331759769188,0.2735994219697024,80635.01
2026-05-15 16:00:00+00:00,0.4919440241745806,-2.464917411933605e-05,0.0165180727943727,0.0173524920865399,0.0161565781937587,0.0113597594615428,0.0728804593536743,0.0378110406140934,1.185537338575588,2.2255442712129203,-0.7329032258064536,0.1562829508139119,0.5008345735073981,-0.0027639728070871,0.0155993886406968,-0.0002168265154736,-0.0329734173694972,0.026347235479703,0.4788895603994478,0.0912063018894152,1.1210485782555832,1.8663158118580736,-0.6665822354881523,0.273431638778748,79118.15
2026-05-15 20:00:00+00:00,0.4926672180292997,-0.0010520426436978,0.0130261195962713,0.0154262649831378,0.0151011811274961,0.0115118934694472,0.1288392068820403,0.0396358183596916,1.7902903297831827,0.9661556885833528,0.0750844911753751,0.1649809410509334,0.5008604590297329,-0.0030710472250675,0.0146065343127759,-0.0006609795053152,-0.0331994785792424,0.0265177990993659,0.4822422368231323,0.09088009159846,1.2049873077802926,1.0951607402930967,-0.7461192082432704,0.2728599315295898,79155.35
2026-05-16 00:00:00+00:00,0.4922873471428947,-0.0017785176302249,0.0117789602953031,0.0155046535274878,0.0160489638885807,0.0111506300418942,0.1336324524335961,0.0417659267956886,1.860016378272654,0.3911656459324682,-0.396702978887484,0.1731688059847519,0.5007299414032401,-0.0033939062433942,0.0156179492379169,0.0008925491361215,-0.0314758481680466,0.0267028251823532,0.4632383664184477,0.0906873893317286,1.2290006280423098,1.015130948604534,-0.6691116117998298,0.2722949901340704,79031.89
2026-05-16 04:00:00+00:00,0.492621644176451,-0.0021086420964203,0.0094409737552145,0.0140360113548554,0.0153264460346178,0.010611675515908,0.1708060421005746,0.04347596193184,1.8099722137860697,0.4464718466836959,0.0408670931059489,0.1810084205723973,0.5007338641558113,-0.0036862226115364,0.014955079709733,0.0007719541623927,-0.0313753291052149,0.0268051153760339,0.4623355751657231,0.0902362077266086,1.2448436554999078,1.0145861098725764,-0.802262613050895,0.2717367345218825,79041.1
2026-05-16 08:00:00+00:00,0.4891033256655326,-0.0025000247310903,0.015264764380664,0.0208895234844339,0.0230432494929557,0.0104293901764292,0.0323401584803729,0.0461300375964737,1.5573148544324324,0.4389859999571993,-0.6089241049763077,0.1908233911414213,0.5000640237689461,-0.0040461409920906,0.0227358682540148,0.0090382706824165,-0.0231245145106469,0.0270899535185382,0.3689556280983706,0.0906607338184217,1.1591562155794328,1.0376784775913368,-0.8644269886070398,0.2710587003421909,78388.65
2026-05-16 12:00:00+00:00,0.4877296421113141,-0.0031943253661605,0.0160782096163609,0.0232780526013296,0.026626218341772,0.0106769284841846,0.0129090787161405,0.0500747728271962,1.5875893235719043,0.3859965137713788,-0.3993825554964944,0.2056194709228088,0.4997059440555215,-0.0044950185073679,0.0264048584839116,0.013406139096054,-0.0185725861130993,0.0273379816678669,0.3182033643489412,0.0908718379147413,1.193490964716182,1.0534788419873182,-0.8524780128357484,0.2697762331800072,78035.48
2026-05-16 16:00:00+00:00,0.4892896952909076,-0.003479380738353,0.0109748659002266,0.0192641783222373,0.0236847247324845,0.0104651892909931,0.1084057254536168,0.0524972236029166,1.6647915311050296,0.3349900766736979,0.2763299301450645,0.2198021104533307,0.4998562496855275,-0.004900677298968,0.0235481650294204,0.0113253275187792,-0.0202585956009767,0.0273059577045213,0.3385656797803826,0.0907151959620235,1.257906151860506,0.6509877057798605,-0.4861815310448017,0.2683342311635905,78179.48
2026-05-16 20:00:00+00:00,0.4900874282739363,-0.0032654445721963,0.0082456057528745,0.016915945413594,0.0221305832560312,0.0101023499327218,0.159135260865391,0.0532811032157173,1.6427609201118236,0.2578804712192161,0.2046559966743291,0.2312188679887723,0.4999075551201124,-0.0052431032583255,0.0220652324922703,0.0105179568596656,-0.0207375515016075,0.0272365453092835,0.3451840535168189,0.090601670562577,1.2757059434820903,0.488901210455263,-0.5890583381540465,0.2669092944801824,78228.71
2026-05-17 00:00:00+00:00,0.4898408381142648,-0.0029270156178104,0.0076288401815647,0.016446235834457,0.0223499887003471,0.00958055215954,0.1712947880107385,0.0554386715084486,1.604436059587231,0.2224564245830733,-0.4105422717715933,0.2418672367835816,0.4998212531089031,-0.0055683254953013,0.0223508547470232,0.0114338451625748,-0.0195491657269809,0.0271813626197937,0.3330381496959613,0.0906478488006099,1.2877386993833888,0.4477718840742466,-0.5639609171874044,0.2655012211705709,78144.75
2026-05-17 04:00:00+00:00,0.4893832566710838,-0.002740102719205,0.0077311401786956,0.0168573122584994,0.023516191501034,0.0093461497239954,0.1663116803362635,0.0583162579041268,1.547809838446787,0.3285722580642351,-0.3105195003046819,0.2542404573990303,0.4996556266788265,-0.0059198572605575,0.0235876818055271,0.0133308386243966,-0.017384747665357,0.0271498139718665,0.3104682330188566,0.0909120868950658,1.2883053649921594,0.412057673198095,-0.7162269967683986,0.2641098116656246,77981.7
2026-05-17 08:00:00+00:00,0.4907338667127308,-0.0022722119039574,0.0046740687255648,0.0136212832928084,0.020794494350611,0.009107762110512,0.2218500986997279,0.0602373247359421,1.585973192168397,0.1480574867141527,0.4562923042376176,0.264735567502493,0.4998048272008423,-0.0061928469372574,0.0209256686776448,0.0113013901562346,-0.0190478413891573,0.0269675044231526,0.3312038128963984,0.0908375063691197,1.3284435943632351,0.3448189112250828,-0.2993588076309793,0.2627348687580089,78123.93
2026-05-17 12:00:00+00:00,0.4930449687340716,-0.0016560049577193,0.0006774998998553,0.0091183191375536,0.0166110585438608,0.0088116891651754,0.2955505635001931,0.0614837482922447,1.555768322897683,0.2063779194618461,0.4618273060658876,0.2706353568453943,0.5000813576961051,-0.0064055470688148,0.0167919517714578,0.0077509728463724,-0.0222059345641619,0.0266846246057785,0.3694948674568882,0.0906665057481661,1.348852776246653,0.2984854738364381,0.3959686954563349,0.2614484970279421,78387.13
2026-05-17 16:00:00+00:00,0.4910695179291249,-0.0012241034926514,0.0044036409572247,0.0125187362365244,0.0203759237545924,0.0087788486068375,0.2440216417054836,0.0630930548029793,1.492642647837633,0.2419656130601556,-0.4927015050048862,0.2738901521188227,0.499716991929773,-0.0066617397149063,0.0206069547974825,0.0120765472318196,-0.0177166940406925,0.0266210836386176,0.3197393534091376,0.0909292723318141,1.3438386446673334,0.2680595632660877,-0.1580429029896861,0.2602706663678137,78039.13
2026-05-17 20:00:00+00:00,0.4942111012992198,-0.0008327105892794,-0.0009068580506338,0.0068133082039005,0.0149272694912236,0.0085843510148383,0.3356626128725068,0.0640432449647373,1.50668961887466,0.3225480859491803,0.5827271244495199,0.2775832458170539,0.5000989067268815,-0.0068459759181717,0.0152043354823068,0.0072526610805678,-0.0221046865942938,0.0263192953403903,0.3700006949453757,0.0904189368206199,1.3582779556471287,0.2679285353759367,0.1919036090310204,0.2591067747120791,78399.13
2026-05-18 00:00:00+00:00,0.487856933403425,-0.0005653266685284,0.0115058524306277,0.0190307979842936,0.0275201960361812,0.0087362835536944,0.1536852032326427,0.0649155205213497,1.4434065275840309,0.947524096973878,-0.5717894311407532,0.278543262134576,0.4990310099132522,-0.007141920574191,0.0278466032839899,0.0203265528957379,-0.0091124052119867,0.026499954710254,0.2244168924004823,0.0912794889574683,1.3482564854271817,0.3767448890712773,-0.4029876717673968,0.2578733104213998,77380.51
2026-05-18 04:00:00+00:00,0.486236906006417,-0.001276700558734,0.0142564013883277,0.0229957440707944,0.0324739434566081,0.0095323541295922,0.0898686710891442,0.0626546622006688,1.1827329873597028,1.0013715318848515,-0.6474186478763815,0.2883913965549622,0.4985642461368411,-0.0075756180204198,0.0328849345866171,0.0261283548195125,-0.0030571493474569,0.026638189730695,0.1576775255673902,0.0917531221133224,1.3137681941556167,0.4428092253912489,-0.559308912683012,0.2558167408805326,76912.42
2026-05-18 08:00:00+00:00,0.4881322929926051,-0.0016328544948766,0.0095658886364373,0.0190791750087107,0.0293734720897285,0.0093362097428502,0.1450535553016405,0.0591416079394055,1.2219132741096457,0.7356663677531159,0.2594018075980388,0.2980320081275808,0.4987224913117159,-0.0079301985780933,0.0298622650113076,0.0239077850972702,-0.0047921305488293,0.0265788896259256,0.177615527016976,0.0917228611868588,1.3269400950096504,0.4967431740771584,-0.5294847065307202,0.2537272347528599,77047.89
2026-05-18 12:00:00+00:00,0.4905865921859067,-0.0016822615489206,0.0041973200289953,0.0140805467996962,0.0250310315692816,0.009177063791101,0.2190928523688141,0.0537301220437999,1.1854331533444145,0.9773765527778552,0.3119893190921329,0.305433729199499,0.4989829476007658,-0.0082379538883072,0.0255900556300934,0.0204036289372699,-0.0077834650808952,0.0264927989967019,0.2108059259524154,0.091469276452325,1.3228644568918575,0.5655366435314318,-0.5594401348048499,0.2516071249466652,77281.57
2026-05-18 16:00:00+00:00,0.485625387219544,-0.0016675951474477,0.0156016717470355,0.0258567615616778,0.0375649309790828,0.0098600996403882,-0.0189155750538174,0.0504564318839926,0.8505574577691689,5.261983018018858,-0.5787234522761664,0.3048534615883202,0.4979521632612877,-0.0086616128885811,0.0381999288500651,0.0336813450971427,0.005546544152011,0.02685808021105,0.0661365922797528,0.092722467530515,1.2755761462887834,1.134445771114083,-0.7241940722695909,0.2493570014412955,76258.17
2026-05-18 20:00:00+00:00,0.4910095575167817,-0.0017205045954187,0.0041901655044767,0.0147852000346662,0.0271078985563881,0.0101208783602154,0.1819489465224795,0.0455910503743044,1.0751003514547173,2.337241062737562,0.7596738824852332,0.3061879574222906,0.4986792871699919,-0.0089298938015598,0.0278123081349783,0.0241246469989,-0.0033001984002445,0.0266860634622331,0.1614816590217306,0.0918722359209264,1.2952973343689675,1.404951637354306,-0.5949776695087322,0.2468299904920594,76933.7
2026-05-19 00:00:00+00:00,0.4917773066075128,-0.0011164908762526,0.002947920213465,0.0129511717594357,0.0255107741284592,0.0102814078675502,0.2122682355547865,0.0426048216395358,1.2957488299719848,0.818908080446252,0.0760901110063058,0.3007782449009402,0.4987356448647522,-0.0091395156283248,0.0262644447138358,0.0231953873351389,-0.0038191717011453,0.0266958609294289,0.1637667559650297,0.0911347969132619,1.384792101484938,1.3557743375660318,-0.2275825490328824,0.2443328853840592,76975.83
2026-05-19 04:00:00+00:00,0.4906173308961908,-0.0007516582774998,0.0058783115506551,0.0155545273952888,0.0284418217239734,0.0103093029700939,0.1468427821679912,0.0414900987051606,1.126146811795439,0.7145498992600681,-0.3227591255018835,0.2958547083320261,0.4984447619683715,-0.0093946552425145,0.0292494600432942,0.0267999746973635,8.927155958815547e-05,0.0267566283443486,0.1186412029375653,0.0910863992929601,1.2841394782672095,1.3134365382638271,-0.1334044281941866,0.2418653321974431,76675.99
2026-05-19 08:00:00+00:00,0.4939974917595131,-0.0002715576208277,-0.0008973111921912,0.0081330469951903,0.0210766842981415,0.0100914532595769,0.32381713877723,0.039532063920903,1.0662059666045822,0.4281681702808343,0.7381944444444309,0.2917727029181106,0.4989506833365429,-0.0095119784348533,0.0219219813929298,0.0200622580858902,-0.006091654938182,0.0265478969743177,0.1850846312205981,0.0901321232477988,1.256045057593478,1.2834070115177123,0.0600638725257843,0.2394269812008147,77154.34
2026-05-19 12:00:00+00:00,0.4910801835393881,6.644407461959836e-05,0.0056441545793042,0.0142461782786154,0.0273960132450259,0.0100377476628473,0.1583282186309753,0.0372171024191919,0.9512279417404292,0.5796077744484028,-0.8004762391713994,0.2847509088287502,0.4983988821309044,-0.0097432491194311,0.0282880047184068,0.026979501491219,0.0010326787959806,0.0266951502393178,0.1058317578187813,0.0906998716410296,1.1601697086173344,1.2458729450455222,-0.3822420836436696,0.2370174868016634,76606.39
2026-05-19 16:00:00+00:00,0.4910011909071327,0.0001269586479284,0.0064483515501916,0.0149286587470049,0.0283340443554704,0.010002069635849,0.1299934369233584,0.0358772638337155,0.9345445487720494,2.389179896267972,-0.1581787883674711,0.28097164296893,0.498270213079369,-0.0099516238841321,0.0292739715628158,0.0285705020527295,0.0029925632761795,0.0266562143276095,0.0862338554546141,0.0911929260886199,1.1400192937433438,0.9263976176572684,0.1535811817278976,0.2346365074973837,76456.12
2026-05-19 20:00:00+00:00,0.4934561621185453,0.0004254327198828,0.0016749931493154,0.0096211976483835,0.0230130026343799,0.0100316192350121,0.2735450493022926,0.0357086781693766,1.175644459654575,1.3761918654363945,0.4745000436643239,0.2800666578855836,0.4986221566000396,-0.0100423377119227,0.0239843047871841,0.0238159946742835,-0.0012602495903091,0.0264275797588387,0.1353487489585169,0.0911862794258287,1.1792180609941956,0.7771437338371217,-0.1177305734856002,0.2322837058268737,76782.13
2026-05-20 00:00:00+00:00,0.4934337889931357,0.0007373498566495,0.0020285628213798,0.0093931563708171,0.0227398464254018,0.0097163311556302,0.2773693748515043,0.0355208461913998,1.3635717590237442,0.6195216280492976,-0.0484816196057634,0.2789681365260731,0.498584610855632,-0.01014641433311,0.0237405060770894,0.0240570714221972,-0.0006565864148786,0.0263295596383372,0.1266595305674271,0.0908575902197078,1.2281544969644205,0.7487328377231539,-0.1608350918570096,0.229968378334832,76736.65
2026-05-20 04:00:00+00:00,0.4938601603376081,0.0008330142723863,0.001516717474328,0.0085669105407188,0.0219407675417278,0.0094963395335308,0.2981027367557874,0.0347781912714766,1.1638885482581902,0.8041381498609155,-0.0252852666076417,0.2797368718372626,0.4985914354691871,-0.0102600650714368,0.0229735321247723,0.0237999711887859,-0.0005226122203439,0.0262065153088387,0.1202382278828295,0.0900010354695362,1.156442620822341,0.769732414432833,0.0034292342217417,0.2276708215098757,76726.07
2026-05-20 08:00:00+00:00,0.4970949241437836,0.0013548594197703,-0.0040860170135863,0.0019434471795982,0.014920328847279,0.0093921613677552,0.4989536119446285,0.0328446025432631,1.206995452502993,0.7765947730316716,0.5949585678257608,0.2748019789641218,0.4990970829707917,-0.010207220820672,0.0159588287268386,0.0171463297567544,-0.0066896415587196,0.0259245454622906,0.1852703817804459,0.088612589514407,1.180297201206344,0.8276593235856042,0.0261394501984886,0.2254357686032169,77204.97
2026-05-20 12:00:00+00:00,0.4977143263764189,0.0019779849065588,-0.0039221670240221,0.0008550801060918,0.0132889901045125,0.0092370941590015,0.5461366766441996,0.0316475625806856,1.2828990407931415,0.5802149763843263,0.1873918685120946,0.2642033448081485,0.499192077583958,-0.0101344536935887,0.0143244767798176,0.0157727418416371,-0.0077434616261751,0.0258156305381139,0.1923880074703996,0.0874486983809443,1.2180037140689255,0.8436419111714291,0.4270750559849664,0.2234336931701952,77291.62
2026-05-20 16:00:00+00:00,0.4986485224385257,0.0023105203661893,-0.0044933714022507,-0.0006553735832466,0.0112823469235676,0.0092166317706829,0.615589955822909,0.0297822820571967,1.4060627400799095,2.281829270885044,0.1169990887921413,0.2554822930478557,0.4993248616182008,-0.0100574496050117,0.01231460360793,0.0140188759309074,-0.00916894974436,0.0257077314194148,0.203977955708986,0.0862409550550789,1.2241606591559624,0.885709767929302,0.6561130385587967,0.2215629153556,77407.18
2026-05-20 20:00:00+00:00,0.4996402780200925,0.0025245899630149,-0.0054587025914751,-0.0024414792859966,0.008986169707311,0.0093693265274151,0.7153588391913612,0.0269662296747098,1.6747120868612937,1.37675734359388,0.1944093059069604,0.247873859150821,0.4994793231881928,-0.0099612154368622,0.0100119395524924,0.0119452654986609,-0.0109165581651639,0.0255641184716389,0.220795697634834,0.0852243402020698,1.2655679946567773,0.9293339467768924,0.5869882661646079,0.2198038311178369,77548.57
2026-05-21 00:00:00+00:00,0.4990136640756106,0.0026671491239491,-0.0032112908241198,-0.0009368265954182,0.0099856266248776,0.0092156980595392,0.7006859051179093,0.0243285820956609,1.6604792995959106,0.6173389645044213,-0.1948530753787326,0.2408938210341792,0.499374394968845,-0.0098746890179107,0.011004042614668,0.013137168158283,-0.0094860225398825,0.0255025968711537,0.2006198366893463,0.0846052463963583,1.2507751061243688,0.951845227812202,0.5226411877636024,0.2180655647138668,77441.73
2026-05-21 04:00:00+00:00,0.502667842602714,0.003017438572189,-0.0090330601770327,-0.007884217360241,0.0022210570244087,0.0092129711255474,1.0490136692965704,0.022796317010905,1.8082199679341635,0.6487546423572953,0.8887875471239148,0.2299903194463452,0.4999849783497638,-0.0096282334721336,0.0032089231228802,0.0054137775455298,-0.0168177317500854,0.0252431270019808,0.2857333371777457,0.0830690280802133,1.3081718056984672,0.9536554721158425,0.8650519721485064,0.2165439686815176,78026.84
2026-05-21 08:00:00+00:00,0.5013977337685909,0.0030593998727714,-0.005518414191843,-0.0050534736323761,0.0044566380066675,0.0090626227387584,0.989567123196467,0.0210160765256612,1.88480734437922,0.7957911453886565,-0.2858851853513289,0.2198623556133865,0.4997889112407631,-0.0094954615231103,0.0054274171813673,0.0077422732707896,-0.0143142210585344,0.0252111553869477,0.2518294037547207,0.0823967277800207,1.3380676189561411,0.9831740370833318,0.4818657600183417,0.2151042106858031,77835.66
2026-05-21 12:00:00+00:00,0.4969062479250746,0.0027953197172505,0.0037531044153145,0.0040142127171427,0.013168177826289,0.0092639242978013,0.5453148073540081,0.0222039562052339,1.667506198263068,0.7663921153180422,-0.6463513475745615,0.2140026596732988,0.4990708869544722,-0.0094605942196753,0.014135631267113,0.016624471451343,-0.0053776782625062,0.0253406162476713,0.1409149004494826,0.0827166080412214,1.2618532716008692,1.0305586870765782,-0.1127057353793327,0.213697145701828,77141.86
2026-05-21 16:00:00+00:00,0.4978193883210262,0.0020942945693002,0.0015904487248588,0.0023486689111598,0.0113937602463065,0.0093668824636698,0.5946288635951557,0.0221069534598184,1.7940758618936283,1.2807713440509398,0.1315618006175886,0.2146228406008454,0.4991830536362062,-0.0094157241569286,0.0123653561777568,0.0151242849319466,-0.0065448949153209,0.0252298471179269,0.1557670075335195,0.0826645642494243,1.2592603288665,0.9167839681976528,-0.114603963686141,0.2122072560116487,77234.74
